/*
 Navicat Premium Data Transfer

 Source Server         : 本地连接
 Source Server Type    : MySQL
 Source Server Version : 50545
 Source Host           : localhost:3306
 Source Schema         : blog

 Target Server Type    : MySQL
 Target Server Version : 50545
 File Encoding         : 65001

 Date: 21/08/2019 16:18:11
*/

SET NAMES utf8mb4;
SET FOREIGN_KEY_CHECKS = 0;

-- ----------------------------
-- Table structure for admin_log
-- ----------------------------
DROP TABLE IF EXISTS `admin_log`;
CREATE TABLE `admin_log`  (
  `id` bigint(20) NOT NULL AUTO_INCREMENT,
  `admin_id` bigint(20) DEFAULT NULL,
  `ip` varchar(32) CHARACTER SET utf8 COLLATE utf8_general_ci NOT NULL,
  `area` varchar(64) CHARACTER SET utf8 COLLATE utf8_general_ci NOT NULL,
  `url` varchar(255) CHARACTER SET utf8 COLLATE utf8_general_ci NOT NULL,
  `type` varchar(10) CHARACTER SET utf8 COLLATE utf8_general_ci NOT NULL,
  `request` text CHARACTER SET utf8 COLLATE utf8_general_ci NOT NULL,
  `remark` text CHARACTER SET utf8 COLLATE utf8_general_ci,
  `created_at` datetime DEFAULT NULL,
  `updated_at` datetime DEFAULT NULL,
  PRIMARY KEY (`id`) USING BTREE
) ENGINE = InnoDB AUTO_INCREMENT = 472 CHARACTER SET = utf8 COLLATE = utf8_general_ci ROW_FORMAT = Compact;

-- ----------------------------
-- Records of admin_log
-- ----------------------------
INSERT INTO `admin_log` VALUES (1, 1, '::1', '', 'app/controllers/background.GetIndex', 'GET', 'null', '', '2018-10-15 21:33:00', '2018-10-15 21:33:00');
INSERT INTO `admin_log` VALUES (2, 1, '::1', '', 'app/controllers/background.GetCenter', 'GET', 'null', '', '2018-10-15 21:33:00', '2018-10-15 21:33:00');
INSERT INTO `admin_log` VALUES (3, 1, '::1', '', 'app/controllers/background.GetIndex', 'GET', 'null', '', '2018-10-16 08:58:48', '2018-10-16 08:58:48');
INSERT INTO `admin_log` VALUES (4, 1, '::1', '', 'app/controllers/background.GetCenter', 'GET', 'null', '', '2018-10-16 08:58:48', '2018-10-16 08:58:48');
INSERT INTO `admin_log` VALUES (5, 1, '::1', '', 'app/controllers/background.GetArticleList', 'GET', 'null', '', '2018-10-16 08:58:51', '2018-10-16 08:58:51');
INSERT INTO `admin_log` VALUES (6, 1, '::1', '', '/admin/role/edit/4', 'POST', 'null', '', '2018-10-22 19:52:24', '2018-10-22 19:52:24');
INSERT INTO `admin_log` VALUES (7, 1, '::1', '', '/admin/permission/create', 'POST', 'null', '', '2018-10-22 19:53:32', '2018-10-22 19:53:32');
INSERT INTO `admin_log` VALUES (8, 1, '::1', '', '/admin/permission/edit/4', 'POST', 'null', '', '2018-10-22 19:54:48', '2018-10-22 19:54:48');
INSERT INTO `admin_log` VALUES (9, 1, '::1', '', '/admin/role/edit/4', 'POST', 'null', '', '2018-10-22 19:54:55', '2018-10-22 19:54:55');
INSERT INTO `admin_log` VALUES (10, 1, '::1', '', '/admin/article/edit/1', 'POST', 'null', '', '2018-10-23 21:06:47', '2018-10-23 21:06:47');
INSERT INTO `admin_log` VALUES (11, 1, '::1', '', '/admin/article/edit/12', 'POST', 'null', '', '2018-10-23 21:16:14', '2018-10-23 21:16:14');
INSERT INTO `admin_log` VALUES (12, 1, '::1', '', '/admin/upload/image', 'POST', 'null', '', '2018-11-17 14:59:47', '2018-11-17 14:59:47');
INSERT INTO `admin_log` VALUES (13, 1, '::1', '', '/admin/article/edit/12', 'POST', 'null', '', '2018-11-17 14:59:49', '2018-11-17 14:59:49');
INSERT INTO `admin_log` VALUES (14, 1, '::1', '', '/admin/picture/create', 'POST', 'null', '', '2018-11-19 09:37:29', '2018-11-19 09:37:29');
INSERT INTO `admin_log` VALUES (15, 1, '::1', '', '/admin/picture/create', 'POST', 'null', '', '2018-11-19 09:37:30', '2018-11-19 09:37:30');
INSERT INTO `admin_log` VALUES (16, 1, '::1', '', '/admin/picture/create', 'POST', 'null', '', '2018-11-19 09:37:31', '2018-11-19 09:37:31');
INSERT INTO `admin_log` VALUES (17, 1, '::1', '', '/admin/picture/create', 'POST', 'null', '', '2018-11-19 09:37:31', '2018-11-19 09:37:31');
INSERT INTO `admin_log` VALUES (18, 1, '::1', '', '/admin/picture/create', 'POST', 'null', '', '2018-11-19 09:37:32', '2018-11-19 09:37:32');
INSERT INTO `admin_log` VALUES (19, 1, '::1', '', '/admin/picture/create', 'POST', 'null', '', '2018-11-19 09:37:33', '2018-11-19 09:37:33');
INSERT INTO `admin_log` VALUES (20, 1, '::1', '', '/admin/picture/create', 'POST', 'null', '', '2018-11-19 09:42:18', '2018-11-19 09:42:18');
INSERT INTO `admin_log` VALUES (21, 1, '::1', '', '/admin/picture/create', 'POST', 'null', '', '2018-11-19 09:42:21', '2018-11-19 09:42:21');
INSERT INTO `admin_log` VALUES (22, 1, '::1', '', '/admin/picture/create', 'POST', 'null', '', '2018-11-19 09:43:28', '2018-11-19 09:43:28');
INSERT INTO `admin_log` VALUES (23, 1, '::1', '', '/admin/picture/create', 'POST', 'null', '', '2018-11-19 09:43:47', '2018-11-19 09:43:47');
INSERT INTO `admin_log` VALUES (24, 1, '::1', '', '/admin/upload/image', 'POST', 'null', '', '2018-11-19 10:34:54', '2018-11-19 10:34:54');
INSERT INTO `admin_log` VALUES (25, 1, '::1', '', '/admin/upload/image', 'POST', 'null', '', '2018-11-19 10:34:54', '2018-11-19 10:34:54');
INSERT INTO `admin_log` VALUES (26, 1, '::1', '', '/admin/picture/create', 'POST', 'null', '', '2018-11-19 10:34:56', '2018-11-19 10:34:56');
INSERT INTO `admin_log` VALUES (27, 1, '::1', '', '/admin/picture/create', 'POST', 'null', '', '2018-11-19 10:35:38', '2018-11-19 10:35:38');
INSERT INTO `admin_log` VALUES (28, 1, '::1', '', '/admin/picture/create', 'POST', 'null', '', '2018-11-19 10:38:54', '2018-11-19 10:38:54');
INSERT INTO `admin_log` VALUES (29, 1, '::1', '', '/admin/upload/image', 'POST', 'null', '', '2018-11-19 10:39:16', '2018-11-19 10:39:16');
INSERT INTO `admin_log` VALUES (30, 1, '::1', '', '/admin/upload/image', 'POST', 'null', '', '2018-11-19 10:39:16', '2018-11-19 10:39:16');
INSERT INTO `admin_log` VALUES (31, 1, '::1', '', '/admin/picture/create', 'POST', 'null', '', '2018-11-19 10:39:19', '2018-11-19 10:39:19');
INSERT INTO `admin_log` VALUES (32, 1, '::1', '', '/admin/upload/image', 'POST', 'null', '', '2018-11-19 10:42:01', '2018-11-19 10:42:01');
INSERT INTO `admin_log` VALUES (33, 1, '::1', '', '/admin/upload/image', 'POST', 'null', '', '2018-11-19 10:42:01', '2018-11-19 10:42:01');
INSERT INTO `admin_log` VALUES (34, 1, '::1', '', '/admin/picture/create', 'POST', 'null', '', '2018-11-19 10:42:23', '2018-11-19 10:42:23');
INSERT INTO `admin_log` VALUES (35, 1, '::1', '', '/admin/upload/image', 'POST', 'null', '', '2018-11-19 10:46:47', '2018-11-19 10:46:47');
INSERT INTO `admin_log` VALUES (36, 1, '::1', '', '/admin/upload/image', 'POST', 'null', '', '2018-11-19 10:46:47', '2018-11-19 10:46:47');
INSERT INTO `admin_log` VALUES (37, 1, '::1', '', '/admin/picture/create', 'POST', 'null', '', '2018-11-19 10:46:54', '2018-11-19 10:46:54');
INSERT INTO `admin_log` VALUES (38, 1, '::1', '', '/admin/picture/create', 'POST', 'null', '', '2018-11-19 10:54:00', '2018-11-19 10:54:00');
INSERT INTO `admin_log` VALUES (39, 1, '::1', '', '/admin/picture/create', 'POST', 'null', '', '2018-11-19 10:54:06', '2018-11-19 10:54:06');
INSERT INTO `admin_log` VALUES (40, 1, '::1', '', '/admin/picture/create', 'POST', 'null', '', '2018-11-19 10:54:09', '2018-11-19 10:54:09');
INSERT INTO `admin_log` VALUES (41, 1, '::1', '', '/admin/upload/image', 'POST', 'null', '', '2018-11-19 10:54:23', '2018-11-19 10:54:23');
INSERT INTO `admin_log` VALUES (42, 1, '::1', '', '/admin/upload/image', 'POST', 'null', '', '2018-11-19 10:54:23', '2018-11-19 10:54:23');
INSERT INTO `admin_log` VALUES (43, 1, '::1', '', '/admin/upload/image', 'POST', 'null', '', '2018-11-19 10:59:47', '2018-11-19 10:59:47');
INSERT INTO `admin_log` VALUES (44, 1, '::1', '', '/admin/upload/image', 'POST', 'null', '', '2018-11-19 10:59:47', '2018-11-19 10:59:47');
INSERT INTO `admin_log` VALUES (45, 1, '::1', '', '/admin/upload/image', 'POST', 'null', '', '2018-11-19 11:03:28', '2018-11-19 11:03:28');
INSERT INTO `admin_log` VALUES (46, 1, '::1', '', '/admin/upload/image', 'POST', 'null', '', '2018-11-19 11:03:28', '2018-11-19 11:03:28');
INSERT INTO `admin_log` VALUES (47, 1, '::1', '', '/admin/upload/image', 'POST', 'null', '', '2018-11-19 11:06:25', '2018-11-19 11:06:25');
INSERT INTO `admin_log` VALUES (48, 1, '::1', '', '/admin/upload/image', 'POST', 'null', '', '2018-11-19 11:06:30', '2018-11-19 11:06:30');
INSERT INTO `admin_log` VALUES (49, 1, '::1', '', '/admin/upload/image', 'POST', 'null', '', '2018-11-19 11:06:30', '2018-11-19 11:06:30');
INSERT INTO `admin_log` VALUES (50, 1, '::1', '', '/admin/picture/create', 'POST', 'null', '', '2018-11-19 11:06:35', '2018-11-19 11:06:35');
INSERT INTO `admin_log` VALUES (51, 1, '::1', '', '/admin/picture/create', 'POST', 'null', '', '2018-11-19 11:07:36', '2018-11-19 11:07:36');
INSERT INTO `admin_log` VALUES (52, 1, '::1', '', '/admin/picture/edit/1', 'POST', 'null', '', '2018-11-19 17:41:44', '2018-11-19 17:41:44');
INSERT INTO `admin_log` VALUES (53, 1, '::1', '', '/admin/picture/edit/1', 'POST', 'null', '', '2018-11-19 17:44:30', '2018-11-19 17:44:30');
INSERT INTO `admin_log` VALUES (54, 1, '::1', '', '/admin/picture/edit/1', 'POST', 'null', '', '2018-11-19 17:45:07', '2018-11-19 17:45:07');
INSERT INTO `admin_log` VALUES (55, 1, '::1', '', '/admin/picture/edit/1', 'POST', 'null', '', '2018-11-19 17:47:24', '2018-11-19 17:47:24');
INSERT INTO `admin_log` VALUES (56, 1, '::1', '', '/admin/picture/edit/1', 'POST', 'null', '', '2018-11-19 17:47:44', '2018-11-19 17:47:44');
INSERT INTO `admin_log` VALUES (57, 1, '::1', '', '/admin/picture/edit/1', 'POST', 'null', '', '2018-11-19 17:47:51', '2018-11-19 17:47:51');
INSERT INTO `admin_log` VALUES (58, 1, '::1', '', '/admin/picture/edit/1', 'POST', 'null', '', '2018-11-19 17:48:21', '2018-11-19 17:48:21');
INSERT INTO `admin_log` VALUES (59, 1, '::1', '', '/admin/picture/edit/1', 'POST', 'null', '', '2018-11-19 17:50:37', '2018-11-19 17:50:37');
INSERT INTO `admin_log` VALUES (60, 1, '::1', '', '/admin/picture/edit/1', 'POST', 'null', '', '2018-11-19 17:50:51', '2018-11-19 17:50:51');
INSERT INTO `admin_log` VALUES (61, 1, '::1', '', '/admin/picture/edit/1', 'POST', 'null', '', '2018-11-19 17:52:54', '2018-11-19 17:52:54');
INSERT INTO `admin_log` VALUES (62, 1, '::1', '', '/admin/picture/edit/1', 'POST', 'null', '', '2018-11-19 17:53:33', '2018-11-19 17:53:33');
INSERT INTO `admin_log` VALUES (63, 1, '::1', '', '/admin/picture/edit/1', 'POST', 'null', '', '2018-11-19 17:53:37', '2018-11-19 17:53:37');
INSERT INTO `admin_log` VALUES (64, 1, '::1', '', '/admin/picture/edit/1', 'POST', 'null', '', '2018-11-19 17:55:42', '2018-11-19 17:55:42');
INSERT INTO `admin_log` VALUES (65, 1, '::1', '', '/admin/picture/edit/1', 'POST', 'null', '', '2018-11-19 17:55:57', '2018-11-19 17:55:57');
INSERT INTO `admin_log` VALUES (66, 1, '::1', '', '/admin/upload/image', 'POST', 'null', '', '2018-11-19 17:56:35', '2018-11-19 17:56:35');
INSERT INTO `admin_log` VALUES (67, 1, '::1', '', '/admin/upload/image', 'POST', 'null', '', '2018-11-19 17:56:41', '2018-11-19 17:56:41');
INSERT INTO `admin_log` VALUES (68, 1, '::1', '', '/admin/upload/image', 'POST', 'null', '', '2018-11-19 17:56:42', '2018-11-19 17:56:42');
INSERT INTO `admin_log` VALUES (69, 1, '::1', '', '/admin/upload/image', 'POST', 'null', '', '2018-11-19 17:56:42', '2018-11-19 17:56:42');
INSERT INTO `admin_log` VALUES (70, 1, '::1', '', '/admin/upload/image', 'POST', 'null', '', '2018-11-19 17:56:42', '2018-11-19 17:56:42');
INSERT INTO `admin_log` VALUES (71, 1, '::1', '', '/admin/picture/edit/1', 'POST', 'null', '', '2018-11-19 17:56:51', '2018-11-19 17:56:51');
INSERT INTO `admin_log` VALUES (72, 1, '::1', '', '/admin/picture/edit/1', 'POST', 'null', '', '2018-11-19 17:57:12', '2018-11-19 17:57:12');
INSERT INTO `admin_log` VALUES (73, 1, '::1', '', '/admin/picture/show/del', 'POST', 'null', '', '2018-11-19 20:52:58', '2018-11-19 20:52:58');
INSERT INTO `admin_log` VALUES (74, 1, '::1', '', '/admin/picture/show/del', 'POST', 'null', '', '2018-11-19 20:54:37', '2018-11-19 20:54:37');
INSERT INTO `admin_log` VALUES (75, 1, '::1', '', '/admin/picture/show/del', 'POST', 'null', '', '2018-11-19 20:54:59', '2018-11-19 20:54:59');
INSERT INTO `admin_log` VALUES (76, 1, '::1', '', '/admin/picture/show/del', 'POST', 'null', '', '2018-11-19 20:57:19', '2018-11-19 20:57:19');
INSERT INTO `admin_log` VALUES (77, 1, '::1', '', '/admin/picture/show/del', 'POST', 'null', '', '2018-11-19 20:57:28', '2018-11-19 20:57:28');
INSERT INTO `admin_log` VALUES (78, 1, '::1', '', '/admin/picture/show/del', 'POST', 'null', '', '2018-11-19 20:58:23', '2018-11-19 20:58:23');
INSERT INTO `admin_log` VALUES (79, 1, '::1', '', '/admin/picture/show/del', 'POST', 'null', '', '2018-11-19 21:00:18', '2018-11-19 21:00:18');
INSERT INTO `admin_log` VALUES (80, 1, '::1', '', '/admin/picture/show/del', 'POST', 'null', '', '2018-11-19 21:00:58', '2018-11-19 21:00:58');
INSERT INTO `admin_log` VALUES (81, 1, '::1', '', '/admin/picture/show/del', 'POST', 'null', '', '2018-11-19 21:02:50', '2018-11-19 21:02:50');
INSERT INTO `admin_log` VALUES (82, 1, '::1', '', '/admin/picture/show/del', 'POST', 'null', '', '2018-11-19 21:03:48', '2018-11-19 21:03:48');
INSERT INTO `admin_log` VALUES (83, 1, '::1', '', '/admin/picture/show/del', 'POST', 'null', '', '2018-11-19 21:10:46', '2018-11-19 21:10:46');
INSERT INTO `admin_log` VALUES (84, 1, '::1', '', '/admin/picture/show/del', 'POST', 'null', '', '2018-11-19 21:11:23', '2018-11-19 21:11:23');
INSERT INTO `admin_log` VALUES (85, 1, '::1', '', '/admin/picture/show/del', 'POST', 'null', '', '2018-11-19 21:12:18', '2018-11-19 21:12:18');
INSERT INTO `admin_log` VALUES (86, 1, '::1', '', '/admin/picture/show/del', 'POST', 'null', '', '2018-11-19 21:13:38', '2018-11-19 21:13:38');
INSERT INTO `admin_log` VALUES (87, 1, '::1', '', '/admin/picture/show/del', 'POST', 'null', '', '2018-11-19 21:13:47', '2018-11-19 21:13:47');
INSERT INTO `admin_log` VALUES (88, 1, '::1', '', '/admin/picture/show/del', 'POST', 'null', '', '2018-11-19 21:14:35', '2018-11-19 21:14:35');
INSERT INTO `admin_log` VALUES (89, 1, '::1', '', '/admin/picture/show/del', 'POST', 'null', '', '2018-11-19 21:17:13', '2018-11-19 21:17:13');
INSERT INTO `admin_log` VALUES (90, 1, '::1', '', '/admin/picture/show/del', 'POST', 'null', '', '2018-11-19 21:25:15', '2018-11-19 21:25:15');
INSERT INTO `admin_log` VALUES (91, 1, '::1', '', '/admin/picture/show/del', 'POST', 'null', '', '2018-11-20 08:46:33', '2018-11-20 08:46:33');
INSERT INTO `admin_log` VALUES (92, 1, '::1', '', '/admin/picture/show/del', 'POST', 'null', '', '2018-11-20 12:32:06', '2018-11-20 12:32:06');
INSERT INTO `admin_log` VALUES (93, 1, '::1', '', '/admin/picture/show/del', 'POST', 'null', '', '2018-11-20 12:38:10', '2018-11-20 12:38:10');
INSERT INTO `admin_log` VALUES (94, 1, '::1', '', '/admin/picture/show/del', 'POST', 'null', '', '2018-11-20 12:39:48', '2018-11-20 12:39:48');
INSERT INTO `admin_log` VALUES (95, 1, '::1', '', '/admin/picture/show/del', 'POST', 'null', '', '2018-11-20 12:46:47', '2018-11-20 12:46:47');
INSERT INTO `admin_log` VALUES (96, 1, '::1', '', '/admin/picture/show/del', 'POST', 'null', '', '2018-11-20 12:55:29', '2018-11-20 12:55:29');
INSERT INTO `admin_log` VALUES (97, 1, '::1', '', '/admin/picture/show/del', 'POST', 'null', '', '2018-11-20 12:57:16', '2018-11-20 12:57:16');
INSERT INTO `admin_log` VALUES (98, 1, '::1', '', '/admin/picture/show/del', 'POST', 'null', '', '2018-11-20 12:58:17', '2018-11-20 12:58:17');
INSERT INTO `admin_log` VALUES (99, 1, '::1', '', '/admin/picture/show/del', 'POST', 'null', '', '2018-11-20 12:58:42', '2018-11-20 12:58:42');
INSERT INTO `admin_log` VALUES (100, 1, '::1', '', '/admin/picture/show/del', 'POST', 'null', '', '2018-11-20 13:00:22', '2018-11-20 13:00:22');
INSERT INTO `admin_log` VALUES (101, 1, '::1', '', '/admin/picture/show/del', 'POST', 'null', '', '2018-11-20 13:00:39', '2018-11-20 13:00:39');
INSERT INTO `admin_log` VALUES (102, 1, '::1', '', '/admin/picture/show/del', 'POST', 'null', '', '2018-11-20 13:02:19', '2018-11-20 13:02:19');
INSERT INTO `admin_log` VALUES (103, 1, '::1', '', '/admin/picture/show/del', 'POST', 'null', '', '2018-11-20 13:03:14', '2018-11-20 13:03:14');
INSERT INTO `admin_log` VALUES (104, 1, '::1', '', '/admin/picture/show/del', 'POST', 'null', '', '2018-11-20 13:03:45', '2018-11-20 13:03:45');
INSERT INTO `admin_log` VALUES (105, 1, '::1', '', '/admin/picture/show/del', 'POST', 'null', '', '2018-11-20 13:04:20', '2018-11-20 13:04:20');
INSERT INTO `admin_log` VALUES (106, 1, '::1', '', '/admin/picture/show/del', 'POST', 'null', '', '2018-11-20 13:04:41', '2018-11-20 13:04:41');
INSERT INTO `admin_log` VALUES (107, 1, '::1', '', '/admin/picture/show/del', 'POST', 'null', '', '2018-11-20 14:06:22', '2018-11-20 14:06:22');
INSERT INTO `admin_log` VALUES (108, 1, '::1', '', '/admin/picture/show/del', 'POST', 'null', '', '2018-11-20 14:06:47', '2018-11-20 14:06:47');
INSERT INTO `admin_log` VALUES (109, 1, '::1', '', '/admin/picture/show/del', 'POST', 'null', '', '2018-11-20 14:06:58', '2018-11-20 14:06:58');
INSERT INTO `admin_log` VALUES (110, 1, '::1', '', '/admin/picture/show/del', 'POST', 'null', '', '2018-11-20 14:09:09', '2018-11-20 14:09:09');
INSERT INTO `admin_log` VALUES (111, 1, '::1', '', '/admin/picture/show/del', 'POST', 'null', '', '2018-11-20 14:09:53', '2018-11-20 14:09:53');
INSERT INTO `admin_log` VALUES (112, 1, '::1', '', '/admin/picture/show/del', 'POST', 'null', '', '2018-11-20 14:10:51', '2018-11-20 14:10:51');
INSERT INTO `admin_log` VALUES (113, 1, '::1', '', '/admin/picture/show/del', 'POST', 'null', '', '2018-11-20 14:11:22', '2018-11-20 14:11:22');
INSERT INTO `admin_log` VALUES (114, 1, '::1', '', '/admin/picture/show/del', 'POST', 'null', '', '2018-11-20 14:11:44', '2018-11-20 14:11:44');
INSERT INTO `admin_log` VALUES (115, 1, '::1', '', '/admin/picture/show/del', 'POST', 'null', '', '2018-11-20 14:15:04', '2018-11-20 14:15:04');
INSERT INTO `admin_log` VALUES (116, 1, '::1', '', '/admin/picture/show/del', 'POST', 'null', '', '2018-11-20 14:15:30', '2018-11-20 14:15:30');
INSERT INTO `admin_log` VALUES (117, 1, '::1', '', '/admin/picture/show/del', 'POST', 'null', '', '2018-11-20 14:16:05', '2018-11-20 14:16:05');
INSERT INTO `admin_log` VALUES (118, 1, '::1', '', '/admin/picture/show/del', 'POST', 'null', '', '2018-11-20 14:16:35', '2018-11-20 14:16:35');
INSERT INTO `admin_log` VALUES (119, 1, '::1', '', '/admin/picture/show/del', 'POST', 'null', '', '2018-11-20 14:23:37', '2018-11-20 14:23:37');
INSERT INTO `admin_log` VALUES (120, 1, '::1', '', '/admin/picture/show/del', 'POST', 'null', '', '2018-11-20 14:24:03', '2018-11-20 14:24:03');
INSERT INTO `admin_log` VALUES (121, 1, '::1', '', '/admin/picture/show/del', 'POST', 'null', '', '2018-11-20 14:24:27', '2018-11-20 14:24:27');
INSERT INTO `admin_log` VALUES (122, 1, '::1', '', '/admin/picture/show/del', 'POST', 'null', '', '2018-11-20 14:25:21', '2018-11-20 14:25:21');
INSERT INTO `admin_log` VALUES (123, 1, '::1', '', '/admin/picture/show/del', 'POST', 'null', '', '2018-11-20 14:25:52', '2018-11-20 14:25:52');
INSERT INTO `admin_log` VALUES (124, 1, '::1', '', '/admin/picture/show/del', 'POST', 'null', '', '2018-11-20 14:26:51', '2018-11-20 14:26:51');
INSERT INTO `admin_log` VALUES (125, 1, '::1', '', '/admin/picture/show/del', 'POST', 'null', '', '2018-11-20 14:34:14', '2018-11-20 14:34:14');
INSERT INTO `admin_log` VALUES (126, 1, '::1', '', '/admin/picture/show/del', 'POST', 'null', '', '2018-11-20 14:38:14', '2018-11-20 14:38:14');
INSERT INTO `admin_log` VALUES (127, 1, '::1', '', '/admin/picture/show/del', 'POST', 'null', '', '2018-11-20 14:59:30', '2018-11-20 14:59:30');
INSERT INTO `admin_log` VALUES (128, 1, '::1', '', '/admin/video/edit/2', 'POST', 'null', '', '2018-11-20 19:44:15', '2018-11-20 19:44:15');
INSERT INTO `admin_log` VALUES (129, 1, '::1', '', '/admin/video/edit/2', 'POST', 'null', '', '2018-11-20 19:44:22', '2018-11-20 19:44:22');
INSERT INTO `admin_log` VALUES (130, 1, '::1', '', '/admin/category/save', 'POST', 'null', '', '2018-11-20 19:54:07', '2018-11-20 19:54:07');
INSERT INTO `admin_log` VALUES (131, 1, '::1', '', '/admin/upload/image', 'POST', 'null', '', '2018-11-23 18:26:01', '2018-11-23 18:26:01');
INSERT INTO `admin_log` VALUES (132, 1, '::1', '', '/admin/upload/image', 'POST', 'null', '', '2018-11-23 18:26:01', '2018-11-23 18:26:01');
INSERT INTO `admin_log` VALUES (133, 1, '::1', '', '/admin/picture/edit/1', 'POST', 'null', '', '2018-11-23 18:26:02', '2018-11-23 18:26:02');
INSERT INTO `admin_log` VALUES (134, 1, '::1', '', '/admin/picture/show/del', 'POST', 'null', '', '2018-11-23 18:26:09', '2018-11-23 18:26:09');
INSERT INTO `admin_log` VALUES (135, 1, '::1', '', '/admin/member/create', 'POST', 'null', '', '2018-11-28 22:08:58', '2018-11-28 22:08:58');
INSERT INTO `admin_log` VALUES (136, 1, '::1', '', '/admin/member/edit/1', 'POST', 'null', '', '2018-11-28 22:19:05', '2018-11-28 22:19:05');
INSERT INTO `admin_log` VALUES (137, 1, '::1', '', '/admin/article/edit/12', 'POST', 'null', '', '2018-12-05 09:03:07', '2018-12-05 09:03:07');
INSERT INTO `admin_log` VALUES (138, 1, '::1', '', '/admin/member/edit/1', 'POST', 'null', '', '2018-12-05 09:18:59', '2018-12-05 09:18:59');
INSERT INTO `admin_log` VALUES (139, 1, '::1', '', '/admin/member/edit/1', 'POST', 'null', '', '2018-12-05 09:36:47', '2018-12-05 09:36:47');
INSERT INTO `admin_log` VALUES (140, 1, '::1', '', '/admin/member/edit/1', 'POST', 'null', '', '2018-12-05 09:36:51', '2018-12-05 09:36:51');
INSERT INTO `admin_log` VALUES (141, 1, '::1', '', '/admin/member/edit/1', 'POST', 'null', '', '2018-12-05 09:36:54', '2018-12-05 09:36:54');
INSERT INTO `admin_log` VALUES (142, 1, '::1', '', '/admin/upload/image', 'POST', 'null', '', '2018-12-05 09:40:33', '2018-12-05 09:40:33');
INSERT INTO `admin_log` VALUES (143, 1, '::1', '', '/admin/member/edit/1', 'POST', 'null', '', '2018-12-05 09:40:42', '2018-12-05 09:40:42');
INSERT INTO `admin_log` VALUES (144, 1, '::1', '', '/admin/upload/image', 'POST', 'null', '', '2018-12-05 09:41:59', '2018-12-05 09:41:59');
INSERT INTO `admin_log` VALUES (145, 1, '::1', '', '/admin/member/edit/1', 'POST', 'null', '', '2018-12-05 09:41:59', '2018-12-05 09:41:59');
INSERT INTO `admin_log` VALUES (146, 1, '::1', '', '/admin/member/password/edit/1', 'POST', 'null', '', '2018-12-05 10:11:39', '2018-12-05 10:11:39');
INSERT INTO `admin_log` VALUES (147, 1, '::1', '', '/admin/member/password/edit/1', 'POST', 'null', '', '2018-12-05 10:11:57', '2018-12-05 10:11:57');
INSERT INTO `admin_log` VALUES (148, 1, '::1', '', '/admin/member/password/edit/1', 'POST', 'null', '', '2018-12-05 10:13:04', '2018-12-05 10:13:04');
INSERT INTO `admin_log` VALUES (149, 1, '::1', '', '/admin/member/password/edit/1', 'POST', 'null', '', '2018-12-05 10:13:31', '2018-12-05 10:13:31');
INSERT INTO `admin_log` VALUES (150, 1, '::1', '', '/admin/member/password/edit/1', 'POST', 'null', '', '2018-12-05 10:13:41', '2018-12-05 10:13:41');
INSERT INTO `admin_log` VALUES (151, 1, '::1', '', '/admin/member/password/edit/1', 'POST', 'null', '', '2018-12-05 10:14:03', '2018-12-05 10:14:03');
INSERT INTO `admin_log` VALUES (152, 1, '::1', '', '/admin/member/password/edit/1', 'POST', 'null', '', '2018-12-05 10:14:08', '2018-12-05 10:14:08');
INSERT INTO `admin_log` VALUES (153, 1, '::1', '', '/admin/member/password/edit/1', 'POST', 'null', '', '2018-12-05 10:15:01', '2018-12-05 10:15:01');
INSERT INTO `admin_log` VALUES (154, 1, '::1', '', '/admin/member/password/edit/1', 'POST', 'null', '', '2018-12-05 10:15:05', '2018-12-05 10:15:05');
INSERT INTO `admin_log` VALUES (155, 1, '::1', '', '/admin/member/password/edit/1', 'POST', 'null', '', '2018-12-05 10:16:27', '2018-12-05 10:16:27');
INSERT INTO `admin_log` VALUES (156, 1, '::1', '', '/admin/member/password/edit/1', 'POST', 'null', '', '2018-12-05 10:16:34', '2018-12-05 10:16:34');
INSERT INTO `admin_log` VALUES (157, 1, '::1', '', '/admin/member/password/edit/1', 'POST', 'null', '', '2018-12-05 10:17:05', '2018-12-05 10:17:05');
INSERT INTO `admin_log` VALUES (158, 1, '::1', '', '/admin/upload/file', 'POST', 'null', '', '2018-12-07 14:50:56', '2018-12-07 14:50:56');
INSERT INTO `admin_log` VALUES (159, 1, '::1', '', '/admin/member/csv', 'POST', 'null', '', '2018-12-07 14:50:59', '2018-12-07 14:50:59');
INSERT INTO `admin_log` VALUES (160, 1, '::1', '', '/admin/upload/file', 'POST', 'null', '', '2018-12-07 14:51:28', '2018-12-07 14:51:28');
INSERT INTO `admin_log` VALUES (161, 1, '::1', '', '/admin/member/csv', 'POST', 'null', '', '2018-12-07 14:51:30', '2018-12-07 14:51:30');
INSERT INTO `admin_log` VALUES (162, 1, '::1', '', '/admin/upload/image', 'POST', 'null', '', '2018-12-07 17:18:55', '2018-12-07 17:18:55');
INSERT INTO `admin_log` VALUES (163, 1, '::1', '', '/admin/upload/file', 'POST', 'null', '', '2018-12-07 17:30:27', '2018-12-07 17:30:27');
INSERT INTO `admin_log` VALUES (164, 1, '::1', '', '/admin/upload/image', 'POST', 'null', '', '2019-03-16 16:54:26', '2019-03-16 16:54:26');
INSERT INTO `admin_log` VALUES (165, 1, '::1', '', '/admin/nations/create', 'POST', 'null', '', '2019-03-16 16:54:32', '2019-03-16 16:54:32');
INSERT INTO `admin_log` VALUES (166, 1, '::1', '', '/admin/nations/edit/A5zslB9i6SO93B4X68HZhEn5RucRXNV2', 'POST', 'null', '', '2019-03-16 16:54:48', '2019-03-16 16:54:48');
INSERT INTO `admin_log` VALUES (167, 1, '::1', '', '/admin/nations/edit/JhSSLJgwzDhcklyQA43LangjfQy8aHmy', 'POST', 'null', '', '2019-03-16 16:54:58', '2019-03-16 16:54:58');
INSERT INTO `admin_log` VALUES (168, 1, '::1', '', '/admin/lang/create', 'POST', 'null', '', '2019-03-16 16:55:42', '2019-03-16 16:55:42');
INSERT INTO `admin_log` VALUES (169, 1, '::1', '', '/admin/nations/edit/JhSSLJgwzDhcklyQA43LangjfQy8aHmy', 'POST', 'null', '', '2019-03-16 16:56:02', '2019-03-16 16:56:02');
INSERT INTO `admin_log` VALUES (170, 1, '::1', '', '/admin/lang/create', 'POST', 'null', '', '2019-03-16 16:56:36', '2019-03-16 16:56:36');
INSERT INTO `admin_log` VALUES (171, 1, '::1', '', '/admin/lang/del', 'POST', 'null', '', '2019-03-16 16:56:58', '2019-03-16 16:56:58');
INSERT INTO `admin_log` VALUES (172, 1, '::1', '', '/admin/nations/edit/JhSSLJgwzDhcklyQA43LangjfQy8aHmy', 'POST', 'null', '', '2019-03-16 16:57:17', '2019-03-16 16:57:17');
INSERT INTO `admin_log` VALUES (173, 1, '::1', '', '/admin/article/edit/12', 'POST', 'null', '', '2019-04-16 15:15:16', '2019-04-16 15:15:16');
INSERT INTO `admin_log` VALUES (174, 1, '::1', '', '/admin/picture/show/del', 'POST', 'null', '', '2019-04-16 15:16:02', '2019-04-16 15:16:02');
INSERT INTO `admin_log` VALUES (175, 1, '::1', '', '/admin/picture/show/del', 'POST', 'null', '', '2019-04-16 15:16:27', '2019-04-16 15:16:27');
INSERT INTO `admin_log` VALUES (176, 1, '::1', '', '/admin/picture/show/del', 'POST', 'null', '', '2019-04-16 15:16:36', '2019-04-16 15:16:36');
INSERT INTO `admin_log` VALUES (177, 1, '::1', '', '/admin/picture/edit/1', 'POST', 'null', '', '2019-04-16 15:17:24', '2019-04-16 15:17:24');
INSERT INTO `admin_log` VALUES (178, 1, '::1', '', '/admin/upload/image', 'POST', 'null', '', '2019-04-16 15:25:06', '2019-04-16 15:25:06');
INSERT INTO `admin_log` VALUES (179, 1, '::1', '', '/admin/upload/image', 'POST', 'null', '', '2019-04-16 15:25:06', '2019-04-16 15:25:06');
INSERT INTO `admin_log` VALUES (180, 1, '::1', '', '/admin/picture/edit/1', 'POST', 'null', '', '2019-04-16 15:25:08', '2019-04-16 15:25:08');
INSERT INTO `admin_log` VALUES (181, 1, '::1', '', '/admin/picture/show/del', 'POST', 'null', '', '2019-04-16 15:25:15', '2019-04-16 15:25:15');
INSERT INTO `admin_log` VALUES (182, 1, '::1', '', '/admin/picture/show/del', 'POST', 'null', '', '2019-04-16 15:33:52', '2019-04-16 15:33:52');
INSERT INTO `admin_log` VALUES (183, 1, '::1', '', '/admin/upload/image', 'POST', 'null', '', '2019-04-16 15:34:08', '2019-04-16 15:34:08');
INSERT INTO `admin_log` VALUES (184, 1, '::1', '', '/admin/upload/image', 'POST', 'null', '', '2019-04-16 15:34:08', '2019-04-16 15:34:08');
INSERT INTO `admin_log` VALUES (185, 1, '::1', '', '/admin/picture/create', 'POST', 'null', '', '2019-04-16 15:34:10', '2019-04-16 15:34:10');
INSERT INTO `admin_log` VALUES (186, 1, '::1', '', '/admin/upload/image', 'POST', 'null', '', '2019-04-16 15:34:58', '2019-04-16 15:34:58');
INSERT INTO `admin_log` VALUES (187, 1, '::1', '', '/admin/upload/image', 'POST', 'null', '', '2019-04-16 15:34:58', '2019-04-16 15:34:58');
INSERT INTO `admin_log` VALUES (188, 1, '::1', '', '/admin/picture/edit/1', 'POST', 'null', '', '2019-04-16 15:34:59', '2019-04-16 15:34:59');
INSERT INTO `admin_log` VALUES (189, 1, '::1', '', '/admin/picture/edit/2', 'POST', 'null', '', '2019-04-16 15:35:30', '2019-04-16 15:35:30');
INSERT INTO `admin_log` VALUES (190, 1, '::1', '', '/admin/upload/image', 'POST', 'null', '', '2019-04-16 15:35:44', '2019-04-16 15:35:44');
INSERT INTO `admin_log` VALUES (191, 1, '::1', '', '/admin/picture/edit/2', 'POST', 'null', '', '2019-04-16 15:35:45', '2019-04-16 15:35:45');
INSERT INTO `admin_log` VALUES (192, 1, '::1', '', '/admin/picture/show/del', 'POST', 'null', '', '2019-04-16 15:35:55', '2019-04-16 15:35:55');
INSERT INTO `admin_log` VALUES (193, 1, '::1', '', '/admin/article/edit/1', 'POST', 'null', '', '2019-04-16 17:58:55', '2019-04-16 17:58:55');
INSERT INTO `admin_log` VALUES (194, 1, '::1', '', '/admin/article/edit/1', 'POST', 'null', '', '2019-04-16 18:00:48', '2019-04-16 18:00:48');
INSERT INTO `admin_log` VALUES (195, 1, '::1', '', '/admin/article/edit/1', 'POST', 'null', '', '2019-04-17 16:34:30', '2019-04-17 16:34:30');
INSERT INTO `admin_log` VALUES (196, 1, '::1', '', '/admin/article/edit/1', 'POST', 'null', '', '2019-04-17 16:36:40', '2019-04-17 16:36:40');
INSERT INTO `admin_log` VALUES (197, 1, '::1', '', '/admin/article/edit/1', 'POST', 'null', '', '2019-04-17 16:37:00', '2019-04-17 16:37:00');
INSERT INTO `admin_log` VALUES (198, 1, '::1', '', '/admin/article/edit/1', 'POST', 'null', '', '2019-04-17 16:37:15', '2019-04-17 16:37:15');
INSERT INTO `admin_log` VALUES (199, 1, '::1', '', '/admin/article/edit/1', 'POST', 'null', '', '2019-04-17 16:37:46', '2019-04-17 16:37:46');
INSERT INTO `admin_log` VALUES (200, 1, '::1', '', '/admin/article/edit/1', 'POST', 'null', '', '2019-04-17 16:38:09', '2019-04-17 16:38:09');
INSERT INTO `admin_log` VALUES (201, 1, '::1', '', '/admin/article/edit/1', 'POST', 'null', '', '2019-04-17 16:48:09', '2019-04-17 16:48:09');
INSERT INTO `admin_log` VALUES (202, 1, '::1', '', '/admin/article/edit/1', 'POST', 'null', '', '2019-04-17 16:48:22', '2019-04-17 16:48:22');
INSERT INTO `admin_log` VALUES (203, 1, '::1', '', '/admin/picture/edit/2', 'POST', 'null', '', '2019-04-17 16:48:54', '2019-04-17 16:48:54');
INSERT INTO `admin_log` VALUES (204, 1, '::1', '', '/admin/upload/image?action=uploadimage', 'POST', 'null', '', '2019-04-29 11:28:49', '2019-04-29 11:28:49');
INSERT INTO `admin_log` VALUES (205, 1, '::1', '', '/admin/upload/image?action=uploadimage', 'POST', 'null', '', '2019-04-29 11:31:12', '2019-04-29 11:31:12');
INSERT INTO `admin_log` VALUES (206, 1, '::1', '', '/admin/upload/image?action=uploadimage', 'POST', 'null', '', '2019-04-29 11:31:52', '2019-04-29 11:31:52');
INSERT INTO `admin_log` VALUES (207, 1, '::1', '', '/admin/upload/image?action=uploadimage', 'POST', 'null', '', '2019-04-29 11:33:21', '2019-04-29 11:33:21');
INSERT INTO `admin_log` VALUES (208, 1, '::1', '', '/admin/upload/image?action=uploadimage', 'POST', 'null', '', '2019-04-29 11:33:45', '2019-04-29 11:33:45');
INSERT INTO `admin_log` VALUES (209, 1, '::1', '', '/admin/upload/image?action=uploadimage', 'POST', 'null', '', '2019-04-29 11:33:59', '2019-04-29 11:33:59');
INSERT INTO `admin_log` VALUES (210, 1, '::1', '', '/admin/upload/image?action=uploadimage', 'POST', 'null', '', '2019-04-29 11:36:11', '2019-04-29 11:36:11');
INSERT INTO `admin_log` VALUES (211, 1, '::1', '', '/admin/upload/image?action=uploadimage', 'POST', 'null', '', '2019-04-29 11:36:38', '2019-04-29 11:36:38');
INSERT INTO `admin_log` VALUES (212, 1, '::1', '', '/admin/upload/image?action=uploadimage', 'POST', 'null', '', '2019-04-29 11:39:29', '2019-04-29 11:39:29');
INSERT INTO `admin_log` VALUES (213, 1, '::1', '', '/admin/upload/image?action=uploadimage', 'POST', 'null', '', '2019-04-29 12:04:51', '2019-04-29 12:04:51');
INSERT INTO `admin_log` VALUES (214, 1, '::1', '', '/admin/upload/image?action=uploadimage', 'POST', 'null', '', '2019-04-29 12:14:05', '2019-04-29 12:14:05');
INSERT INTO `admin_log` VALUES (215, 1, '::1', '', '/admin/upload/image?action=uploadimage', 'POST', 'null', '', '2019-04-29 12:17:17', '2019-04-29 12:17:17');
INSERT INTO `admin_log` VALUES (216, 1, '::1', '', '/admin/upload/image?action=uploadimage', 'POST', 'null', '', '2019-04-29 12:18:07', '2019-04-29 12:18:07');
INSERT INTO `admin_log` VALUES (217, 1, '::1', '', '/admin/upload/image?action=uploadimage', 'POST', 'null', '', '2019-04-29 12:22:37', '2019-04-29 12:22:37');
INSERT INTO `admin_log` VALUES (218, 1, '::1', '', '/admin/upload/image?action=uploadimage', 'POST', 'null', '', '2019-04-29 12:24:43', '2019-04-29 12:24:43');
INSERT INTO `admin_log` VALUES (219, 1, '::1', '', '/admin/upload/image?action=uploadimage&encode=utf-8', 'POST', 'null', '', '2019-04-29 12:25:34', '2019-04-29 12:25:34');
INSERT INTO `admin_log` VALUES (220, 1, '::1', '', '/admin/upload/image?action=uploadimage&encode=utf-8', 'POST', 'null', '', '2019-04-29 12:25:47', '2019-04-29 12:25:47');
INSERT INTO `admin_log` VALUES (221, 1, '::1', '', '/admin/upload/image?action=uploadimage&encode=utf-8', 'POST', 'null', '', '2019-04-29 12:25:47', '2019-04-29 12:25:47');
INSERT INTO `admin_log` VALUES (222, 1, '::1', '', '/admin/upload/image?action=uploadimage', 'POST', 'null', '', '2019-04-29 12:27:18', '2019-04-29 12:27:18');
INSERT INTO `admin_log` VALUES (223, 1, '::1', '', '/admin/upload/image?action=uploadimage', 'POST', 'null', '', '2019-04-29 12:34:07', '2019-04-29 12:34:07');
INSERT INTO `admin_log` VALUES (224, 1, '::1', '', '/admin/upload/image?action=uploadimage', 'POST', 'null', '', '2019-04-29 12:38:24', '2019-04-29 12:38:24');
INSERT INTO `admin_log` VALUES (225, 1, '::1', '', '/admin/upload/image?action=uploadimage', 'POST', 'null', '', '2019-04-29 12:41:51', '2019-04-29 12:41:51');
INSERT INTO `admin_log` VALUES (226, 1, '::1', '', '/admin/upload/image?action=uploadimage', 'POST', 'null', '', '2019-04-29 12:45:14', '2019-04-29 12:45:14');
INSERT INTO `admin_log` VALUES (227, 1, '::1', '', '/admin/upload/image?action=uploadimage', 'POST', 'null', '', '2019-04-29 12:47:10', '2019-04-29 12:47:10');
INSERT INTO `admin_log` VALUES (228, 1, '::1', '', '/admin/upload/image?action=uploadimage&encode=utf-8', 'POST', 'null', '', '2019-04-29 12:47:31', '2019-04-29 12:47:31');
INSERT INTO `admin_log` VALUES (229, 1, '::1', '', '/admin/upload/image?action=uploadimage', 'POST', 'null', '', '2019-04-29 12:50:11', '2019-04-29 12:50:11');
INSERT INTO `admin_log` VALUES (230, 1, '::1', '', '/admin/upload/image?action=uploadimage', 'POST', 'null', '', '2019-04-29 12:52:23', '2019-04-29 12:52:23');
INSERT INTO `admin_log` VALUES (231, 1, '::1', '', '/admin/upload/image?action=uploadimage', 'POST', 'null', '', '2019-04-29 12:53:25', '2019-04-29 12:53:25');
INSERT INTO `admin_log` VALUES (232, 1, '::1', '', '/admin/upload/image?action=uploadimage', 'POST', 'null', '', '2019-04-29 12:53:39', '2019-04-29 12:53:39');
INSERT INTO `admin_log` VALUES (233, 1, '::1', '', '/admin/upload/image?action=uploadimage', 'POST', 'null', '', '2019-04-29 12:54:17', '2019-04-29 12:54:17');
INSERT INTO `admin_log` VALUES (234, 1, '::1', '', '/admin/upload/image?action=uploadimage', 'POST', 'null', '', '2019-04-29 12:55:25', '2019-04-29 12:55:25');
INSERT INTO `admin_log` VALUES (235, 1, '::1', '', '/admin/upload/image?action=uploadimage', 'POST', 'null', '', '2019-04-29 12:56:01', '2019-04-29 12:56:01');
INSERT INTO `admin_log` VALUES (236, 1, '::1', '', '/admin/upload/image?action=uploadimage', 'POST', 'null', '', '2019-04-29 12:56:43', '2019-04-29 12:56:43');
INSERT INTO `admin_log` VALUES (237, 1, '::1', '', '/admin/upload/image?action=uploadimage&encode=utf-8', 'POST', 'null', '', '2019-04-29 13:36:25', '2019-04-29 13:36:25');
INSERT INTO `admin_log` VALUES (238, 1, '::1', '', '/admin/upload/image?action=uploadimage&encode=utf-8', 'POST', 'null', '', '2019-04-29 13:36:25', '2019-04-29 13:36:25');
INSERT INTO `admin_log` VALUES (239, 1, '::1', '', '/admin/upload/image?action=uploadimage', 'POST', 'null', '', '2019-04-29 13:36:38', '2019-04-29 13:36:38');
INSERT INTO `admin_log` VALUES (240, 1, '::1', '', '/admin/upload/image?action=uploadimage', 'POST', 'null', '', '2019-04-29 13:36:47', '2019-04-29 13:36:47');
INSERT INTO `admin_log` VALUES (241, 1, '::1', '', '/admin/upload/image?action=uploadimage', 'POST', 'null', '', '2019-04-29 13:46:13', '2019-04-29 13:46:13');
INSERT INTO `admin_log` VALUES (242, 1, '::1', '', '/admin/upload/image?action=uploadimage', 'POST', 'null', '', '2019-04-29 13:47:02', '2019-04-29 13:47:02');
INSERT INTO `admin_log` VALUES (243, 1, '::1', '', '/admin/upload/image?action=uploadimage', 'POST', 'null', '', '2019-04-29 14:21:40', '2019-04-29 14:21:40');
INSERT INTO `admin_log` VALUES (244, 1, '::1', '', '/admin/upload/image?action=uploadimage', 'POST', 'null', '', '2019-04-29 14:25:47', '2019-04-29 14:25:47');
INSERT INTO `admin_log` VALUES (245, 1, '::1', '', '/admin/upload/image?action=uploadimage', 'POST', 'null', '', '2019-04-29 14:30:40', '2019-04-29 14:30:40');
INSERT INTO `admin_log` VALUES (246, 1, '::1', '', '/admin/upload/image?action=uploadimage', 'POST', 'null', '', '2019-04-29 14:32:11', '2019-04-29 14:32:11');
INSERT INTO `admin_log` VALUES (247, 1, '::1', '', '/admin/upload/image', 'POST', 'null', '', '2019-04-30 13:24:20', '2019-04-30 13:24:20');
INSERT INTO `admin_log` VALUES (248, 1, '::1', '', '/admin/upload/image', 'POST', 'null', '', '2019-04-30 13:26:03', '2019-04-30 13:26:03');
INSERT INTO `admin_log` VALUES (249, 1, '::1', '', '/admin/upload/image', 'POST', 'null', '', '2019-04-30 13:27:39', '2019-04-30 13:27:39');
INSERT INTO `admin_log` VALUES (250, 1, '::1', '', '/admin/upload/image', 'POST', 'null', '', '2019-04-30 13:32:12', '2019-04-30 13:32:12');
INSERT INTO `admin_log` VALUES (251, 1, '::1', '', '/admin/upload/image', 'POST', 'null', '', '2019-04-30 14:42:57', '2019-04-30 14:42:57');
INSERT INTO `admin_log` VALUES (252, 1, '::1', '', '/admin/upload/image', 'POST', 'null', '', '2019-04-30 14:48:36', '2019-04-30 14:48:36');
INSERT INTO `admin_log` VALUES (253, 1, '::1', '', '/admin/upload/image', 'POST', 'null', '', '2019-04-30 14:53:57', '2019-04-30 14:53:57');
INSERT INTO `admin_log` VALUES (254, 1, '::1', '', '/admin/upload/ueditor?action=uploadimage', 'POST', 'null', '', '2019-04-30 14:59:28', '2019-04-30 14:59:28');
INSERT INTO `admin_log` VALUES (255, 1, '::1', '', '/admin/upload/image', 'POST', 'null', '', '2019-04-30 15:00:02', '2019-04-30 15:00:02');
INSERT INTO `admin_log` VALUES (256, 1, '::1', '', '/admin/upload/image', 'POST', 'null', '', '2019-04-30 15:00:03', '2019-04-30 15:00:03');
INSERT INTO `admin_log` VALUES (257, 1, '::1', '', '/admin/upload/image', 'POST', 'null', '', '2019-04-30 15:00:03', '2019-04-30 15:00:03');
INSERT INTO `admin_log` VALUES (258, 1, '::1', '', '/admin/upload/ueditor?action=uploadimage', 'POST', 'null', '', '2019-04-30 15:00:10', '2019-04-30 15:00:10');
INSERT INTO `admin_log` VALUES (259, 1, '::1', '', '/admin/upload/ueditor?action=uploadimage', 'POST', 'null', '', '2019-04-30 15:00:20', '2019-04-30 15:00:20');
INSERT INTO `admin_log` VALUES (260, 1, '::1', '', '/admin/upload/image', 'POST', 'null', '', '2019-04-30 15:00:46', '2019-04-30 15:00:46');
INSERT INTO `admin_log` VALUES (261, 1, '::1', '', '/admin/upload/ueditor?action=uploadimage', 'POST', 'null', '', '2019-04-30 15:00:55', '2019-04-30 15:00:55');
INSERT INTO `admin_log` VALUES (262, 1, '::1', '', '/admin/upload/image', 'POST', 'null', '', '2019-04-30 15:03:00', '2019-04-30 15:03:00');
INSERT INTO `admin_log` VALUES (263, 1, '::1', '', '/admin/upload/ueditor?action=uploadimage', 'POST', 'null', '', '2019-04-30 15:03:16', '2019-04-30 15:03:16');
INSERT INTO `admin_log` VALUES (264, 1, '::1', '', '/admin/upload/ueditor?action=uploadimage&encode=utf-8', 'POST', 'null', '', '2019-04-30 15:21:37', '2019-04-30 15:21:37');
INSERT INTO `admin_log` VALUES (265, 1, '::1', '', '/admin/video/edit/2', 'POST', 'null', '', '2019-04-30 15:27:31', '2019-04-30 15:27:31');
INSERT INTO `admin_log` VALUES (266, 1, '::1', '', '/admin/article/edit/12', 'POST', 'null', '', '2019-04-30 15:30:26', '2019-04-30 15:30:26');
INSERT INTO `admin_log` VALUES (267, 1, '::1', '', '/admin/article/edit/12', 'POST', 'null', '', '2019-04-30 15:30:35', '2019-04-30 15:30:35');
INSERT INTO `admin_log` VALUES (268, 1, '::1', '', '/admin/upload/ueditor?action=uploadimage&encode=utf-8', 'POST', 'null', '', '2019-04-30 16:23:54', '2019-04-30 16:23:54');
INSERT INTO `admin_log` VALUES (269, 1, '::1', '', '/admin/upload/image', 'POST', 'null', '', '2019-05-05 10:35:05', '2019-05-05 10:35:05');
INSERT INTO `admin_log` VALUES (270, 1, '::1', '', '/admin/product/create', 'POST', 'null', '', '2019-05-05 10:35:26', '2019-05-05 10:35:26');
INSERT INTO `admin_log` VALUES (271, 1, '::1', '', '/admin/product/create', 'POST', 'null', '', '2019-05-05 10:36:09', '2019-05-05 10:36:09');
INSERT INTO `admin_log` VALUES (272, 1, '::1', '', '/admin/product/create', 'POST', 'null', '', '2019-05-05 10:44:32', '2019-05-05 10:44:32');
INSERT INTO `admin_log` VALUES (273, 1, '::1', '', '/admin/product/create', 'POST', 'null', '', '2019-05-05 10:44:42', '2019-05-05 10:44:42');
INSERT INTO `admin_log` VALUES (274, 1, '::1', '', '/admin/product/edit/1', 'POST', 'null', '', '2019-05-05 14:50:07', '2019-05-05 14:50:07');
INSERT INTO `admin_log` VALUES (275, 1, '::1', '', '/admin/product/edit/1', 'POST', 'null', '', '2019-05-05 14:51:10', '2019-05-05 14:51:10');
INSERT INTO `admin_log` VALUES (276, 1, '::1', '', '/admin/product/edit/1', 'POST', 'null', '', '2019-05-05 15:32:07', '2019-05-05 15:32:07');
INSERT INTO `admin_log` VALUES (277, 1, '::1', '', '/admin/permission/create', 'POST', 'null', '', '2019-05-10 09:34:09', '2019-05-10 09:34:09');
INSERT INTO `admin_log` VALUES (278, 1, '::1', '', '/admin/permission/edit/4', 'POST', 'null', '', '2019-05-10 09:34:40', '2019-05-10 09:34:40');
INSERT INTO `admin_log` VALUES (279, 1, '::1', '', '/admin/permission/create', 'POST', 'null', '', '2019-05-10 09:39:26', '2019-05-10 09:39:26');
INSERT INTO `admin_log` VALUES (280, 1, '::1', '', '/admin/permission/create', 'POST', 'null', '', '2019-05-10 09:41:01', '2019-05-10 09:41:01');
INSERT INTO `admin_log` VALUES (281, 1, '::1', '', '/admin/permission/create', 'POST', 'null', '', '2019-05-10 09:41:29', '2019-05-10 09:41:29');
INSERT INTO `admin_log` VALUES (282, 1, '::1', '', '/admin/permission/create', 'POST', 'null', '', '2019-05-10 09:43:23', '2019-05-10 09:43:23');
INSERT INTO `admin_log` VALUES (283, 1, '::1', '', '/admin/permission/edit/7', 'POST', 'null', '', '2019-05-10 09:43:50', '2019-05-10 09:43:50');
INSERT INTO `admin_log` VALUES (284, 1, '::1', '', '/admin/permission/create', 'POST', 'null', '', '2019-05-10 09:44:16', '2019-05-10 09:44:16');
INSERT INTO `admin_log` VALUES (285, 1, '::1', '', '/admin/permission/create', 'POST', 'null', '', '2019-05-10 09:45:03', '2019-05-10 09:45:03');
INSERT INTO `admin_log` VALUES (286, 1, '::1', '', '/admin/permission/create', 'POST', 'null', '', '2019-05-10 09:45:19', '2019-05-10 09:45:19');
INSERT INTO `admin_log` VALUES (287, 1, '::1', '', '/admin/permission/create', 'POST', 'null', '', '2019-05-10 09:47:46', '2019-05-10 09:47:46');
INSERT INTO `admin_log` VALUES (288, 1, '::1', '', '/admin/permission/create', 'POST', 'null', '', '2019-05-10 09:48:52', '2019-05-10 09:48:52');
INSERT INTO `admin_log` VALUES (289, 1, '::1', '', '/admin/permission/create', 'POST', 'null', '', '2019-05-10 09:49:09', '2019-05-10 09:49:09');
INSERT INTO `admin_log` VALUES (290, 1, '::1', '', '/admin/permission/create', 'POST', 'null', '', '2019-05-10 09:49:29', '2019-05-10 09:49:29');
INSERT INTO `admin_log` VALUES (291, 1, '::1', '', '/admin/permission/create', 'POST', 'null', '', '2019-05-10 09:50:22', '2019-05-10 09:50:22');
INSERT INTO `admin_log` VALUES (292, 1, '::1', '', '/admin/permission/create', 'POST', 'null', '', '2019-05-10 09:51:01', '2019-05-10 09:51:01');
INSERT INTO `admin_log` VALUES (293, 1, '::1', '', '/admin/permission/create', 'POST', 'null', '', '2019-05-10 09:51:33', '2019-05-10 09:51:33');
INSERT INTO `admin_log` VALUES (294, 1, '::1', '', '/admin/permission/create', 'POST', 'null', '', '2019-05-10 09:51:48', '2019-05-10 09:51:48');
INSERT INTO `admin_log` VALUES (295, 1, '::1', '', '/admin/permission/create', 'POST', 'null', '', '2019-05-10 09:52:03', '2019-05-10 09:52:03');
INSERT INTO `admin_log` VALUES (296, 1, '::1', '', '/admin/permission/create', 'POST', 'null', '', '2019-05-10 09:52:21', '2019-05-10 09:52:21');
INSERT INTO `admin_log` VALUES (297, 1, '::1', '', '/admin/permission/create', 'POST', 'null', '', '2019-05-10 09:53:49', '2019-05-10 09:53:49');
INSERT INTO `admin_log` VALUES (298, 1, '::1', '', '/admin/permission/create', 'POST', 'null', '', '2019-05-10 09:56:44', '2019-05-10 09:56:44');
INSERT INTO `admin_log` VALUES (299, 1, '::1', '', '/admin/permission/create', 'POST', 'null', '', '2019-05-10 09:56:56', '2019-05-10 09:56:56');
INSERT INTO `admin_log` VALUES (300, 1, '::1', '', '/admin/permission/create', 'POST', 'null', '', '2019-05-10 09:57:30', '2019-05-10 09:57:30');
INSERT INTO `admin_log` VALUES (301, 1, '::1', '', '/admin/permission/create', 'POST', 'null', '', '2019-05-10 09:58:05', '2019-05-10 09:58:05');
INSERT INTO `admin_log` VALUES (302, 1, '::1', '', '/admin/permission/create', 'POST', 'null', '', '2019-05-10 09:58:17', '2019-05-10 09:58:17');
INSERT INTO `admin_log` VALUES (303, 1, '::1', '', '/admin/permission/create', 'POST', 'null', '', '2019-05-10 09:58:42', '2019-05-10 09:58:42');
INSERT INTO `admin_log` VALUES (304, 1, '::1', '', '/admin/permission/create', 'POST', 'null', '', '2019-05-10 09:59:30', '2019-05-10 09:59:30');
INSERT INTO `admin_log` VALUES (305, 1, '::1', '', '/admin/permission/edit/20', 'POST', 'null', '', '2019-05-13 13:52:24', '2019-05-13 13:52:24');
INSERT INTO `admin_log` VALUES (306, 1, '::1', '', '/admin/permission/edit/21', 'POST', 'null', '', '2019-05-13 13:52:40', '2019-05-13 13:52:40');
INSERT INTO `admin_log` VALUES (307, 1, '::1', '', '/admin/permission/edit/22', 'POST', 'null', '', '2019-05-13 13:53:05', '2019-05-13 13:53:05');
INSERT INTO `admin_log` VALUES (308, 1, '::1', '', '/admin/permission/edit/4', 'POST', 'null', '', '2019-05-13 19:36:21', '2019-05-13 19:36:21');
INSERT INTO `admin_log` VALUES (309, 1, '::1', '', '/admin/permission/edit/11', 'POST', 'null', '', '2019-05-13 19:36:48', '2019-05-13 19:36:48');
INSERT INTO `admin_log` VALUES (310, 1, '::1', '', '/admin/permission/edit/12', 'POST', 'null', '', '2019-05-13 19:37:06', '2019-05-13 19:37:06');
INSERT INTO `admin_log` VALUES (311, 1, '::1', '', '/admin/permission/edit/12', 'POST', 'null', '', '2019-05-13 19:39:42', '2019-05-13 19:39:42');
INSERT INTO `admin_log` VALUES (312, 1, '::1', '', '/admin/permission/edit/3', 'POST', 'null', '', '2019-05-13 20:35:49', '2019-05-13 20:35:49');
INSERT INTO `admin_log` VALUES (313, 1, '::1', '', '/admin/permission/edit/2', 'POST', 'null', '', '2019-05-13 20:38:18', '2019-05-13 20:38:18');
INSERT INTO `admin_log` VALUES (314, 1, '::1', '', '/admin/role/edit/4', 'POST', 'null', '', '2019-05-13 20:39:40', '2019-05-13 20:39:40');
INSERT INTO `admin_log` VALUES (315, 1, '::1', '', '/admin/permission/edit/3', 'POST', 'null', '', '2019-05-14 08:39:40', '2019-05-14 08:39:40');
INSERT INTO `admin_log` VALUES (316, 1, '::1', '', '/admin/role/edit/4', 'POST', 'null', '', '2019-05-14 08:41:36', '2019-05-14 08:41:36');
INSERT INTO `admin_log` VALUES (317, 1, '::1', '', '/admin/permission/edit/4', 'POST', 'null', '', '2019-05-14 10:31:46', '2019-05-14 10:31:46');
INSERT INTO `admin_log` VALUES (318, 1, '::1', '', '/admin/permission/edit/7', 'POST', 'null', '', '2019-05-14 10:34:38', '2019-05-14 10:34:38');
INSERT INTO `admin_log` VALUES (319, 1, '::1', '', '/admin/permission/edit/9', 'POST', 'null', '', '2019-05-14 10:35:58', '2019-05-14 10:35:58');
INSERT INTO `admin_log` VALUES (320, 1, '::1', '', '/admin/permission/edit/11', 'POST', 'null', '', '2019-05-14 10:36:17', '2019-05-14 10:36:17');
INSERT INTO `admin_log` VALUES (321, 1, '::1', '', '/admin/permission/edit/11', 'POST', 'null', '', '2019-05-14 10:36:32', '2019-05-14 10:36:32');
INSERT INTO `admin_log` VALUES (322, 1, '::1', '', '/admin/permission/edit/13', 'POST', 'null', '', '2019-05-14 10:37:21', '2019-05-14 10:37:21');
INSERT INTO `admin_log` VALUES (323, 1, '::1', '', '/admin/permission/edit/13', 'POST', 'null', '', '2019-05-14 10:39:25', '2019-05-14 10:39:25');
INSERT INTO `admin_log` VALUES (324, 1, '::1', '', '/admin/permission/edit/15', 'POST', 'null', '', '2019-05-14 10:47:10', '2019-05-14 10:47:10');
INSERT INTO `admin_log` VALUES (325, 1, '::1', '', '/admin/permission/edit/16', 'POST', 'null', '', '2019-05-14 10:47:49', '2019-05-14 10:47:49');
INSERT INTO `admin_log` VALUES (326, 1, '::1', '', '/admin/permission/edit/15', 'POST', 'null', '', '2019-05-14 10:48:04', '2019-05-14 10:48:04');
INSERT INTO `admin_log` VALUES (327, 1, '::1', '', '/admin/permission/edit/18', 'POST', 'null', '', '2019-05-14 10:49:37', '2019-05-14 10:49:37');
INSERT INTO `admin_log` VALUES (328, 1, '::1', '', '/admin/permission/edit/18', 'POST', 'null', '', '2019-05-14 10:52:16', '2019-05-14 10:52:16');
INSERT INTO `admin_log` VALUES (329, 1, '::1', '', '/admin/permission/create', 'POST', 'null', '', '2019-05-14 10:55:34', '2019-05-14 10:55:34');
INSERT INTO `admin_log` VALUES (330, 1, '::1', '', '/admin/permission/edit/18', 'POST', 'null', '', '2019-05-14 10:58:11', '2019-05-14 10:58:11');
INSERT INTO `admin_log` VALUES (331, 1, '::1', '', '/admin/permission/edit/20', 'POST', 'null', '', '2019-05-14 11:07:46', '2019-05-14 11:07:46');
INSERT INTO `admin_log` VALUES (332, 1, '::1', '', '/admin/permission/edit/21', 'POST', 'null', '', '2019-05-14 11:09:14', '2019-05-14 11:09:14');
INSERT INTO `admin_log` VALUES (333, 1, '::1', '', '/admin/permission/edit/22', 'POST', 'null', '', '2019-05-14 11:10:46', '2019-05-14 11:10:46');
INSERT INTO `admin_log` VALUES (334, 1, '::1', '', '/admin/permission/create', 'POST', 'null', '', '2019-05-14 11:11:46', '2019-05-14 11:11:46');
INSERT INTO `admin_log` VALUES (335, 1, '::1', '', '/admin/permission/edit/25', 'POST', 'null', '', '2019-05-14 11:12:49', '2019-05-14 11:12:49');
INSERT INTO `admin_log` VALUES (336, 1, '::1', '', '/admin/permission/edit/26', 'POST', 'null', '', '2019-05-14 11:13:54', '2019-05-14 11:13:54');
INSERT INTO `admin_log` VALUES (337, 1, '::1', '', '/admin/permission/edit/28', 'POST', 'null', '', '2019-05-14 11:16:49', '2019-05-14 11:16:49');
INSERT INTO `admin_log` VALUES (338, 1, '::1', '', '/admin/permission/edit/29', 'POST', 'null', '', '2019-05-14 11:18:12', '2019-05-14 11:18:12');
INSERT INTO `admin_log` VALUES (339, 1, '::1', '', '/admin/permission/edit/30', 'POST', 'null', '', '2019-05-14 11:19:32', '2019-05-14 11:19:32');
INSERT INTO `admin_log` VALUES (340, 1, '::1', '', '/admin/permission/create', 'POST', 'null', '', '2019-05-14 11:19:57', '2019-05-14 11:19:57');
INSERT INTO `admin_log` VALUES (341, 1, '::1', '', '/admin/permission/edit/33', 'POST', 'null', '', '2019-05-14 11:22:19', '2019-05-14 11:22:19');
INSERT INTO `admin_log` VALUES (342, 1, '::1', '', '/admin/permission/edit/33', 'POST', 'null', '', '2019-05-14 11:23:17', '2019-05-14 11:23:17');
INSERT INTO `admin_log` VALUES (343, 1, '::1', '', '/admin/permission/edit/33', 'POST', 'null', '', '2019-05-14 11:24:02', '2019-05-14 11:24:02');
INSERT INTO `admin_log` VALUES (344, 1, '::1', '', '/admin/permission/edit/30', 'POST', 'null', '', '2019-05-14 11:31:08', '2019-05-14 11:31:08');
INSERT INTO `admin_log` VALUES (345, 1, '::1', '', '/admin/permission/edit/30', 'POST', 'null', '', '2019-05-14 11:32:43', '2019-05-14 11:32:43');
INSERT INTO `admin_log` VALUES (346, 1, '::1', '', '/admin/permission/create', 'POST', 'null', '', '2019-05-17 18:53:15', '2019-05-17 18:53:15');
INSERT INTO `admin_log` VALUES (347, 1, '::1', '', '/admin/permission/create', 'POST', 'null', '', '2019-05-17 18:53:37', '2019-05-17 18:53:37');
INSERT INTO `admin_log` VALUES (348, 1, '::1', '', '/admin/permission/edit/35', 'POST', 'null', '', '2019-05-17 18:55:33', '2019-05-17 18:55:33');
INSERT INTO `admin_log` VALUES (349, 1, '::1', '', '/admin/permission/edit/35', 'POST', 'null', '', '2019-05-17 18:57:07', '2019-05-17 18:57:07');
INSERT INTO `admin_log` VALUES (350, 1, '::1', '', '/admin/upload/ueditor?action=catchimage&', 'POST', 'null', '', '2019-05-17 20:19:06', '2019-05-17 20:19:06');
INSERT INTO `admin_log` VALUES (351, 1, '::1', '', '/admin/time_line/create', 'POST', 'null', '', '2019-05-17 20:19:17', '2019-05-17 20:19:17');
INSERT INTO `admin_log` VALUES (352, 1, '::1', '', '/admin/time_line/edit/1', 'POST', 'null', '', '2019-05-17 20:47:18', '2019-05-17 20:47:18');
INSERT INTO `admin_log` VALUES (353, 1, '::1', '', '/admin/upload/ueditor?action=catchimage&', 'POST', 'null', '', '2019-05-17 20:55:49', '2019-05-17 20:55:49');
INSERT INTO `admin_log` VALUES (354, 1, '::1', '', '/admin/time_line/create', 'POST', 'null', '', '2019-05-17 20:56:19', '2019-05-17 20:56:19');
INSERT INTO `admin_log` VALUES (355, 1, '::1', '', '/admin/time_line/edit/1', 'POST', 'null', '', '2019-05-17 20:56:30', '2019-05-17 20:56:30');
INSERT INTO `admin_log` VALUES (356, 1, '::1', '', '/admin/time_line/edit/1', 'POST', 'null', '', '2019-05-17 20:57:14', '2019-05-17 20:57:14');
INSERT INTO `admin_log` VALUES (357, 1, '::1', '', '/admin/upload/ueditor?action=catchimage&', 'POST', 'null', '', '2019-05-17 20:57:42', '2019-05-17 20:57:42');
INSERT INTO `admin_log` VALUES (358, 1, '::1', '', '/admin/time_line/edit/1', 'POST', 'null', '', '2019-05-17 20:57:55', '2019-05-17 20:57:55');
INSERT INTO `admin_log` VALUES (359, 1, '::1', '', '/admin/upload/ueditor?action=catchimage&', 'POST', 'null', '', '2019-05-17 20:59:02', '2019-05-17 20:59:02');
INSERT INTO `admin_log` VALUES (360, 1, '::1', '', '/admin/time_line/edit/1', 'POST', 'null', '', '2019-05-17 20:59:14', '2019-05-17 20:59:14');
INSERT INTO `admin_log` VALUES (361, 1, '::1', '', '/admin/time_line/create', 'POST', 'null', '', '2019-05-17 21:00:46', '2019-05-17 21:00:46');
INSERT INTO `admin_log` VALUES (362, 1, '::1', '', '/admin/time_line/edit/1', 'POST', 'null', '', '2019-05-20 13:35:20', '2019-05-20 13:35:20');
INSERT INTO `admin_log` VALUES (363, 1, '::1', '', '/admin/time_line/edit/2', 'POST', 'null', '', '2019-05-20 13:36:50', '2019-05-20 13:36:50');
INSERT INTO `admin_log` VALUES (364, 1, '::1', '', '/admin/time_line/edit/3', 'POST', 'null', '', '2019-05-20 13:37:44', '2019-05-20 13:37:44');
INSERT INTO `admin_log` VALUES (365, 1, '::1', '', '/admin/permission/create', 'POST', 'null', '', '2019-05-20 14:28:48', '2019-05-20 14:28:48');
INSERT INTO `admin_log` VALUES (366, 1, '::1', '', '/admin/permission/create', 'POST', 'null', '', '2019-05-20 14:29:32', '2019-05-20 14:29:32');
INSERT INTO `admin_log` VALUES (367, 1, '::1', '', '/admin/banner_category/create', 'POST', 'null', '', '2019-05-20 14:44:38', '2019-05-20 14:44:38');
INSERT INTO `admin_log` VALUES (368, 1, '::1', '', '/admin/banner_category/edit/1', 'POST', 'null', '', '2019-05-20 14:49:31', '2019-05-20 14:49:31');
INSERT INTO `admin_log` VALUES (369, 1, '::1', '', '/admin/upload/image', 'POST', 'null', '', '2019-05-20 15:16:50', '2019-05-20 15:16:50');
INSERT INTO `admin_log` VALUES (370, 1, '::1', '', '/admin/banner/create', 'POST', 'null', '', '2019-05-20 15:17:22', '2019-05-20 15:17:22');
INSERT INTO `admin_log` VALUES (371, 1, '::1', '', '/admin/upload/image', 'POST', 'null', '', '2019-05-20 15:24:28', '2019-05-20 15:24:28');
INSERT INTO `admin_log` VALUES (372, 1, '::1', '', '/admin/banner/edit/1', 'POST', 'null', '', '2019-05-20 15:24:36', '2019-05-20 15:24:36');
INSERT INTO `admin_log` VALUES (373, 1, '::1', '', '/admin/banner_category/create', 'POST', 'null', '', '2019-05-20 15:28:33', '2019-05-20 15:28:33');
INSERT INTO `admin_log` VALUES (374, 1, '::1', '', '/admin/banner_category/create', 'POST', 'null', '', '2019-05-20 15:31:21', '2019-05-20 15:31:21');
INSERT INTO `admin_log` VALUES (375, 1, '::1', '', '/admin/banner_category/create', 'POST', 'null', '', '2019-05-20 15:32:03', '2019-05-20 15:32:03');
INSERT INTO `admin_log` VALUES (376, 1, '::1', '', '/admin/upload/image', 'POST', 'null', '', '2019-05-20 15:32:41', '2019-05-20 15:32:41');
INSERT INTO `admin_log` VALUES (377, 1, '::1', '', '/admin/banner/create', 'POST', 'null', '', '2019-05-20 15:33:03', '2019-05-20 15:33:03');
INSERT INTO `admin_log` VALUES (378, 1, '::1', '', '/admin/upload/image', 'POST', 'null', '', '2019-05-20 15:33:55', '2019-05-20 15:33:55');
INSERT INTO `admin_log` VALUES (379, 1, '::1', '', '/admin/banner/create', 'POST', 'null', '', '2019-05-20 15:35:01', '2019-05-20 15:35:01');
INSERT INTO `admin_log` VALUES (380, 1, '::1', '', '/admin/upload/image', 'POST', 'null', '', '2019-05-20 15:35:45', '2019-05-20 15:35:45');
INSERT INTO `admin_log` VALUES (381, 1, '::1', '', '/admin/banner/edit/3', 'POST', 'null', '', '2019-05-20 15:35:46', '2019-05-20 15:35:46');
INSERT INTO `admin_log` VALUES (382, 1, '::1', '', '/admin/upload/image', 'POST', 'null', '', '2019-05-20 15:36:14', '2019-05-20 15:36:14');
INSERT INTO `admin_log` VALUES (383, 1, '::1', '', '/admin/banner/create', 'POST', 'null', '', '2019-05-20 15:36:21', '2019-05-20 15:36:21');
INSERT INTO `admin_log` VALUES (384, 1, '::1', '', '/admin/time_line/create', 'POST', 'null', '', '2019-05-20 19:15:27', '2019-05-20 19:15:27');
INSERT INTO `admin_log` VALUES (385, 1, '::1', '', '/admin/time_line/edit/4', 'POST', 'null', '', '2019-05-20 19:15:34', '2019-05-20 19:15:34');
INSERT INTO `admin_log` VALUES (386, 1, '::1', '', '/admin/article/edit/9', 'POST', 'null', '', '2019-05-21 10:39:37', '2019-05-21 10:39:37');
INSERT INTO `admin_log` VALUES (387, 1, '::1', '', '/admin/upload/image', 'POST', 'null', '', '2019-05-21 10:49:44', '2019-05-21 10:49:44');
INSERT INTO `admin_log` VALUES (388, 1, '::1', '', '/admin/article/edit/1', 'POST', 'null', '', '2019-05-21 10:49:48', '2019-05-21 10:49:48');
INSERT INTO `admin_log` VALUES (389, 1, '::1', '', '/admin/article/edit/9', 'POST', 'null', '', '2019-05-21 11:15:16', '2019-05-21 11:15:16');
INSERT INTO `admin_log` VALUES (390, 1, '::1', '', '/admin/article/edit/1', 'POST', 'null', '', '2019-05-21 11:20:05', '2019-05-21 11:20:05');
INSERT INTO `admin_log` VALUES (391, 1, '::1', '', '/admin/article/edit/12', 'POST', 'null', '', '2019-05-21 11:20:21', '2019-05-21 11:20:21');
INSERT INTO `admin_log` VALUES (392, 1, '::1', '', '/admin/category/edit/6', 'POST', 'null', '', '2019-05-21 22:27:16', '2019-05-21 22:27:16');
INSERT INTO `admin_log` VALUES (393, 1, '::1', '', '/admin/category/edit/10', 'POST', 'null', '', '2019-05-21 22:27:34', '2019-05-21 22:27:34');
INSERT INTO `admin_log` VALUES (394, 1, '::1', '', '/admin/category/edit/9', 'POST', 'null', '', '2019-05-21 22:27:51', '2019-05-21 22:27:51');
INSERT INTO `admin_log` VALUES (395, 1, '::1', '', '/admin/category/edit/8', 'POST', 'null', '', '2019-05-21 22:33:52', '2019-05-21 22:33:52');
INSERT INTO `admin_log` VALUES (396, 1, '::1', '', '/admin/category/edit/11', 'POST', 'null', '', '2019-05-21 22:34:08', '2019-05-21 22:34:08');
INSERT INTO `admin_log` VALUES (397, 1, '::1', '', '/admin/category/edit/12', 'POST', 'null', '', '2019-05-21 22:34:24', '2019-05-21 22:34:24');
INSERT INTO `admin_log` VALUES (398, 1, '::1', '', '/admin/banner/edit/2', 'POST', 'null', '', '2019-05-22 21:47:38', '2019-05-22 21:47:38');
INSERT INTO `admin_log` VALUES (399, 1, '::1', '', '/admin/banner_category/create', 'POST', 'null', '', '2019-05-23 11:08:13', '2019-05-23 11:08:13');
INSERT INTO `admin_log` VALUES (400, 1, '::1', '', '/admin/banner_category/create', 'POST', 'null', '', '2019-05-23 11:08:43', '2019-05-23 11:08:43');
INSERT INTO `admin_log` VALUES (401, 1, '::1', '', '/admin/upload/image', 'POST', 'null', '', '2019-05-23 11:10:47', '2019-05-23 11:10:47');
INSERT INTO `admin_log` VALUES (402, 1, '::1', '', '/admin/banner/create', 'POST', 'null', '', '2019-05-23 11:10:49', '2019-05-23 11:10:49');
INSERT INTO `admin_log` VALUES (403, 1, '::1', '', '/admin/banner/edit/5', 'POST', 'null', '', '2019-05-23 11:10:58', '2019-05-23 11:10:58');
INSERT INTO `admin_log` VALUES (404, 1, '::1', '', '/admin/upload/image', 'POST', 'null', '', '2019-05-23 11:11:39', '2019-05-23 11:11:39');
INSERT INTO `admin_log` VALUES (405, 1, '::1', '', '/admin/banner/create', 'POST', 'null', '', '2019-05-23 11:11:45', '2019-05-23 11:11:45');
INSERT INTO `admin_log` VALUES (406, 1, '::1', '', '/admin/upload/image', 'POST', 'null', '', '2019-05-23 11:12:13', '2019-05-23 11:12:13');
INSERT INTO `admin_log` VALUES (407, 1, '::1', '', '/admin/banner/create', 'POST', 'null', '', '2019-05-23 11:12:14', '2019-05-23 11:12:14');
INSERT INTO `admin_log` VALUES (408, 1, '::1', '', '/admin/upload/image', 'POST', 'null', '', '2019-05-23 11:12:32', '2019-05-23 11:12:32');
INSERT INTO `admin_log` VALUES (409, 1, '::1', '', '/admin/banner/create', 'POST', 'null', '', '2019-05-23 11:12:35', '2019-05-23 11:12:35');
INSERT INTO `admin_log` VALUES (410, 1, '::1', '', '/admin/article/del', 'POST', 'null', '', '2019-05-23 12:51:01', '2019-05-23 12:51:01');
INSERT INTO `admin_log` VALUES (411, 1, '::1', '', '/admin/banner/del', 'POST', 'null', '', '2019-05-23 12:51:38', '2019-05-23 12:51:38');
INSERT INTO `admin_log` VALUES (412, 1, '::1', '', '/admin/banner/del', 'POST', 'null', '', '2019-05-23 12:52:13', '2019-05-23 12:52:13');
INSERT INTO `admin_log` VALUES (413, 1, '::1', '', '/admin/banner/del', 'POST', 'null', '', '2019-05-23 12:54:34', '2019-05-23 12:54:34');
INSERT INTO `admin_log` VALUES (414, 1, '::1', '', '/admin/banner/del', 'POST', 'null', '', '2019-05-23 12:55:17', '2019-05-23 12:55:17');
INSERT INTO `admin_log` VALUES (415, 1, '::1', '', '/admin/banner_category/edit/6', 'POST', 'null', '', '2019-05-23 12:58:18', '2019-05-23 12:58:18');
INSERT INTO `admin_log` VALUES (416, 1, '::1', '', '/admin/banner/create', 'POST', 'null', '', '2019-05-23 12:59:42', '2019-05-23 12:59:42');
INSERT INTO `admin_log` VALUES (417, 1, '::1', '', '/admin/article/edit/12', 'POST', 'null', '', '2019-05-27 11:19:52', '2019-05-27 11:19:52');
INSERT INTO `admin_log` VALUES (418, 1, '::1', '', '/admin/article/edit/12', 'POST', 'null', '', '2019-05-27 11:19:57', '2019-05-27 11:19:57');
INSERT INTO `admin_log` VALUES (419, 1, '::1', '', '/admin/article/edit/12', 'POST', 'null', '', '2019-05-27 11:20:36', '2019-05-27 11:20:36');
INSERT INTO `admin_log` VALUES (420, 1, '::1', '', '/admin/article/edit/12', 'POST', 'null', '', '2019-05-27 11:20:40', '2019-05-27 11:20:40');
INSERT INTO `admin_log` VALUES (421, 1, '::1', '', '/admin/article/edit/12', 'POST', 'null', '', '2019-05-27 11:20:47', '2019-05-27 11:20:47');
INSERT INTO `admin_log` VALUES (422, 1, '::1', '', '/admin/article/edit/12', 'POST', 'null', '', '2019-05-27 11:21:07', '2019-05-27 11:21:07');
INSERT INTO `admin_log` VALUES (423, 1, '::1', '', '/admin/article/edit/12', 'POST', 'null', '', '2019-05-27 11:21:12', '2019-05-27 11:21:12');
INSERT INTO `admin_log` VALUES (424, 1, '::1', '', '/admin/article/edit/12', 'POST', 'null', '', '2019-05-27 11:21:29', '2019-05-27 11:21:29');
INSERT INTO `admin_log` VALUES (425, 1, '::1', '', '/admin/article/edit/12', 'POST', 'null', '', '2019-05-27 11:21:32', '2019-05-27 11:21:32');
INSERT INTO `admin_log` VALUES (426, 1, '::1', '', '/admin/article/edit/12', 'POST', 'null', '', '2019-05-27 11:25:00', '2019-05-27 11:25:00');
INSERT INTO `admin_log` VALUES (427, 1, '::1', '', '/admin/article/edit/12', 'POST', 'null', '', '2019-05-27 11:25:43', '2019-05-27 11:25:43');
INSERT INTO `admin_log` VALUES (428, 1, '::1', '', '/admin/article/edit/12', 'POST', 'null', '', '2019-05-27 11:27:15', '2019-05-27 11:27:15');
INSERT INTO `admin_log` VALUES (429, 1, '::1', '', '/admin/article/edit/12', 'POST', 'null', '', '2019-05-27 11:27:18', '2019-05-27 11:27:18');
INSERT INTO `admin_log` VALUES (430, 1, '::1', '', '/admin/article/edit/12', 'POST', 'null', '', '2019-05-27 11:28:42', '2019-05-27 11:28:42');
INSERT INTO `admin_log` VALUES (431, 1, '::1', '', '/admin/article/edit/12', 'POST', 'null', '', '2019-05-27 11:29:18', '2019-05-27 11:29:18');
INSERT INTO `admin_log` VALUES (432, 1, '::1', '', '/admin/article/edit/12', 'POST', 'null', '', '2019-05-27 11:29:24', '2019-05-27 11:29:24');
INSERT INTO `admin_log` VALUES (433, 1, '::1', '', '/admin/article/edit/12', 'POST', 'null', '', '2019-05-27 11:30:04', '2019-05-27 11:30:04');
INSERT INTO `admin_log` VALUES (434, 1, '::1', '', '/admin/article/edit/12', 'POST', 'null', '', '2019-05-27 11:31:29', '2019-05-27 11:31:29');
INSERT INTO `admin_log` VALUES (435, 1, '::1', '', '/admin/article/edit/12', 'POST', 'null', '', '2019-05-27 13:28:33', '2019-05-27 13:28:33');
INSERT INTO `admin_log` VALUES (436, 1, '::1', '', '/admin/article/edit/12', 'POST', 'null', '', '2019-05-27 13:30:39', '2019-05-27 13:30:39');
INSERT INTO `admin_log` VALUES (437, 1, '::1', '', '/admin/article/edit/12', 'POST', 'null', '', '2019-05-27 13:31:02', '2019-05-27 13:31:02');
INSERT INTO `admin_log` VALUES (438, 1, '::1', '', '/admin/category/create', 'POST', 'null', '', '2019-05-27 21:18:10', '2019-05-27 21:18:10');
INSERT INTO `admin_log` VALUES (439, 1, '::1', '', '/admin/category/del', 'POST', 'null', '', '2019-05-27 21:18:16', '2019-05-27 21:18:16');
INSERT INTO `admin_log` VALUES (440, 1, '::1', '', '/admin/article/create', 'POST', 'null', '', '2019-05-28 19:42:27', '2019-05-28 19:42:27');
INSERT INTO `admin_log` VALUES (441, 1, '::1', '', '/admin/category/create', 'POST', 'null', '', '2019-05-28 19:44:08', '2019-05-28 19:44:08');
INSERT INTO `admin_log` VALUES (442, 1, '::1', '', '/admin/category/del', 'POST', 'null', '', '2019-05-28 19:44:52', '2019-05-28 19:44:52');
INSERT INTO `admin_log` VALUES (443, 1, '::1', '', '/admin/comments/del', 'POST', 'null', '', '2019-05-28 19:49:55', '2019-05-28 19:49:55');
INSERT INTO `admin_log` VALUES (444, 1, '::1', '', '/admin/comments/del', 'POST', 'null', '', '2019-05-28 19:50:04', '2019-05-28 19:50:04');
INSERT INTO `admin_log` VALUES (445, 1, '::1', '', '/admin/comments/del', 'POST', 'null', '', '2019-05-28 19:50:05', '2019-05-28 19:50:05');
INSERT INTO `admin_log` VALUES (446, 1, '::1', '', '/admin/comments/del', 'POST', 'null', '', '2019-05-28 19:50:05', '2019-05-28 19:50:05');
INSERT INTO `admin_log` VALUES (447, 1, '::1', '', '/admin/comments/del', 'POST', 'null', '', '2019-05-28 19:50:06', '2019-05-28 19:50:06');
INSERT INTO `admin_log` VALUES (448, 1, '::1', '', '/admin/comments/del', 'POST', 'null', '', '2019-05-28 19:50:43', '2019-05-28 19:50:43');
INSERT INTO `admin_log` VALUES (449, 1, '::1', '', '/admin/comments/del', 'POST', 'null', '', '2019-05-28 19:52:39', '2019-05-28 19:52:39');
INSERT INTO `admin_log` VALUES (450, 1, '::1', '', '/admin/comments/del', 'POST', 'null', '', '2019-05-28 19:53:30', '2019-05-28 19:53:30');
INSERT INTO `admin_log` VALUES (451, 1, '::1', '', '/admin/comments/del', 'POST', 'null', '', '2019-05-28 19:54:12', '2019-05-28 19:54:12');
INSERT INTO `admin_log` VALUES (452, 1, '::1', '', '/admin/article/del', 'POST', 'null', '', '2019-05-28 19:55:24', '2019-05-28 19:55:24');
INSERT INTO `admin_log` VALUES (453, 1, '::1', '', '/admin/product/create', 'POST', 'null', '', '2019-05-28 19:57:04', '2019-05-28 19:57:04');
INSERT INTO `admin_log` VALUES (454, 1, '::1', '', '/admin/product/del', 'POST', 'null', '', '2019-05-28 19:58:30', '2019-05-28 19:58:30');
INSERT INTO `admin_log` VALUES (455, 1, '::1', '', '/admin/banner_category/create', 'POST', 'null', '', '2019-07-04 17:53:54', '2019-07-04 17:53:54');
INSERT INTO `admin_log` VALUES (456, 1, '::1', '', '/admin/banner_category/edit/7', 'POST', 'null', '', '2019-07-04 17:54:07', '2019-07-04 17:54:07');
INSERT INTO `admin_log` VALUES (457, 1, '::1', '', '/admin/banner/create', 'POST', 'null', '', '2019-07-04 17:54:50', '2019-07-04 17:54:50');
INSERT INTO `admin_log` VALUES (458, 1, '::1', '', '/admin/banner/create', 'POST', 'null', '', '2019-07-04 17:55:09', '2019-07-04 17:55:09');
INSERT INTO `admin_log` VALUES (459, 1, '::1', '', '/admin/banner/create', 'POST', 'null', '', '2019-07-04 17:55:39', '2019-07-04 17:55:39');
INSERT INTO `admin_log` VALUES (460, 1, '::1', '', '/admin/banner/create', 'POST', 'null', '', '2019-07-04 17:55:54', '2019-07-04 17:55:54');
INSERT INTO `admin_log` VALUES (461, 1, '::1', '', '/admin/banner/create', 'POST', 'null', '', '2019-07-04 17:56:12', '2019-07-04 17:56:12');
INSERT INTO `admin_log` VALUES (462, 1, '::1', '', '/admin/banner/create', 'POST', 'null', '', '2019-07-04 17:56:28', '2019-07-04 17:56:28');
INSERT INTO `admin_log` VALUES (463, 1, '::1', '', '/admin/banner/create', 'POST', 'null', '', '2019-07-04 17:56:45', '2019-07-04 17:56:45');
INSERT INTO `admin_log` VALUES (464, 1, '::1', '', '/admin/banner/create', 'POST', 'null', '', '2019-07-04 17:57:03', '2019-07-04 17:57:03');
INSERT INTO `admin_log` VALUES (465, 1, '::1', '', '/admin/banner/create', 'POST', 'null', '', '2019-07-04 17:57:18', '2019-07-04 17:57:18');
INSERT INTO `admin_log` VALUES (466, 1, '::1', '', '/admin/banner/create', 'POST', 'null', '', '2019-07-04 17:57:31', '2019-07-04 17:57:31');
INSERT INTO `admin_log` VALUES (467, 1, '::1', '', '/admin/banner/create', 'POST', 'null', '', '2019-07-04 17:57:31', '2019-07-04 17:57:31');
INSERT INTO `admin_log` VALUES (468, 1, '::1', '', '/admin/banner/del', 'POST', 'null', '', '2019-07-04 20:41:54', '2019-07-04 20:41:54');
INSERT INTO `admin_log` VALUES (469, 1, '::1', '', '/admin/system/base', 'POST', 'null', '', '2019-07-09 20:09:30', '2019-07-09 20:09:30');
INSERT INTO `admin_log` VALUES (470, 1, '::1', '', '/admin/banner_category/create', 'POST', 'null', '', '2019-07-12 18:30:58', '2019-07-12 18:30:58');
INSERT INTO `admin_log` VALUES (471, 1, '::1', '', '/admin/banner/create', 'POST', 'null', '', '2019-07-12 18:31:29', '2019-07-12 18:31:29');

-- ----------------------------
-- Table structure for admin_navigation
-- ----------------------------
DROP TABLE IF EXISTS `admin_navigation`;
CREATE TABLE `admin_navigation`  (
  `id` bigint(20) NOT NULL AUTO_INCREMENT,
  `parent_id` bigint(20) DEFAULT NULL,
  `site_id` bigint(20) DEFAULT NULL,
  `site_channel_id` bigint(20) DEFAULT NULL,
  `title` varchar(255) CHARACTER SET utf8 COLLATE utf8_general_ci NOT NULL,
  `url` varchar(255) CHARACTER SET utf8 COLLATE utf8_general_ci NOT NULL,
  `ico` varchar(255) CHARACTER SET utf8 COLLATE utf8_general_ci DEFAULT NULL,
  `sort` bigint(20) NOT NULL DEFAULT 99,
  `is_show` tinyint(1) NOT NULL DEFAULT 0,
  `is_sys` tinyint(1) NOT NULL DEFAULT 0,
  `created_at` datetime DEFAULT NULL,
  `updated_at` datetime DEFAULT NULL,
  PRIMARY KEY (`id`) USING BTREE
) ENGINE = InnoDB AUTO_INCREMENT = 38 CHARACTER SET = utf8 COLLATE = utf8_general_ci ROW_FORMAT = Compact;

-- ----------------------------
-- Records of admin_navigation
-- ----------------------------
INSERT INTO `admin_navigation` VALUES (2, NULL, NULL, NULL, '公共方法', '/test', '', 99, 1, 1, '2018-10-09 12:46:46', '2019-05-13 20:38:18');
INSERT INTO `admin_navigation` VALUES (3, NULL, NULL, NULL, '基础权限', '', '', 99, 1, 1, '2018-10-09 17:17:22', '2019-05-14 08:39:40');
INSERT INTO `admin_navigation` VALUES (4, 5, NULL, NULL, '资讯列表', '/admin/article/list', '', 99, 1, 1, '2018-10-22 19:53:32', '2019-05-14 10:31:46');
INSERT INTO `admin_navigation` VALUES (5, NULL, NULL, NULL, '资讯管理', '', '', 99, 1, 1, '2019-05-10 09:34:09', '2019-05-10 09:34:09');
INSERT INTO `admin_navigation` VALUES (6, NULL, NULL, NULL, '图片管理', '', '', 99, 1, 1, '2019-05-10 09:39:26', '2019-05-10 09:39:26');
INSERT INTO `admin_navigation` VALUES (7, 6, NULL, NULL, '图片列表', '/admin/picture/list', '', 99, 1, 1, '2019-05-10 09:41:01', '2019-05-14 10:34:38');
INSERT INTO `admin_navigation` VALUES (8, NULL, NULL, NULL, '视频管理', '', '', 99, 1, 1, '2019-05-10 09:41:29', '2019-05-10 09:41:29');
INSERT INTO `admin_navigation` VALUES (9, 8, NULL, NULL, '视频列表', '/admin/video/list', '', 99, 1, 1, '2019-05-10 09:43:23', '2019-05-14 10:35:58');
INSERT INTO `admin_navigation` VALUES (10, NULL, NULL, NULL, '产品管理', '', '', 99, 1, 1, '2019-05-10 09:44:16', '2019-05-10 09:44:16');
INSERT INTO `admin_navigation` VALUES (11, 10, NULL, NULL, '品牌管理', '/admin/brand/list', '', 99, 1, 1, '2019-05-10 09:45:03', '2019-05-14 10:36:32');
INSERT INTO `admin_navigation` VALUES (12, 10, NULL, NULL, '分类管理', '/admin/category/list', '', 99, 1, 1, '2019-05-10 09:45:19', '2019-05-13 19:39:42');
INSERT INTO `admin_navigation` VALUES (13, 10, NULL, NULL, '产品列表', '/admin/product/list', '', 99, 1, 1, '2019-05-10 09:47:46', '2019-05-14 10:39:25');
INSERT INTO `admin_navigation` VALUES (14, NULL, NULL, NULL, '评论管理', '', '', 99, 1, 1, '2019-05-10 09:48:52', '2019-05-10 09:48:52');
INSERT INTO `admin_navigation` VALUES (15, 14, NULL, NULL, '评论列表', '/admin/comments/list', '', 99, 1, 1, '2019-05-10 09:49:09', '2019-05-14 10:48:04');
INSERT INTO `admin_navigation` VALUES (16, 14, NULL, NULL, '意见反馈', '/admin/feedback/list', '', 99, 1, 1, '2019-05-10 09:49:29', '2019-05-14 10:47:49');
INSERT INTO `admin_navigation` VALUES (17, NULL, NULL, NULL, '会员管理', '', '', 99, 1, 1, '2019-05-10 09:50:22', '2019-05-10 09:50:22');
INSERT INTO `admin_navigation` VALUES (18, 17, NULL, NULL, '会员列表', '/admin/member/list', '', 99, 1, 1, '2019-05-10 09:51:01', '2019-05-14 10:58:11');
INSERT INTO `admin_navigation` VALUES (19, NULL, NULL, NULL, '管理员管理', '', '', 99, 1, 1, '2019-05-10 09:51:33', '2019-05-10 09:51:33');
INSERT INTO `admin_navigation` VALUES (20, 19, NULL, NULL, '角色管理', '/admin/role/list', '', 99, 1, 1, '2019-05-10 09:51:48', '2019-05-14 11:07:47');
INSERT INTO `admin_navigation` VALUES (21, 19, NULL, NULL, '权限管理', '/admin/permission/list', '', 99, 1, 1, '2019-05-10 09:52:03', '2019-05-14 11:09:14');
INSERT INTO `admin_navigation` VALUES (22, 19, NULL, NULL, '管理员列表', '/admin/list', '', 99, 1, 1, '2019-05-10 09:52:21', '2019-05-14 11:10:46');
INSERT INTO `admin_navigation` VALUES (23, NULL, NULL, NULL, '系统统计', '', '', 99, 1, 1, '2019-05-10 09:53:49', '2019-05-10 09:53:49');
INSERT INTO `admin_navigation` VALUES (24, NULL, NULL, NULL, '系统管理', '', '', 99, 1, 1, '2019-05-10 09:56:44', '2019-05-10 09:56:44');
INSERT INTO `admin_navigation` VALUES (25, 24, NULL, NULL, '系统设置', '/admin/system/base', '', 99, 1, 1, '2019-05-10 09:56:56', '2019-05-14 11:12:49');
INSERT INTO `admin_navigation` VALUES (26, 24, NULL, NULL, '系统日志', '/admin/system/log', '', 99, 1, 1, '2019-05-10 09:57:30', '2019-05-14 11:13:54');
INSERT INTO `admin_navigation` VALUES (27, NULL, NULL, NULL, '多语言管理', '', '', 99, 1, 1, '2019-05-10 09:58:05', '2019-05-10 09:58:05');
INSERT INTO `admin_navigation` VALUES (28, 27, NULL, NULL, '国家列表', '/admin/nations/list', '', 99, 1, 1, '2019-05-10 09:58:17', '2019-05-14 11:16:49');
INSERT INTO `admin_navigation` VALUES (29, 27, NULL, NULL, '语言列表', '/admin/lang/list', '', 99, 1, 1, '2019-05-10 09:58:42', '2019-05-14 11:18:12');
INSERT INTO `admin_navigation` VALUES (30, 33, NULL, NULL, '数据库列表', '/admin/databases/list', '', 99, 1, 1, '2019-05-10 09:59:30', '2019-05-14 11:32:43');
INSERT INTO `admin_navigation` VALUES (31, 17, NULL, NULL, '删除的会员', '/admin/member/recycle', '', 99, 1, 1, '2019-05-14 10:55:34', '2019-05-14 10:55:34');
INSERT INTO `admin_navigation` VALUES (32, 23, NULL, NULL, '折线图', '/admin/charts/zx', '', 99, 1, 1, '2019-05-14 11:11:46', '2019-05-14 11:11:46');
INSERT INTO `admin_navigation` VALUES (33, NULL, NULL, NULL, '数据库管理', '', '', 99, 1, 1, '2019-05-14 11:19:57', '2019-05-14 11:24:02');
INSERT INTO `admin_navigation` VALUES (34, NULL, NULL, NULL, '博客管理', '', '', 99, 1, 1, '2019-05-17 18:53:15', '2019-05-17 18:53:15');
INSERT INTO `admin_navigation` VALUES (35, 34, NULL, NULL, '时光轴', '/admin/time_line/list', '', 99, 1, 1, '2019-05-17 18:53:37', '2019-05-17 18:57:07');
INSERT INTO `admin_navigation` VALUES (36, 34, NULL, NULL, '图片分类', '/admin/banner_category/list', '', 99, 1, 1, '2019-05-20 14:28:48', '2019-05-20 14:28:48');
INSERT INTO `admin_navigation` VALUES (37, 34, NULL, NULL, '图片内容', '/admin/banner/list', '', 99, 1, 1, '2019-05-20 14:29:32', '2019-05-20 14:29:32');

-- ----------------------------
-- Table structure for admin_navigation_node
-- ----------------------------
DROP TABLE IF EXISTS `admin_navigation_node`;
CREATE TABLE `admin_navigation_node`  (
  `id` bigint(20) NOT NULL AUTO_INCREMENT,
  `admin_navigation_id` bigint(20) DEFAULT NULL,
  `route_action` varchar(255) CHARACTER SET utf8 COLLATE utf8_general_ci NOT NULL,
  `title` varchar(255) CHARACTER SET utf8 COLLATE utf8_general_ci NOT NULL,
  `sort` bigint(20) NOT NULL DEFAULT 99,
  `created_at` datetime DEFAULT NULL,
  `updated_at` datetime DEFAULT NULL,
  PRIMARY KEY (`id`) USING BTREE
) ENGINE = InnoDB AUTO_INCREMENT = 165 CHARACTER SET = utf8 COLLATE = utf8_general_ci ROW_FORMAT = Compact;

-- ----------------------------
-- Records of admin_navigation_node
-- ----------------------------
INSERT INTO `admin_navigation_node` VALUES (15, 12, 'app/controllers/background.GetCategoryList', '列表', 99, '2019-05-13 19:39:42', '2019-05-13 19:39:42');
INSERT INTO `admin_navigation_node` VALUES (16, 12, 'app/controllers/background.GetCategoryCreate', '创建', 99, '2019-05-13 19:39:42', '2019-05-13 19:39:42');
INSERT INTO `admin_navigation_node` VALUES (17, 12, 'app/controllers/background.PostCategoryCreate', '新增', 99, '2019-05-13 19:39:42', '2019-05-13 19:39:42');
INSERT INTO `admin_navigation_node` VALUES (18, 12, 'app/controllers/background.GetCategoryEdit', '编辑', 99, '2019-05-13 19:39:42', '2019-05-13 19:39:42');
INSERT INTO `admin_navigation_node` VALUES (19, 12, 'app/controllers/background.PostCategoryEdit', '修改', 99, '2019-05-13 19:39:42', '2019-05-13 19:39:42');
INSERT INTO `admin_navigation_node` VALUES (20, 12, 'app/controllers/background.PostCategoryDel', '删除', 99, '2019-05-13 19:39:42', '2019-05-13 19:39:42');
INSERT INTO `admin_navigation_node` VALUES (21, 12, 'app/controllers/background.GetCategorySetStatus', '下架', 99, '2019-05-13 19:39:42', '2019-05-13 19:39:42');
INSERT INTO `admin_navigation_node` VALUES (22, 12, 'app/controllers/background.PostCategorySave', '保存', 99, '2019-05-13 19:39:42', '2019-05-13 19:39:42');
INSERT INTO `admin_navigation_node` VALUES (29, 2, 'app/controllers/background.GetSearchList', '全局搜索', 99, '2019-05-13 20:38:18', '2019-05-13 20:38:18');
INSERT INTO `admin_navigation_node` VALUES (30, 2, 'app/controllers/upload.PostUpLoadImg', '上传图片', 99, '2019-05-13 20:38:18', '2019-05-13 20:38:18');
INSERT INTO `admin_navigation_node` VALUES (31, 2, 'app/controllers/upload.GetUpLoadImg', '编辑器配置', 99, '2019-05-13 20:38:18', '2019-05-13 20:38:18');
INSERT INTO `admin_navigation_node` VALUES (32, 2, 'app/controllers/upload.PostUEditUpload', '编辑器上传', 99, '2019-05-13 20:38:18', '2019-05-13 20:38:18');
INSERT INTO `admin_navigation_node` VALUES (33, 2, 'app/controllers/upload.PostUpLoadFile', '上传文件', 99, '2019-05-13 20:38:18', '2019-05-13 20:38:18');
INSERT INTO `admin_navigation_node` VALUES (34, 2, 'app/controllers/upload.PostUpLoadVideo', '上传视频', 99, '2019-05-13 20:38:18', '2019-05-13 20:38:18');
INSERT INTO `admin_navigation_node` VALUES (35, 2, 'app/controllers/upload.PostUploadWangEditorImage', '简洁编辑器上传图片', 99, '2019-05-13 20:38:18', '2019-05-13 20:38:18');
INSERT INTO `admin_navigation_node` VALUES (36, 3, 'app/controllers/background.GetIndex', '首页', 99, '2019-05-14 08:39:40', '2019-05-14 08:39:40');
INSERT INTO `admin_navigation_node` VALUES (37, 3, 'app/controllers/background.GetCenter', 'Center', 99, '2019-05-14 08:39:40', '2019-05-14 08:39:40');
INSERT INTO `admin_navigation_node` VALUES (38, 3, 'app/controllers/background.GetExit', '退出', 99, '2019-05-14 08:39:40', '2019-05-14 08:39:40');
INSERT INTO `admin_navigation_node` VALUES (39, 3, 'app/controllers/background.GetClear', '清理缓存', 99, '2019-05-14 08:39:40', '2019-05-14 08:39:40');
INSERT INTO `admin_navigation_node` VALUES (40, 3, 'app/controllers/background.GetAdminPass', '修改密码', 99, '2019-05-14 08:39:40', '2019-05-14 08:39:40');
INSERT INTO `admin_navigation_node` VALUES (41, 3, 'app/controllers/background.PostAdminPass', '提交密码', 99, '2019-05-14 08:39:40', '2019-05-14 08:39:40');
INSERT INTO `admin_navigation_node` VALUES (42, 3, 'app/controllers/background.GetNavigation', '导航节点', 99, '2019-05-14 08:39:40', '2019-05-14 08:39:40');
INSERT INTO `admin_navigation_node` VALUES (43, 4, 'app/controllers/background.GetArticleList', '列表', 99, '2019-05-14 10:31:46', '2019-05-14 10:31:46');
INSERT INTO `admin_navigation_node` VALUES (44, 4, 'app/controllers/background.GetArticleCreate', '创建', 99, '2019-05-14 10:31:46', '2019-05-14 10:31:46');
INSERT INTO `admin_navigation_node` VALUES (45, 4, 'app/controllers/background.PostArticleCreate', '新增', 99, '2019-05-14 10:31:46', '2019-05-14 10:31:46');
INSERT INTO `admin_navigation_node` VALUES (46, 4, 'app/controllers/background.GetArticleEdit', '编辑', 99, '2019-05-14 10:31:46', '2019-05-14 10:31:46');
INSERT INTO `admin_navigation_node` VALUES (47, 4, 'app/controllers/background.PostArticleEdit', '修改', 99, '2019-05-14 10:31:46', '2019-05-14 10:31:46');
INSERT INTO `admin_navigation_node` VALUES (48, 4, 'app/controllers/background.PostArticleDel', '删除', 99, '2019-05-14 10:31:46', '2019-05-14 10:31:46');
INSERT INTO `admin_navigation_node` VALUES (49, 4, 'app/controllers/background.GetArticleSetStatus', '下架', 99, '2019-05-14 10:31:46', '2019-05-14 10:31:46');
INSERT INTO `admin_navigation_node` VALUES (50, 7, 'app/controllers/background.GetPictureList', '列表', 98, '2019-05-14 10:34:38', '2019-05-14 10:34:38');
INSERT INTO `admin_navigation_node` VALUES (51, 7, 'app/controllers/background.GetPictureShow', '图册', 99, '2019-05-14 10:34:38', '2019-05-14 10:34:38');
INSERT INTO `admin_navigation_node` VALUES (52, 7, 'app/controllers/background.GetPictureCreate', '创建', 99, '2019-05-14 10:34:38', '2019-05-14 10:34:38');
INSERT INTO `admin_navigation_node` VALUES (53, 7, 'app/controllers/background.PostPictureCreate', '新增', 99, '2019-05-14 10:34:38', '2019-05-14 10:34:38');
INSERT INTO `admin_navigation_node` VALUES (54, 7, 'app/controllers/background.GetPictureEdit', '修改', 99, '2019-05-14 10:34:38', '2019-05-14 10:34:38');
INSERT INTO `admin_navigation_node` VALUES (55, 7, 'app/controllers/background.PostPictureEdit', '编辑', 99, '2019-05-14 10:34:38', '2019-05-14 10:34:38');
INSERT INTO `admin_navigation_node` VALUES (56, 7, 'app/controllers/background.PostPictureDel', '删除', 99, '2019-05-14 10:34:38', '2019-05-14 10:34:38');
INSERT INTO `admin_navigation_node` VALUES (57, 7, 'app/controllers/background.PostPictureShowDel', '详情删除', 99, '2019-05-14 10:34:38', '2019-05-14 10:34:38');
INSERT INTO `admin_navigation_node` VALUES (58, 7, 'app/controllers/background.GetPictureSetStatus', '下架', 99, '2019-05-14 10:34:38', '2019-05-14 10:34:38');
INSERT INTO `admin_navigation_node` VALUES (59, 9, 'app/controllers/background.GetVideoList', '列表', 99, '2019-05-14 10:35:58', '2019-05-14 10:35:58');
INSERT INTO `admin_navigation_node` VALUES (60, 9, 'app/controllers/background.GetVideoCreate', '创建', 99, '2019-05-14 10:35:58', '2019-05-14 10:35:58');
INSERT INTO `admin_navigation_node` VALUES (61, 9, 'app/controllers/background.PostVideoCreate', '新增', 99, '2019-05-14 10:35:58', '2019-05-14 10:35:58');
INSERT INTO `admin_navigation_node` VALUES (62, 9, 'app/controllers/background.GetVideoEdit', '编辑', 99, '2019-05-14 10:35:58', '2019-05-14 10:35:58');
INSERT INTO `admin_navigation_node` VALUES (63, 9, 'app/controllers/background.PostVideoEdit', '修改', 99, '2019-05-14 10:35:58', '2019-05-14 10:35:58');
INSERT INTO `admin_navigation_node` VALUES (64, 9, 'app/controllers/background.PostVideoDel', '删除', 99, '2019-05-14 10:35:58', '2019-05-14 10:35:58');
INSERT INTO `admin_navigation_node` VALUES (66, 11, 'app/controllers/background.GetBrandList', '列表', 99, '2019-05-14 10:36:32', '2019-05-14 10:36:32');
INSERT INTO `admin_navigation_node` VALUES (68, 13, 'app/controllers/background.GetProductList', '列表', 99, '2019-05-14 10:39:25', '2019-05-14 10:39:25');
INSERT INTO `admin_navigation_node` VALUES (69, 13, 'app/controllers/background.GetProductZnodes', '树形节点', 99, '2019-05-14 10:39:25', '2019-05-14 10:39:25');
INSERT INTO `admin_navigation_node` VALUES (70, 13, 'app/controllers/background.GetProductCreate', '创建', 99, '2019-05-14 10:39:25', '2019-05-14 10:39:25');
INSERT INTO `admin_navigation_node` VALUES (71, 13, 'app/controllers/background.PostProductCreate', '新增', 99, '2019-05-14 10:39:25', '2019-05-14 10:39:25');
INSERT INTO `admin_navigation_node` VALUES (72, 13, 'app/controllers/background.GetProductEdit', '编辑', 99, '2019-05-14 10:39:25', '2019-05-14 10:39:25');
INSERT INTO `admin_navigation_node` VALUES (73, 13, 'app/controllers/background.PostProductEdit', '修改', 99, '2019-05-14 10:39:25', '2019-05-14 10:39:25');
INSERT INTO `admin_navigation_node` VALUES (74, 13, 'app/controllers/background.PostProductDel', '删除', 99, '2019-05-14 10:39:25', '2019-05-14 10:39:25');
INSERT INTO `admin_navigation_node` VALUES (76, 16, 'app/controllers/background.GetFeedbackList', '列表', 99, '2019-05-14 10:47:49', '2019-05-14 10:47:49');
INSERT INTO `admin_navigation_node` VALUES (77, 15, 'app/controllers/background.GetCommentsList', '列表', 99, '2019-05-14 10:48:04', '2019-05-14 10:48:04');
INSERT INTO `admin_navigation_node` VALUES (84, 31, 'app/controllers/background.GetMemberDelList', '列表', 99, '2019-05-14 10:55:34', '2019-05-14 10:55:34');
INSERT INTO `admin_navigation_node` VALUES (85, 18, 'app/controllers/background.GetMemberList', '列表', 99, '2019-05-14 10:58:11', '2019-05-14 10:58:11');
INSERT INTO `admin_navigation_node` VALUES (86, 18, 'app/controllers/background.GetMemberCreate', '创建', 99, '2019-05-14 10:58:11', '2019-05-14 10:58:11');
INSERT INTO `admin_navigation_node` VALUES (87, 18, 'app/controllers/background.PostMemberCreate', '新增', 99, '2019-05-14 10:58:11', '2019-05-14 10:58:11');
INSERT INTO `admin_navigation_node` VALUES (88, 18, 'app/controllers/background.GetMemberEdit', '编辑', 99, '2019-05-14 10:58:11', '2019-05-14 10:58:11');
INSERT INTO `admin_navigation_node` VALUES (89, 18, 'app/controllers/background.PostMemberEdit', '修改', 99, '2019-05-14 10:58:11', '2019-05-14 10:58:11');
INSERT INTO `admin_navigation_node` VALUES (90, 18, 'app/controllers/background.GetMemberPassword', '修改密码', 99, '2019-05-14 10:58:11', '2019-05-14 10:58:11');
INSERT INTO `admin_navigation_node` VALUES (91, 18, 'app/controllers/background.PostMemberPassword', '提交密码', 99, '2019-05-14 10:58:11', '2019-05-14 10:58:11');
INSERT INTO `admin_navigation_node` VALUES (92, 18, 'app/controllers/background.GetMemberShow', '查看', 99, '2019-05-14 10:58:11', '2019-05-14 10:58:11');
INSERT INTO `admin_navigation_node` VALUES (93, 18, 'app/controllers/background.PostMemberDel', '删除', 99, '2019-05-14 10:58:11', '2019-05-14 10:58:11');
INSERT INTO `admin_navigation_node` VALUES (94, 18, 'app/controllers/background.GetMemberStatus', '锁定', 99, '2019-05-14 10:58:11', '2019-05-14 10:58:11');
INSERT INTO `admin_navigation_node` VALUES (95, 18, 'app/controllers/background.GetImportCsv', '导入', 99, '2019-05-14 10:58:11', '2019-05-14 10:58:11');
INSERT INTO `admin_navigation_node` VALUES (96, 18, 'app/controllers/background.PostImportCsv', '提交导入', 99, '2019-05-14 10:58:11', '2019-05-14 10:58:11');
INSERT INTO `admin_navigation_node` VALUES (97, 18, 'app/controllers/background.GetImportCsvDownload', '下载', 99, '2019-05-14 10:58:11', '2019-05-14 10:58:11');
INSERT INTO `admin_navigation_node` VALUES (98, 20, 'app/controllers/background.GetRoleList', '列表', 99, '2019-05-14 11:07:47', '2019-05-14 11:07:47');
INSERT INTO `admin_navigation_node` VALUES (99, 20, 'app/controllers/background.GetRoleCreate', '创建', 99, '2019-05-14 11:07:47', '2019-05-14 11:07:47');
INSERT INTO `admin_navigation_node` VALUES (100, 20, 'app/controllers/background.PostRoleCreate', '新增', 99, '2019-05-14 11:07:47', '2019-05-14 11:07:47');
INSERT INTO `admin_navigation_node` VALUES (101, 20, 'app/controllers/background.GetRoleEdit', '编辑', 99, '2019-05-14 11:07:47', '2019-05-14 11:07:47');
INSERT INTO `admin_navigation_node` VALUES (102, 20, 'app/controllers/background.PostRoleEdit', '修改', 99, '2019-05-14 11:07:47', '2019-05-14 11:07:47');
INSERT INTO `admin_navigation_node` VALUES (103, 20, 'app/controllers/background.PostRoleDel', '删除', 99, '2019-05-14 11:07:47', '2019-05-14 11:07:47');
INSERT INTO `admin_navigation_node` VALUES (104, 21, 'app/controllers/background.GetNavigationList', '列表', 99, '2019-05-14 11:09:14', '2019-05-14 11:09:14');
INSERT INTO `admin_navigation_node` VALUES (105, 21, 'app/controllers/background.GetNavigationCreate', '创建', 99, '2019-05-14 11:09:14', '2019-05-14 11:09:14');
INSERT INTO `admin_navigation_node` VALUES (106, 21, 'app/controllers/background.PostNavigationCreate', '新增', 99, '2019-05-14 11:09:14', '2019-05-14 11:09:14');
INSERT INTO `admin_navigation_node` VALUES (107, 21, 'app/controllers/background.GetNavigationEdit', '编辑', 99, '2019-05-14 11:09:14', '2019-05-14 11:09:14');
INSERT INTO `admin_navigation_node` VALUES (108, 21, 'app/controllers/background.PostNavigationEdit', '修改', 99, '2019-05-14 11:09:14', '2019-05-14 11:09:14');
INSERT INTO `admin_navigation_node` VALUES (109, 21, 'app/controllers/background.PostNavigationDel', '删除', 99, '2019-05-14 11:09:14', '2019-05-14 11:09:14');
INSERT INTO `admin_navigation_node` VALUES (110, 21, 'app/controllers/background.PostNavigationSave', '保存', 99, '2019-05-14 11:09:14', '2019-05-14 11:09:14');
INSERT INTO `admin_navigation_node` VALUES (111, 22, 'app/controllers/background.GetAdminList', '列表', 99, '2019-05-14 11:10:46', '2019-05-14 11:10:46');
INSERT INTO `admin_navigation_node` VALUES (112, 22, 'app/controllers/background.GetAdminCreate', '创建', 99, '2019-05-14 11:10:46', '2019-05-14 11:10:46');
INSERT INTO `admin_navigation_node` VALUES (113, 22, 'app/controllers/background.PostAdminCreate', '新增', 99, '2019-05-14 11:10:46', '2019-05-14 11:10:46');
INSERT INTO `admin_navigation_node` VALUES (114, 22, 'app/controllers/background.GetAdminEdit', '编辑', 99, '2019-05-14 11:10:46', '2019-05-14 11:10:46');
INSERT INTO `admin_navigation_node` VALUES (115, 22, 'app/controllers/background.PostAdminEdit', '修改', 99, '2019-05-14 11:10:46', '2019-05-14 11:10:46');
INSERT INTO `admin_navigation_node` VALUES (116, 22, 'app/controllers/background.PostAdminDel', '删除', 99, '2019-05-14 11:10:46', '2019-05-14 11:10:46');
INSERT INTO `admin_navigation_node` VALUES (117, 22, 'app/controllers/background.GetAdminStatus', '锁定', 99, '2019-05-14 11:10:46', '2019-05-14 11:10:46');
INSERT INTO `admin_navigation_node` VALUES (118, 32, 'app/controllers/background.GetChartsZx', '显示', 99, '2019-05-14 11:11:46', '2019-05-14 11:11:46');
INSERT INTO `admin_navigation_node` VALUES (119, 25, 'app/controllers/background.GetSystemBase', '设置', 99, '2019-05-14 11:12:49', '2019-05-14 11:12:49');
INSERT INTO `admin_navigation_node` VALUES (120, 25, 'app/controllers/background.PostSystemBase', '提交', 99, '2019-05-14 11:12:49', '2019-05-14 11:12:49');
INSERT INTO `admin_navigation_node` VALUES (121, 26, 'app/controllers/background.GetSystemLog', '列表', 99, '2019-05-14 11:13:54', '2019-05-14 11:13:54');
INSERT INTO `admin_navigation_node` VALUES (122, 26, 'app/controllers/background.GetSystemLogShow', '详情', 99, '2019-05-14 11:13:54', '2019-05-14 11:13:54');
INSERT INTO `admin_navigation_node` VALUES (123, 28, 'app/controllers/background.GetLangNationsIndex', '列表', 99, '2019-05-14 11:16:49', '2019-05-14 11:16:49');
INSERT INTO `admin_navigation_node` VALUES (124, 28, 'app/controllers/background.GetLangNationsCreate', '创建', 99, '2019-05-14 11:16:49', '2019-05-14 11:16:49');
INSERT INTO `admin_navigation_node` VALUES (125, 28, 'app/controllers/background.PostLangNationsCreate', '新增', 99, '2019-05-14 11:16:49', '2019-05-14 11:16:49');
INSERT INTO `admin_navigation_node` VALUES (126, 28, 'app/controllers/background.GetLangNationsEdit', '编辑', 99, '2019-05-14 11:16:49', '2019-05-14 11:16:49');
INSERT INTO `admin_navigation_node` VALUES (127, 28, 'app/controllers/background.PostLangNationsEdit', '修改', 99, '2019-05-14 11:16:49', '2019-05-14 11:16:49');
INSERT INTO `admin_navigation_node` VALUES (128, 28, 'app/controllers/background.PostLangNationsDel', '删除', 99, '2019-05-14 11:16:49', '2019-05-14 11:16:49');
INSERT INTO `admin_navigation_node` VALUES (129, 28, 'app/controllers/background.PostLangNationsSave', '保存', 99, '2019-05-14 11:16:49', '2019-05-14 11:16:49');
INSERT INTO `admin_navigation_node` VALUES (130, 29, 'app/controllers/background.GetLangIndex', '列表', 99, '2019-05-14 11:18:12', '2019-05-14 11:18:12');
INSERT INTO `admin_navigation_node` VALUES (131, 29, 'app/controllers/background.GetLangCreate', '创建', 99, '2019-05-14 11:18:12', '2019-05-14 11:18:12');
INSERT INTO `admin_navigation_node` VALUES (132, 29, 'app/controllers/background.PostLangCreate', '新增', 99, '2019-05-14 11:18:12', '2019-05-14 11:18:12');
INSERT INTO `admin_navigation_node` VALUES (133, 29, 'app/controllers/background.GetLangEdit', '编辑', 99, '2019-05-14 11:18:12', '2019-05-14 11:18:12');
INSERT INTO `admin_navigation_node` VALUES (134, 29, 'app/controllers/background.PostLangEdit', '修改', 99, '2019-05-14 11:18:12', '2019-05-14 11:18:12');
INSERT INTO `admin_navigation_node` VALUES (135, 29, 'app/controllers/background.PostLangDel', '删除', 99, '2019-05-14 11:18:12', '2019-05-14 11:18:12');
INSERT INTO `admin_navigation_node` VALUES (146, 30, 'app/controllers/background.GetDatabaseList', '列表', 99, '2019-05-14 11:32:43', '2019-05-14 11:32:43');
INSERT INTO `admin_navigation_node` VALUES (147, 30, 'app/controllers/background.GetDatabaseBackup', '备份', 99, '2019-05-14 11:32:43', '2019-05-14 11:32:43');
INSERT INTO `admin_navigation_node` VALUES (148, 30, 'app/controllers/background.GetDatabaseDel', '删除', 99, '2019-05-14 11:32:43', '2019-05-14 11:32:43');
INSERT INTO `admin_navigation_node` VALUES (149, 30, 'app/controllers/background.GetDatabaseDelAll', '删除所有', 99, '2019-05-14 11:32:43', '2019-05-14 11:32:43');
INSERT INTO `admin_navigation_node` VALUES (150, 30, 'app/controllers/background.GetDatabaseDown', '下载', 99, '2019-05-14 11:32:43', '2019-05-14 11:32:43');
INSERT INTO `admin_navigation_node` VALUES (157, 35, 'app/controllers/background.GetTimeLineList', '列表', 99, '2019-05-17 18:57:07', '2019-05-17 18:57:07');
INSERT INTO `admin_navigation_node` VALUES (158, 35, 'app/controllers/background.GetTimeLineCreate', '创建', 99, '2019-05-17 18:57:07', '2019-05-17 18:57:07');
INSERT INTO `admin_navigation_node` VALUES (159, 35, 'app/controllers/background.PostTimeLineCreate', '新增', 99, '2019-05-17 18:57:07', '2019-05-17 18:57:07');
INSERT INTO `admin_navigation_node` VALUES (160, 35, 'app/controllers/background.GetTimeLineEdit', '修改', 99, '2019-05-17 18:57:07', '2019-05-17 18:57:07');
INSERT INTO `admin_navigation_node` VALUES (161, 35, 'app/controllers/background.PostTimeLineEdit', '编辑', 99, '2019-05-17 18:57:07', '2019-05-17 18:57:07');
INSERT INTO `admin_navigation_node` VALUES (162, 35, 'app/controllers/background.PostTimeLineDel', '删除', 99, '2019-05-17 18:57:07', '2019-05-17 18:57:07');
INSERT INTO `admin_navigation_node` VALUES (163, 36, 'app/controllers/background.GetBannerCategoryList', '列表', 99, '2019-05-20 14:28:49', '2019-05-20 14:28:49');
INSERT INTO `admin_navigation_node` VALUES (164, 37, 'app/controllers/background.GetBannerList', '列表', 99, '2019-05-20 14:29:32', '2019-05-20 14:29:32');

-- ----------------------------
-- Table structure for admin_role
-- ----------------------------
DROP TABLE IF EXISTS `admin_role`;
CREATE TABLE `admin_role`  (
  `id` bigint(20) NOT NULL AUTO_INCREMENT,
  `role_name` varchar(32) CHARACTER SET utf8 COLLATE utf8_general_ci NOT NULL,
  `is_super` tinyint(1) NOT NULL DEFAULT 0,
  `is_sys` tinyint(1) NOT NULL DEFAULT 0,
  `created_at` datetime DEFAULT NULL,
  `updated_at` datetime DEFAULT NULL,
  PRIMARY KEY (`id`) USING BTREE
) ENGINE = InnoDB AUTO_INCREMENT = 5 CHARACTER SET = utf8 COLLATE = utf8_general_ci ROW_FORMAT = Compact;

-- ----------------------------
-- Records of admin_role
-- ----------------------------
INSERT INTO `admin_role` VALUES (1, '超级管理员', 1, 0, '2018-10-08 17:53:44', '2018-10-08 17:53:44');
INSERT INTO `admin_role` VALUES (2, '测试人员', 0, 0, '2018-10-08 17:58:48', '2018-10-08 21:18:43');
INSERT INTO `admin_role` VALUES (3, '运营人员', 0, 0, '2018-10-08 18:02:53', '2018-10-10 16:45:00');
INSERT INTO `admin_role` VALUES (4, '审核人员', 0, 0, '2018-10-09 16:13:06', '2019-05-14 08:41:36');

-- ----------------------------
-- Table structure for admin_role_node
-- ----------------------------
DROP TABLE IF EXISTS `admin_role_node`;
CREATE TABLE `admin_role_node`  (
  `id` bigint(20) NOT NULL AUTO_INCREMENT,
  `admin_role_id` bigint(20) NOT NULL,
  `admin_navigation_id` bigint(20) NOT NULL,
  `created_at` datetime DEFAULT NULL,
  `updated_at` datetime DEFAULT NULL,
  PRIMARY KEY (`id`) USING BTREE
) ENGINE = InnoDB AUTO_INCREMENT = 13 CHARACTER SET = utf8 COLLATE = utf8_general_ci ROW_FORMAT = Compact;

-- ----------------------------
-- Records of admin_role_node
-- ----------------------------
INSERT INTO `admin_role_node` VALUES (11, 4, 2, '2019-05-14 08:41:36', '2019-05-14 08:41:36');
INSERT INTO `admin_role_node` VALUES (12, 4, 3, '2019-05-14 08:41:36', '2019-05-14 08:41:36');

-- ----------------------------
-- Table structure for admin_role_node_routes
-- ----------------------------
DROP TABLE IF EXISTS `admin_role_node_routes`;
CREATE TABLE `admin_role_node_routes`  (
  `id` bigint(20) NOT NULL AUTO_INCREMENT,
  `admin_role_id` bigint(20) NOT NULL,
  `admin_navigation_node_id` bigint(20) NOT NULL,
  `created_at` datetime DEFAULT NULL,
  `updated_at` datetime DEFAULT NULL,
  PRIMARY KEY (`id`) USING BTREE
) ENGINE = InnoDB AUTO_INCREMENT = 45 CHARACTER SET = utf8 COLLATE = utf8_general_ci ROW_FORMAT = Compact;

-- ----------------------------
-- Records of admin_role_node_routes
-- ----------------------------
INSERT INTO `admin_role_node_routes` VALUES (31, 4, 29, NULL, NULL);
INSERT INTO `admin_role_node_routes` VALUES (32, 4, 30, NULL, NULL);
INSERT INTO `admin_role_node_routes` VALUES (33, 4, 31, NULL, NULL);
INSERT INTO `admin_role_node_routes` VALUES (34, 4, 32, NULL, NULL);
INSERT INTO `admin_role_node_routes` VALUES (35, 4, 33, NULL, NULL);
INSERT INTO `admin_role_node_routes` VALUES (36, 4, 34, NULL, NULL);
INSERT INTO `admin_role_node_routes` VALUES (37, 4, 35, NULL, NULL);
INSERT INTO `admin_role_node_routes` VALUES (38, 4, 36, NULL, NULL);
INSERT INTO `admin_role_node_routes` VALUES (39, 4, 37, NULL, NULL);
INSERT INTO `admin_role_node_routes` VALUES (40, 4, 38, NULL, NULL);
INSERT INTO `admin_role_node_routes` VALUES (41, 4, 39, NULL, NULL);
INSERT INTO `admin_role_node_routes` VALUES (42, 4, 40, NULL, NULL);
INSERT INTO `admin_role_node_routes` VALUES (43, 4, 41, NULL, NULL);
INSERT INTO `admin_role_node_routes` VALUES (44, 4, 42, NULL, NULL);

-- ----------------------------
-- Table structure for article
-- ----------------------------
DROP TABLE IF EXISTS `article`;
CREATE TABLE `article`  (
  `id` bigint(20) NOT NULL AUTO_INCREMENT,
  `title` varchar(255) CHARACTER SET utf8 COLLATE utf8_general_ci NOT NULL,
  `img` varchar(255) CHARACTER SET utf8 COLLATE utf8_general_ci DEFAULT NULL,
  `content` text CHARACTER SET utf8 COLLATE utf8_general_ci,
  `cate_id` bigint(20) DEFAULT NULL,
  `type` int(11) DEFAULT 0,
  `sort` int(11) DEFAULT 99,
  `count_num` bigint(20) DEFAULT 0,
  `status` int(11) NOT NULL DEFAULT 1,
  `keywords` varchar(255) CHARACTER SET utf8 COLLATE utf8_general_ci DEFAULT NULL,
  `intro` varchar(255) CHARACTER SET utf8 COLLATE utf8_general_ci DEFAULT NULL,
  `author_id` bigint(20) DEFAULT NULL,
  `source` varchar(255) CHARACTER SET utf8 COLLATE utf8_general_ci DEFAULT NULL,
  `is_comment` tinyint(1) DEFAULT 1,
  `start_time` varchar(255) CHARACTER SET utf8 COLLATE utf8_general_ci DEFAULT NULL,
  `end_time` varchar(255) CHARACTER SET utf8 COLLATE utf8_general_ci DEFAULT NULL,
  `created_at` datetime DEFAULT NULL,
  `updated_at` datetime DEFAULT NULL,
  `click_num` bigint(20) DEFAULT NULL,
  `is_red` tinyint(1) DEFAULT NULL,
  `is_top` tinyint(1) DEFAULT NULL,
  PRIMARY KEY (`id`) USING BTREE,
  UNIQUE INDEX `UQE_article_title`(`title`) USING BTREE
) ENGINE = InnoDB AUTO_INCREMENT = 13 CHARACTER SET = utf8 COLLATE = utf8_general_ci ROW_FORMAT = Compact;

-- ----------------------------
-- Records of article
-- ----------------------------
INSERT INTO `article` VALUES (1, '测试啊测试啊测试啊测试啊测试啊', '/uploads/images/2019/0521/e9b0aeaf-98e1-4244-9079-3629bd4f50d7.jpg', '<p>11112223333<span style=\"color: rgb(85, 85, 85); font-family: &quot;Microsoft YaHei&quot;; font-size: 14px; text-align: right; background-color: rgb(255, 255, 255);\">文章内容</span><span style=\"color: rgb(85, 85, 85); font-family: &quot;Microsoft YaHei&quot;; font-size: 14px; text-align: right; background-color: rgb(255, 255, 255);\">文章内容</span><span style=\"color: rgb(85, 85, 85); font-family: &quot;Microsoft YaHei&quot;; font-size: 14px; text-align: right; background-color: rgb(255, 255, 255);\">文章内容</span><span style=\"color: rgb(85, 85, 85); font-family: &quot;Microsoft YaHei&quot;; font-size: 14px; text-align: right; background-color: rgb(255, 255, 255);\">文章内容</span><span style=\"color: rgb(85, 85, 85); font-family: &quot;Microsoft YaHei&quot;; font-size: 14px; text-align: right; background-color: rgb(255, 255, 255);\">文章内容</span><span style=\"color: rgb(85, 85, 85); font-family: &quot;Microsoft YaHei&quot;; font-size: 14px; text-align: right; background-color: rgb(255, 255, 255);\">文章内容</span><span style=\"color: rgb(85, 85, 85); font-family: &quot;Microsoft YaHei&quot;; font-size: 14px; text-align: right; background-color: rgb(255, 255, 255);\">文章内容</span><span style=\"color: rgb(85, 85, 85); font-family: &quot;Microsoft YaHei&quot;; font-size: 14px; text-align: right; background-color: rgb(255, 255, 255);\">文章内容</span><span style=\"color: rgb(85, 85, 85); font-family: &quot;Microsoft YaHei&quot;; font-size: 14px; text-align: right; background-color: rgb(255, 255, 255);\">文章内容</span><span style=\"color: rgb(85, 85, 85); font-family: &quot;Microsoft YaHei&quot;; font-size: 14px; text-align: right; background-color: rgb(255, 255, 255);\">文章内容</span><span style=\"color: rgb(85, 85, 85); font-family: &quot;Microsoft YaHei&quot;; font-size: 14px; text-align: right; background-color: rgb(255, 255, 255);\">文章内容</span><span style=\"color: rgb(85, 85, 85); font-family: &quot;Microsoft YaHei&quot;; font-size: 14px; text-align: right; background-color: rgb(255, 255, 255);\">文章内容</span><span style=\"background-color: rgb(255, 255, 255); color: rgb(85, 85, 85); font-family: &quot;Microsoft YaHei&quot;; font-size: 14px; text-align: right;\">文章内容</span><span style=\"color: rgb(85, 85, 85); font-family: &quot;Microsoft YaHei&quot;; font-size: 14px; text-align: right; background-color: rgb(255, 255, 255);\">文章内容</span><span style=\"color: rgb(85, 85, 85); font-family: &quot;Microsoft YaHei&quot;; font-size: 14px; text-align: right; background-color: rgb(255, 255, 255);\">文章内容</span><span style=\"color: rgb(85, 85, 85); font-family: &quot;Microsoft YaHei&quot;; font-size: 14px; text-align: right; background-color: rgb(255, 255, 255);\">文章内容</span><span style=\"color: rgb(85, 85, 85); font-family: &quot;Microsoft YaHei&quot;; font-size: 14px; text-align: right; background-color: rgb(255, 255, 255);\">文章内容</span></p>', 9, 0, 0, 0, 1, 'go', '这里是摘要啊啊啊啊啊啊', 0, '0', 0, '', '', '2018-09-30 12:13:44', '2019-05-27 19:39:10', 8, 1, 1);
INSERT INTO `article` VALUES (9, '100年前的未来幻想，我们今天实现了几个？', '/uploads/images/2018/1117/03f0b2da-0ea3-4195-af76-13351a49b1fd.jpg', '<p><span style=\"color: rgb(85, 85, 85); font-family: &quot;Microsoft YaHei&quot;; font-size: 14px; text-align: right; background-color: rgb(255, 255, 255);\">文章内容</span><span style=\"color: rgb(85, 85, 85); font-family: &quot;Microsoft YaHei&quot;; font-size: 14px; text-align: right; background-color: rgb(255, 255, 255);\">文章内容</span><span style=\"color: rgb(85, 85, 85); font-family: &quot;Microsoft YaHei&quot;; font-size: 14px; text-align: right; background-color: rgb(255, 255, 255);\">文章内容</span><span style=\"color: rgb(85, 85, 85); font-family: &quot;Microsoft YaHei&quot;; font-size: 14px; text-align: right; background-color: rgb(255, 255, 255);\">文章内容</span><span style=\"color: rgb(85, 85, 85); font-family: &quot;Microsoft YaHei&quot;; font-size: 14px; text-align: right; background-color: rgb(255, 255, 255);\">文章内容</span><span style=\"color: rgb(85, 85, 85); font-family: &quot;Microsoft YaHei&quot;; font-size: 14px; text-align: right; background-color: rgb(255, 255, 255);\">文章内容</span><span style=\"color: rgb(85, 85, 85); font-family: &quot;Microsoft YaHei&quot;; font-size: 14px; text-align: right; background-color: rgb(255, 255, 255);\">文章内容</span><span style=\"color: rgb(85, 85, 85); font-family: &quot;Microsoft YaHei&quot;; font-size: 14px; text-align: right; background-color: rgb(255, 255, 255);\">文章内容</span><span style=\"color: rgb(85, 85, 85); font-family: &quot;Microsoft YaHei&quot;; font-size: 14px; text-align: right; background-color: rgb(255, 255, 255);\">文章内容</span><span style=\"color: rgb(85, 85, 85); font-family: &quot;Microsoft YaHei&quot;; font-size: 14px; text-align: right; background-color: rgb(255, 255, 255);\">文章内容</span><span style=\"color: rgb(85, 85, 85); font-family: &quot;Microsoft YaHei&quot;; font-size: 14px; text-align: right; background-color: rgb(255, 255, 255);\">文章内容</span><span style=\"color: rgb(85, 85, 85); font-family: &quot;Microsoft YaHei&quot;; font-size: 14px; text-align: right; background-color: rgb(255, 255, 255);\">文章内容</span><span style=\"color: rgb(85, 85, 85); font-family: &quot;Microsoft YaHei&quot;; font-size: 14px; text-align: right; background-color: rgb(255, 255, 255);\">文章内容</span><span style=\"color: rgb(85, 85, 85); font-family: &quot;Microsoft YaHei&quot;; font-size: 14px; text-align: right; background-color: rgb(255, 255, 255);\">文章内容</span><span style=\"color: rgb(85, 85, 85); font-family: &quot;Microsoft YaHei&quot;; font-size: 14px; text-align: right; background-color: rgb(255, 255, 255);\">文章内容</span><span style=\"color: rgb(85, 85, 85); font-family: &quot;Microsoft YaHei&quot;; font-size: 14px; text-align: right; background-color: rgb(255, 255, 255);\">文章内容</span><span style=\"color: rgb(85, 85, 85); font-family: &quot;Microsoft YaHei&quot;; font-size: 14px; text-align: right; background-color: rgb(255, 255, 255);\">文章内容</span><span style=\"color: rgb(85, 85, 85); font-family: &quot;Microsoft YaHei&quot;; font-size: 14px; text-align: right; background-color: rgb(255, 255, 255);\">文章内容</span><span style=\"color: rgb(85, 85, 85); font-family: &quot;Microsoft YaHei&quot;; font-size: 14px; text-align: right; background-color: rgb(255, 255, 255);\">文章内容</span><span style=\"color: rgb(85, 85, 85); font-family: &quot;Microsoft YaHei&quot;; font-size: 14px; text-align: right; background-color: rgb(255, 255, 255);\">文章内容</span><span style=\"color: rgb(85, 85, 85); font-family: &quot;Microsoft YaHei&quot;; font-size: 14px; text-align: right; background-color: rgb(255, 255, 255);\">文章内容</span><span style=\"color: rgb(85, 85, 85); font-family: &quot;Microsoft YaHei&quot;; font-size: 14px; text-align: right; background-color: rgb(255, 255, 255);\">文章内容</span><span style=\"color: rgb(85, 85, 85); font-family: &quot;Microsoft YaHei&quot;; font-size: 14px; text-align: right; background-color: rgb(255, 255, 255);\">文章内容</span><span style=\"color: rgb(85, 85, 85); font-family: &quot;Microsoft YaHei&quot;; font-size: 14px; text-align: right; background-color: rgb(255, 255, 255);\">文章内容</span><span style=\"color: rgb(85, 85, 85); font-family: &quot;Microsoft YaHei&quot;; font-size: 14px; text-align: right; background-color: rgb(255, 255, 255);\">文章内容</span><span style=\"color: rgb(85, 85, 85); font-family: &quot;Microsoft YaHei&quot;; font-size: 14px; text-align: right; background-color: rgb(255, 255, 255);\">文章内容</span><span style=\"color: rgb(85, 85, 85); font-family: &quot;Microsoft YaHei&quot;; font-size: 14px; text-align: right; background-color: rgb(255, 255, 255);\">文章内容</span><span style=\"color: rgb(85, 85, 85); font-family: &quot;Microsoft YaHei&quot;; font-size: 14px; text-align: right; background-color: rgb(255, 255, 255);\">文章内容</span><span style=\"color: rgb(85, 85, 85); font-family: &quot;Microsoft YaHei&quot;; font-size: 14px; text-align: right; background-color: rgb(255, 255, 255);\">文章内容</span><span style=\"color: rgb(85, 85, 85); font-family: &quot;Microsoft YaHei&quot;; font-size: 14px; text-align: right; background-color: rgb(255, 255, 255);\">文章内容</span><span style=\"color: rgb(85, 85, 85); font-family: &quot;Microsoft YaHei&quot;; font-size: 14px; text-align: right; background-color: rgb(255, 255, 255);\">文章内容</span><span style=\"color: rgb(85, 85, 85); font-family: &quot;Microsoft YaHei&quot;; font-size: 14px; text-align: right; background-color: rgb(255, 255, 255);\">文章内容</span><span style=\"color: rgb(85, 85, 85); font-family: &quot;Microsoft YaHei&quot;; font-size: 14px; text-align: right; background-color: rgb(255, 255, 255);\">文章内容</span><span style=\"color: rgb(85, 85, 85); font-family: &quot;Microsoft YaHei&quot;; font-size: 14px; text-align: right; background-color: rgb(255, 255, 255);\">文章内容</span><span style=\"color: rgb(85, 85, 85); font-family: &quot;Microsoft YaHei&quot;; font-size: 14px; text-align: right; background-color: rgb(255, 255, 255);\">文章内容</span><span style=\"color: rgb(85, 85, 85); font-family: &quot;Microsoft YaHei&quot;; font-size: 14px; text-align: right; background-color: rgb(255, 255, 255);\">文章内容</span></p>', 9, 2, 0, 1, 1, 'php', '111111111111111', 3, '0', 0, '2018-09-24 12:13:44', '2018-09-30 15:13:44', '2018-09-30 12:54:35', '2019-07-10 21:11:08', 74, 1, 1);
INSERT INTO `article` VALUES (12, '智慧树智慧树智慧树智慧树', '/uploads/images/2018/1117/03f0b2da-0ea3-4195-af76-13351a49b1fd.jpg', '<p>11111111111111111111111111111111222222222222222嗯嗯嗯</p>', 9, 2, 0, 8, 1, 'go', '大大1111111111111111111111111', 4, '0', 1, '2018-09-30 20:09:56', '2019-09-30 20:09:59', '2018-09-30 20:10:12', '2019-07-12 18:12:43', 262, 1, 1);

-- ----------------------------
-- Table structure for banner
-- ----------------------------
DROP TABLE IF EXISTS `banner`;
CREATE TABLE `banner`  (
  `id` int(11) NOT NULL AUTO_INCREMENT,
  `title` varchar(255) CHARACTER SET utf8 COLLATE utf8_general_ci DEFAULT NULL,
  `url` varchar(255) CHARACTER SET utf8 COLLATE utf8_general_ci DEFAULT NULL,
  `image` varchar(255) CHARACTER SET utf8 COLLATE utf8_general_ci DEFAULT NULL,
  `sort` bigint(20) DEFAULT NULL,
  `banner_category_id` bigint(20) DEFAULT NULL,
  `intro` varchar(255) CHARACTER SET utf8 COLLATE utf8_general_ci DEFAULT NULL,
  `content` text CHARACTER SET utf8 COLLATE utf8_general_ci,
  `created_at` datetime DEFAULT NULL,
  `updated_at` datetime DEFAULT NULL,
  `abstract` varchar(255) CHARACTER SET utf8 COLLATE utf8_general_ci DEFAULT NULL,
  PRIMARY KEY (`id`) USING BTREE,
  UNIQUE INDEX `UQE_banner_id`(`id`) USING BTREE
) ENGINE = InnoDB AUTO_INCREMENT = 21 CHARACTER SET = utf8 COLLATE = utf8_general_ci ROW_FORMAT = Compact;

-- ----------------------------
-- Records of banner
-- ----------------------------
INSERT INTO `banner` VALUES (1, 'TangBoy', 'www.baidu.com', '/uploads/images/2019/0520/1f5ca135-d64c-47a3-965a-8c168b289584.jpg', 1, 1, '一个后端程序员的个人博客，记录博主的学习,生活中的一些有趣的事，并分享后端方面技术和源码。', '<p><span style=\"color: rgb(68, 68, 68); font-family: &quot;Helvetica Neue&quot;, Helvetica, &quot;PingFang SC&quot;, 微软雅黑, Tahoma, Arial, sans-serif; font-size: 14px; text-align: center; text-indent: 28px; background-color: rgb(255, 255, 255);\">博客是一个由后端开发的个人博客网站，诞生于2019年5月17日，前端页面使用“Absolutely”大神提供的前端模板页面，以及大量的LayerUI组件，网站架构使用springboot+spring date jpa+shiro+Redis+Tomcat架构 ，后台部分页面的布局使用fsLayui框架模板。目前大体的主要功能已经完成，后续将会继续完善功能和页面的优化！</span></p>', '2019-05-20 15:17:22', '2019-05-20 15:24:36', NULL);
INSERT INTO `banner` VALUES (2, 'TangBoy', 'www', '/uploads/images/2019/0520/3a4b802f-d733-4c18-b2a1-b1dd332a913a.jpg', 99, 2, '一枚90后程序员，后端开发工程师，主攻后端，略懂Web前端', '<p style=\"padding: 0px; -webkit-tap-highlight-color: rgba(0, 0, 0, 0); font-size: 14px; text-align: center; text-indent: 2em; color: rgb(68, 68, 68); font-family: &quot;Helvetica Neue&quot;, Helvetica, &quot;PingFang SC&quot;, 微软雅黑, Tahoma, Arial, sans-serif; white-space: normal; background-color: rgb(255, 255, 255);\">诞生于1997年，目前是一个码农，从事Java方向的研究和开发。</p><h1 style=\"margin: 25px 0px 0px; padding: 0px; -webkit-tap-highlight-color: rgba(0, 0, 0, 0); font-size: 16px; color: rgb(68, 68, 68); font-family: &quot;Helvetica Neue&quot;, Helvetica, &quot;PingFang SC&quot;, 微软雅黑, Tahoma, Arial, sans-serif; white-space: normal; background-color: rgb(255, 255, 255);\">个人信息</h1><p style=\"padding: 0px; -webkit-tap-highlight-color: rgba(0, 0, 0, 0); font-size: 14px; text-indent: 2em; color: rgb(68, 68, 68); font-family: &quot;Helvetica Neue&quot;, Helvetica, &quot;PingFang SC&quot;, 微软雅黑, Tahoma, Arial, sans-serif; white-space: normal; background-color: rgb(255, 255, 255);\">一个喜欢旅游，喜欢在路上的感觉！喜欢民谣音乐的程序猿~(偶尔会跟大家分享一些好听的民谣音乐，在本站我也会推荐，喜欢的可以关注我的网易云，收藏我自己整理的歌单：蓝色牛仔裤丶)</p><h1 style=\"margin: 25px 0px 0px; padding: 0px; -webkit-tap-highlight-color: rgba(0, 0, 0, 0); font-size: 16px; color: rgb(68, 68, 68); font-family: &quot;Helvetica Neue&quot;, Helvetica, &quot;PingFang SC&quot;, 微软雅黑, Tahoma, Arial, sans-serif; white-space: normal; background-color: rgb(255, 255, 255);\">个人介绍</h1><p style=\"padding: 0px; -webkit-tap-highlight-color: rgba(0, 0, 0, 0); font-size: 14px; text-indent: 2em; color: rgb(68, 68, 68); font-family: &quot;Helvetica Neue&quot;, Helvetica, &quot;PingFang SC&quot;, 微软雅黑, Tahoma, Arial, sans-serif; white-space: normal; background-color: rgb(255, 255, 255);\">暂无</p><h1 style=\"margin: 25px 0px 0px; padding: 0px; -webkit-tap-highlight-color: rgba(0, 0, 0, 0); font-size: 16px; color: rgb(68, 68, 68); font-family: &quot;Helvetica Neue&quot;, Helvetica, &quot;PingFang SC&quot;, 微软雅黑, Tahoma, Arial, sans-serif; white-space: normal; background-color: rgb(255, 255, 255);\">未来</h1><p style=\"padding: 0px; -webkit-tap-highlight-color: rgba(0, 0, 0, 0); font-size: 14px; text-indent: 2em; color: rgb(68, 68, 68); font-family: &quot;Helvetica Neue&quot;, Helvetica, &quot;PingFang SC&quot;, 微软雅黑, Tahoma, Arial, sans-serif; white-space: normal; background-color: rgb(255, 255, 255);\">还没想好...</p><p><br/></p>', '2019-05-20 15:33:03', '2019-05-22 21:47:38', 'TangBoy，一枚90后的后端程序员，好奇心比较强，目前是一个码农，从事go+php方向的研究和开发。-- Tang');
INSERT INTO `banner` VALUES (3, '友情链接', 'Name：TangBoy博客    Site：www.long225.cn', '/uploads/images/2019/0520/f575c1bb-a7b0-4400-b609-429aad1fdf4a.png', 99, 3, '<i class=\"fa fa-close\"></i>经常宕机<i class=\"fa fa-close\"></i>不合法规<i class=\"fa fa-close\"></i>插边球站<i class=\"fa fa-close\"></i>红标报毒<i class=\"fa fa-check\"></i>原创优先<i class=\"fa fa-check\"></i>技术优先', '<p><span style=\"color: rgb(68, 68, 68); font-family: &quot;Helvetica Neue&quot;, Helvetica, &quot;PingFang SC&quot;, 微软雅黑, Tahoma, Arial, sans-serif; font-size: 28px; text-align: center; background-color: rgb(255, 255, 255);\">互换友链，携手并进！</span></p>', '2019-05-20 15:35:01', '2019-05-20 15:35:46', NULL);
INSERT INTO `banner` VALUES (4, '留言墙', 'www.baidu.com', '/uploads/images/2019/0520/10d04e4c-8ca3-4d59-a02c-9a5adefa6785.png', 99, 4, '本页面可留言、吐槽、提问。欢迎灌水，杜绝广告！', '<p><span style=\"color: rgb(68, 68, 68); font-family: &quot;Helvetica Neue&quot;, Helvetica, &quot;PingFang SC&quot;, 微软雅黑, Tahoma, Arial, sans-serif; font-size: 28px; text-align: center; background-color: rgb(255, 255, 255);\">沟通交流，拉近你我！</span></p>', '2019-05-20 15:36:21', '2019-05-20 15:36:21', NULL);
INSERT INTO `banner` VALUES (5, 'a', '', '/uploads/images/2019/0523/f0d3cd78-70cc-4916-8ef3-7204f18b4a82.jpg', 99, 5, '', '', '2019-05-23 11:10:49', '2019-05-23 11:10:58', '');
INSERT INTO `banner` VALUES (6, 'b', '', '/uploads/images/2019/0523/cd818ece-7c49-441d-821f-c3afc2fe2c0e.jpg', 99, 5, '', '', '2019-05-23 11:11:45', '2019-05-23 11:11:45', '');
INSERT INTO `banner` VALUES (9, '百度一下', 'http://www.baidu.com', '', 99, 3, '', '', '2019-05-23 12:59:42', '2019-05-23 12:59:42', '');
INSERT INTO `banner` VALUES (10, '大众线路一', 'http://yun.baiyug.cn/vip/?url=', '', 99, 7, '', '', '2019-07-04 17:54:50', '2019-07-04 17:54:50', '');
INSERT INTO `banner` VALUES (11, ' 电脑线路二', 'http://333c48.sh.1251081682.clb.myqcloud.com/?url=', '', 99, 7, '', '', '2019-07-04 17:55:09', '2019-07-04 17:55:09', '');
INSERT INTO `banner` VALUES (12, ' 默认一 ', 'http://www.ibb6.com/jx/?url=', '', 99, 7, '', '', '2019-07-04 17:55:39', '2019-07-04 17:55:39', '');
INSERT INTO `banner` VALUES (13, ' 默认二 ', 'http://vip.66parse.club/?url=', '', 99, 7, '', '', '2019-07-04 17:55:54', '2019-07-04 17:55:54', '');
INSERT INTO `banner` VALUES (14, ' 思古解析 ', 'http://www.ibb6.com/svip/v.php?url=', '', 99, 7, '', '', '2019-07-04 17:56:12', '2019-07-04 17:56:12', '');
INSERT INTO `banner` VALUES (15, ' vip解析 ', 'https://api.sigujx.com/jx/?url=', '', 99, 7, '', '', '2019-07-04 17:56:28', '2019-07-04 17:56:28', '');
INSERT INTO `banner` VALUES (16, ' 线路三 ', 'https://vip.bljiex.com/?v=', '', 99, 7, '', '', '2019-07-04 17:56:45', '2019-07-04 17:56:45', '');
INSERT INTO `banner` VALUES (17, ' 线路四 ', 'http://www.ibb6.com/yunjx/?url=', '', 99, 7, '', '', '2019-07-04 17:57:03', '2019-07-04 17:57:03', '');
INSERT INTO `banner` VALUES (18, ' 线路六 ', 'http://www.ibb6.com/vip/?url=', '', 99, 7, '', '', '2019-07-04 17:57:18', '2019-07-04 17:57:18', '');
INSERT INTO `banner` VALUES (19, ' 线路七 ', 'http://www.ibb6.com/yun/?url=', '', 99, 7, '', '', '2019-07-04 17:57:31', '2019-07-04 17:57:31', '');
INSERT INTO `banner` VALUES (20, '百度一下', 'https://www.baidu.com/', '', 99, 8, '百度一下', '', '2019-07-12 18:31:29', '2019-07-12 18:31:29', '');

-- ----------------------------
-- Table structure for banner_category
-- ----------------------------
DROP TABLE IF EXISTS `banner_category`;
CREATE TABLE `banner_category`  (
  `id` int(11) NOT NULL AUTO_INCREMENT,
  `title` varchar(255) CHARACTER SET utf8 COLLATE utf8_general_ci DEFAULT NULL,
  `index` varchar(255) CHARACTER SET utf8 COLLATE utf8_general_ci DEFAULT NULL,
  `intro` varchar(255) CHARACTER SET utf8 COLLATE utf8_general_ci DEFAULT NULL,
  `created_at` datetime DEFAULT NULL,
  `updated_at` datetime DEFAULT NULL,
  PRIMARY KEY (`id`) USING BTREE,
  UNIQUE INDEX `UQE_banner_category_id`(`id`) USING BTREE
) ENGINE = InnoDB AUTO_INCREMENT = 9 CHARACTER SET = utf8 COLLATE = utf8_general_ci ROW_FORMAT = Compact;

-- ----------------------------
-- Records of banner_category
-- ----------------------------
INSERT INTO `banner_category` VALUES (1, '关于博客', 'about_blog', 'en', '2019-05-20 14:44:38', '2019-05-20 14:49:31');
INSERT INTO `banner_category` VALUES (2, '关于作者', 'about_author', '', '2019-05-20 15:28:34', '2019-05-20 15:28:34');
INSERT INTO `banner_category` VALUES (3, '友情链接', 'about_friendship', '', '2019-05-20 15:31:21', '2019-05-20 15:31:21');
INSERT INTO `banner_category` VALUES (4, '留言墙', 'about_wall', '', '2019-05-20 15:32:03', '2019-05-20 15:32:03');
INSERT INTO `banner_category` VALUES (5, 'PC首页banner图', 'pc_banner', '', '2019-05-23 11:08:13', '2019-05-23 11:08:13');
INSERT INTO `banner_category` VALUES (6, '友情链接', 'friendly_link', '', '2019-05-23 11:08:43', '2019-05-23 12:58:18');
INSERT INTO `banner_category` VALUES (7, '精彩视频(思古)', 'sigu_video', '精彩视频', '2019-07-04 17:53:54', '2019-07-04 17:54:07');
INSERT INTO `banner_category` VALUES (8, '友情链接', 'friend_ship', '友情链接', '2019-07-12 18:30:58', '2019-07-12 18:30:58');

-- ----------------------------
-- Table structure for blog_admin
-- ----------------------------
DROP TABLE IF EXISTS `blog_admin`;
CREATE TABLE `blog_admin`  (
  `id` bigint(20) NOT NULL AUTO_INCREMENT,
  `admin_role_id` bigint(20) DEFAULT NULL,
  `username` varchar(255) CHARACTER SET utf8 COLLATE utf8_general_ci NOT NULL,
  `password` varchar(500) CHARACTER SET utf8 COLLATE utf8_general_ci NOT NULL,
  `email` varchar(255) CHARACTER SET utf8 COLLATE utf8_general_ci DEFAULT NULL,
  `mobile` varchar(255) CHARACTER SET utf8 COLLATE utf8_general_ci NOT NULL,
  `is_lock` tinyint(1) NOT NULL DEFAULT 0,
  `login_count` int(11) NOT NULL DEFAULT 0,
  `last_login` datetime DEFAULT NULL,
  `created_at` datetime DEFAULT NULL,
  `updated_at` datetime DEFAULT NULL,
  PRIMARY KEY (`id`) USING BTREE,
  UNIQUE INDEX `UQE_blog_admin_email`(`email`) USING BTREE,
  INDEX `admin_role_id`(`admin_role_id`) USING BTREE
) ENGINE = InnoDB AUTO_INCREMENT = 18 CHARACTER SET = utf8 COLLATE = utf8_general_ci ROW_FORMAT = Compact;

-- ----------------------------
-- Records of blog_admin
-- ----------------------------
INSERT INTO `blog_admin` VALUES (1, 1, 'admin', 'e10adc3949ba59abbe56e057f20f883e', '227@qq.com', '123456', 0, 183, '2019-07-12 20:35:17', NULL, '2019-07-12 20:35:17');
INSERT INTO `blog_admin` VALUES (2, 4, 'tang', 'e10adc3949ba59abbe56e057f20f883e', NULL, '123123', 0, 203, '2019-04-16 15:06:48', '2018-10-07 11:03:06', '2019-04-16 15:06:48');
INSERT INTO `blog_admin` VALUES (15, 2, 'test', 'e10adc3949ba59abbe56e057f20f883e', 'tzf2273465837@126.com', '13530928725', 0, 0, NULL, '2018-10-08 21:57:51', '2019-04-30 13:17:19');
INSERT INTO `blog_admin` VALUES (16, 4, '13530928725', 'e10adc3949ba59abbe56e057f20f883e', '13530928725@', '13530928725', 0, 8, '2019-05-14 08:44:52', '2018-10-10 14:16:48', '2019-05-14 08:44:52');
INSERT INTO `blog_admin` VALUES (17, 2, '小六', 'eyJpdiI6Ikp4WTRoRUhkV1E3bGgxZjQ0czZGOWc9PSIsInZhbHVlIjoiem0rcXpqMUlTY3ZrbGJRRDB0dkJLQT09IiwibWFjIjoiMzlmMzBkZTFkMjQ5MzU0Y2JiYWMyMmU3OTU0ZWYxYjBlNmJmOTdhOGZhNDNjOGJlODY0MGViYmQxOTE2NzFhZSJ9', '88677@qq.com', '13826538517', 0, 5, NULL, '2018-10-12 17:02:59', '2018-12-07 20:57:08');

-- ----------------------------
-- Table structure for blog_admin_log
-- ----------------------------
DROP TABLE IF EXISTS `blog_admin_log`;
CREATE TABLE `blog_admin_log`  (
  `id` bigint(20) UNSIGNED NOT NULL AUTO_INCREMENT,
  `admin_id` bigint(20) DEFAULT NULL,
  `ip` varchar(45) CHARACTER SET utf8mb4 COLLATE utf8mb4_unicode_ci NOT NULL,
  `area` varchar(64) CHARACTER SET utf8mb4 COLLATE utf8mb4_unicode_ci NOT NULL,
  `url` varchar(255) CHARACTER SET utf8mb4 COLLATE utf8mb4_unicode_ci NOT NULL,
  `type` varchar(10) CHARACTER SET utf8mb4 COLLATE utf8mb4_unicode_ci NOT NULL,
  `request` text CHARACTER SET utf8mb4 COLLATE utf8mb4_unicode_ci NOT NULL,
  `created_at` timestamp DEFAULT NULL,
  `updated_at` timestamp DEFAULT NULL,
  PRIMARY KEY (`id`) USING BTREE,
  INDEX `admin_log_admin_id_foreign`(`admin_id`) USING BTREE,
  CONSTRAINT `admin_log_admin_id_foreign` FOREIGN KEY (`admin_id`) REFERENCES `blog_admin` (`id`) ON DELETE RESTRICT ON UPDATE RESTRICT
) ENGINE = InnoDB AUTO_INCREMENT = 320 CHARACTER SET = utf8mb4 COLLATE = utf8mb4_unicode_ci ROW_FORMAT = Compact;

-- ----------------------------
-- Records of blog_admin_log
-- ----------------------------
INSERT INTO `blog_admin_log` VALUES (1, 17, '::1', '', 'admin/index', 'GET', '[]', '2018-10-17 21:07:09', '2018-10-17 21:07:09');
INSERT INTO `blog_admin_log` VALUES (2, 17, '::1', '', 'admin/info', 'GET', '[]', '2018-10-17 21:07:10', '2018-10-17 21:07:10');
INSERT INTO `blog_admin_log` VALUES (3, 17, '::1', '', 'admin/index', 'GET', '[]', '2018-10-17 21:43:12', '2018-10-17 21:43:12');
INSERT INTO `blog_admin_log` VALUES (4, 17, '::1', '', 'admin/info', 'GET', '[]', '2018-10-17 21:43:12', '2018-10-17 21:43:12');
INSERT INTO `blog_admin_log` VALUES (5, 17, '::1', '', 'admin/index', 'GET', '[]', '2018-10-17 21:48:48', '2018-10-17 21:48:48');
INSERT INTO `blog_admin_log` VALUES (6, 17, '::1', '', 'admin/info', 'GET', '[]', '2018-10-17 21:48:49', '2018-10-17 21:48:49');
INSERT INTO `blog_admin_log` VALUES (7, 17, '::1', '', 'admin/index', 'GET', '[]', '2018-10-17 21:49:50', '2018-10-17 21:49:50');
INSERT INTO `blog_admin_log` VALUES (8, 17, '::1', '', 'admin/info', 'GET', '[]', '2018-10-17 21:49:50', '2018-10-17 21:49:50');
INSERT INTO `blog_admin_log` VALUES (9, 17, '::1', '', 'admin/index', 'GET', '[]', '2018-10-17 21:50:27', '2018-10-17 21:50:27');
INSERT INTO `blog_admin_log` VALUES (10, 17, '::1', '', 'admin/info', 'GET', '[]', '2018-10-17 21:50:27', '2018-10-17 21:50:27');
INSERT INTO `blog_admin_log` VALUES (11, 17, '::1', '', 'admin/index', 'GET', '[]', '2018-10-17 21:51:40', '2018-10-17 21:51:40');
INSERT INTO `blog_admin_log` VALUES (12, 17, '::1', '', 'admin/info', 'GET', '[]', '2018-10-17 21:51:40', '2018-10-17 21:51:40');
INSERT INTO `blog_admin_log` VALUES (13, 17, '::1', '', 'admin/index', 'GET', '[]', '2018-10-17 21:52:30', '2018-10-17 21:52:30');
INSERT INTO `blog_admin_log` VALUES (14, 17, '::1', '', 'admin/info', 'GET', '[]', '2018-10-17 21:52:30', '2018-10-17 21:52:30');
INSERT INTO `blog_admin_log` VALUES (15, 17, '::1', '', 'admin/index', 'GET', '[]', '2018-10-17 21:52:50', '2018-10-17 21:52:50');
INSERT INTO `blog_admin_log` VALUES (16, 17, '::1', '', 'admin/info', 'GET', '[]', '2018-10-17 21:52:50', '2018-10-17 21:52:50');
INSERT INTO `blog_admin_log` VALUES (17, 1, '::1', '', 'background/email/smtp/create', 'POST', '{\"_token\":\"zcnKmdvaAQwpVGaUMt4QHBOK0hAoNxaAWfITwJsP\",\"name\":\"126 Email\",\"key\":\"smtp\",\"is_enable\":\"1\"}', '2018-10-19 18:52:00', '2018-10-19 18:52:00');
INSERT INTO `blog_admin_log` VALUES (18, 1, '::1', '', 'background/key/set_email', 'POST', '{\"_token\":\"CoyQLCIjAcTGMFWFaKQqtLBgqNGanbfvyla07f2E\",\"email_id\":\"1\",\"data\":[{\"name\":\"smtp.host.1\",\"key\":\"smtp.126.com\"},{\"name\":\"smtp.is_ssl.1\",\"key\":\"ssl\"},{\"name\":\"smtp.port.1\",\"key\":\"465\"},{\"name\":\"smtp.from.1\",\"key\":\"\\u767d\\u8863\\u5c11\\u4fa0\"},{\"name\":\"smtp.username.1\",\"key\":\"tzf2273465837@126.com\"},{\"name\":\"smtp.password.1\",\"key\":\"tzf2273465837\"},{\"name\":\"smtp.nick.1\",\"key\":\"by \\u767d\\u8863\\u5c11\\u4fa0\"}]}', '2018-10-19 18:59:16', '2018-10-19 18:59:16');
INSERT INTO `blog_admin_log` VALUES (19, 1, '::1', '', 'background/email/test', 'POST', '{\"_token\":\"CoyQLCIjAcTGMFWFaKQqtLBgqNGanbfvyla07f2E\",\"email_id\":\"1\",\"email\":\"1174881637@qq.com\",\"title\":\"Email Send Test\",\"content\":\"Email Send Content\"}', '2018-10-19 19:00:07', '2018-10-19 19:00:07');
INSERT INTO `blog_admin_log` VALUES (20, 1, '::1', '', 'background/key/set_email', 'POST', '{\"_token\":\"CoyQLCIjAcTGMFWFaKQqtLBgqNGanbfvyla07f2E\",\"email_id\":\"1\",\"data\":[{\"name\":\"smtp.host.1\",\"key\":\"smtp.126.com\"},{\"name\":\"smtp.is_ssl.1\",\"key\":\"ssl\"},{\"name\":\"smtp.port.1\",\"key\":\"465\"},{\"name\":\"smtp.from.1\",\"key\":\"\\u767d\\u8863\\u5c11\\u4fa0\"},{\"name\":\"smtp.username.1\",\"key\":\"tzf2273465837@126.com\"},{\"name\":\"smtp.password.1\",\"key\":\"123456\"},{\"name\":\"smtp.nick.1\",\"key\":\"by \\u767d\\u8863\\u5c11\\u4fa0\"}]}', '2018-10-19 19:06:10', '2018-10-19 19:06:10');
INSERT INTO `blog_admin_log` VALUES (21, 1, '::1', '', 'background/ip/black/create', 'POST', '{\"_token\":\"N0zhz9uXrGYfH1sVTTH80RSSD5Ydk5pntRVVBzLJ\",\"start_ip\":\"192.168.20.20\",\"end_ip\":\"192.168.20.30\",\"type\":\"background\"}', '2018-10-20 09:23:37', '2018-10-20 09:23:37');
INSERT INTO `blog_admin_log` VALUES (22, 1, '::1', '', 'background/iplimit', 'POST', '{\"_token\":\"N0zhz9uXrGYfH1sVTTH80RSSD5Ydk5pntRVVBzLJ\",\"sys_ip_admin_limit\":\"black\"}', '2018-10-20 09:24:30', '2018-10-20 09:24:30');
INSERT INTO `blog_admin_log` VALUES (23, 1, '::1', '', 'background/config', 'POST', '{\"_token\":\"N0zhz9uXrGYfH1sVTTH80RSSD5Ydk5pntRVVBzLJ\",\"sys_name\":\"\\u767d\\u8863\\u5c11\\u4fa0\",\"sys_is_open\":\"1\",\"sys_close_info\":null,\"sys_cache_time\":\"10\",\"sys_paginate\":\"10\",\"sys_water\":null,\"file\":null,\"sys_water_bottom\":null,\"sys_water_left\":null,\"sys_qrcode_img\":null,\"sys_qrcode_margin\":null,\"sys_qrcode_size\":null,\"sys_color_red\":null,\"sys_color_green\":null,\"sys_color_blue_red\":null,\"sys_background_color_red\":null,\"sys_background_color_green\":null,\"sys_background_color_blue\":null}', '2018-10-20 09:48:23', '2018-10-20 09:48:23');
INSERT INTO `blog_admin_log` VALUES (24, 1, '::1', '', 'background/config', 'POST', '{\"_token\":\"N0zhz9uXrGYfH1sVTTH80RSSD5Ydk5pntRVVBzLJ\",\"sys_name\":\"\\u767d\\u8863\\u5c11\\u4fa0\",\"sys_is_open\":\"1\",\"sys_close_info\":null,\"sys_cache_time\":\"10\",\"sys_paginate\":\"10\",\"sys_water\":null,\"file\":null,\"sys_water_bottom\":null,\"sys_water_left\":null,\"sys_qrcode_img\":null,\"sys_qrcode_margin\":null,\"sys_qrcode_size\":null,\"sys_color_red\":null,\"sys_color_green\":null,\"sys_color_blue_red\":null,\"sys_background_color_red\":null,\"sys_background_color_green\":null,\"sys_background_color_blue\":null}', '2018-10-20 10:16:19', '2018-10-20 10:16:19');
INSERT INTO `blog_admin_log` VALUES (25, 1, '::1', '', 'background/config', 'POST', '{\"_token\":\"N0zhz9uXrGYfH1sVTTH80RSSD5Ydk5pntRVVBzLJ\",\"sys_name\":\"\\u767d\\u8863\\u5c11\\u4fa0\",\"sys_is_open\":\"1\",\"sys_close_info\":null,\"sys_cache_time\":\"10\",\"sys_paginate\":\"10\",\"sys_water\":null,\"file\":null,\"sys_water_bottom\":null,\"sys_water_left\":null,\"sys_qrcode_img\":null,\"sys_qrcode_margin\":null,\"sys_qrcode_size\":null,\"sys_color_red\":null,\"sys_color_green\":null,\"sys_color_blue_red\":null,\"sys_background_color_red\":null,\"sys_background_color_green\":null,\"sys_background_color_blue\":null}', '2018-10-20 10:23:13', '2018-10-20 10:23:13');
INSERT INTO `blog_admin_log` VALUES (26, 1, '::1', '', 'background/config', 'POST', '{\"_token\":\"N0zhz9uXrGYfH1sVTTH80RSSD5Ydk5pntRVVBzLJ\",\"sys_____name\":\"\\u554a\",\"sys_is_open\":\"1\",\"sys_close_info\":null,\"sys_cache_time\":\"10\",\"sys_paginate\":\"10\",\"sys_water\":null,\"file\":null,\"sys_water_bottom\":null,\"sys_water_left\":null,\"sys_qrcode_img\":null,\"sys_qrcode_margin\":null,\"sys_qrcode_size\":null,\"sys_color_red\":null,\"sys_color_green\":null,\"sys_color_blue_red\":null,\"sys_background_color_red\":null,\"sys_background_color_green\":null,\"sys_background_color_blue\":null}', '2018-10-20 10:23:40', '2018-10-20 10:23:40');
INSERT INTO `blog_admin_log` VALUES (27, 1, '::1', '', 'background/config', 'POST', '{\"_token\":\"N0zhz9uXrGYfH1sVTTH80RSSD5Ydk5pntRVVBzLJ\",\"sys_name\":\"\\u767d\\u8863\\u5c11\\u4fa0\\u554a\",\"sys_is_open\":\"1\",\"sys_close_info\":null,\"sys_cache_time\":\"10\",\"sys_paginate\":\"10\",\"sys_water\":null,\"file\":null,\"sys_water_bottom\":null,\"sys_water_left\":null,\"sys_qrcode_img\":null,\"sys_qrcode_margin\":null,\"sys_qrcode_size\":null,\"sys_color_red\":null,\"sys_color_green\":null,\"sys_color_blue_red\":null,\"sys_background_color_red\":null,\"sys_background_color_green\":null,\"sys_background_color_blue\":null}', '2018-10-20 10:23:56', '2018-10-20 10:23:56');
INSERT INTO `blog_admin_log` VALUES (28, 1, '::1', '', 'background/config', 'POST', '{\"_token\":\"N0zhz9uXrGYfH1sVTTH80RSSD5Ydk5pntRVVBzLJ\",\"sys_name\":\"\\u767d\\u8863\\u5c11\\u4fa01\",\"sys_is_open\":\"1\",\"sys_close_info\":null,\"sys_cache_time\":\"10\",\"sys_paginate\":\"10\",\"sys_water\":null,\"file\":null,\"sys_water_bottom\":null,\"sys_water_left\":null,\"sys_qrcode_img\":null,\"sys_qrcode_margin\":null,\"sys_qrcode_size\":null,\"sys_color_red\":null,\"sys_color_green\":null,\"sys_color_blue_red\":null,\"sys_background_color_red\":null,\"sys_background_color_green\":null,\"sys_background_color_blue\":null}', '2018-10-20 10:24:41', '2018-10-20 10:24:41');
INSERT INTO `blog_admin_log` VALUES (29, 1, '::1', '', 'background/config', 'POST', '{\"_token\":\"N0zhz9uXrGYfH1sVTTH80RSSD5Ydk5pntRVVBzLJ\",\"sys_name\":\"\\u767d\\u8863\\u5c11\\u4fa01\",\"sys_is_open\":\"1\",\"sys_close_info\":null,\"sys_cache_time\":\"10\",\"sys_paginate\":\"10\",\"sys_water\":null,\"file\":null,\"sys_water_bottom\":null,\"sys_water_left\":null,\"sys_qrcode_img\":null,\"sys_qrcode_margin\":null,\"sys_qrcode_size\":null,\"sys_color_red\":null,\"sys_color_green\":null,\"sys_color_blue_red\":null,\"sys_background_color_red\":null,\"sys_background_color_green\":null,\"sys_background_color_blue\":null}', '2018-10-20 10:25:59', '2018-10-20 10:25:59');
INSERT INTO `blog_admin_log` VALUES (30, 1, '::1', '', 'background/config', 'POST', '{\"_token\":\"N0zhz9uXrGYfH1sVTTH80RSSD5Ydk5pntRVVBzLJ\",\"sys_name\":\"\\u767d\\u8863\\u5c11\\u4fa02\",\"sys_is_open\":\"1\",\"sys_close_info\":null,\"sys_cache_time\":\"10\",\"sys_paginate\":\"10\",\"sys_water\":null,\"file\":null,\"sys_water_bottom\":null,\"sys_water_left\":null,\"sys_qrcode_img\":null,\"sys_qrcode_margin\":null,\"sys_qrcode_size\":null,\"sys_color_red\":null,\"sys_color_green\":null,\"sys_color_blue_red\":null,\"sys_background_color_red\":null,\"sys_background_color_green\":null,\"sys_background_color_blue\":null}', '2018-10-20 10:27:52', '2018-10-20 10:27:52');
INSERT INTO `blog_admin_log` VALUES (31, 1, '::1', '', 'background/config', 'POST', '{\"_token\":\"N0zhz9uXrGYfH1sVTTH80RSSD5Ydk5pntRVVBzLJ\",\"sys_name\":\"\\u767d\\u8863\\u5c11\\u4fa0\",\"sys_is_open\":\"1\",\"sys_close_info\":null,\"sys_cache_time\":\"20\",\"sys_paginate\":\"10\",\"sys_water\":null,\"file\":null,\"sys_water_bottom\":null,\"sys_water_left\":null,\"sys_qrcode_img\":null,\"sys_qrcode_margin\":null,\"sys_qrcode_size\":null,\"sys_color_red\":null,\"sys_color_green\":null,\"sys_color_blue_red\":null,\"sys_background_color_red\":null,\"sys_background_color_green\":null,\"sys_background_color_blue\":null}', '2018-10-20 10:28:15', '2018-10-20 10:28:15');
INSERT INTO `blog_admin_log` VALUES (32, 1, '::1', '', 'background/ip/black/create', 'POST', '{\"_token\":\"N0zhz9uXrGYfH1sVTTH80RSSD5Ydk5pntRVVBzLJ\",\"ff_gg\":\"1\",\"start_ip\":\"1\",\"end_ip\":\"1\",\"type\":\"background\"}', '2018-10-20 10:30:19', '2018-10-20 10:30:19');
INSERT INTO `blog_admin_log` VALUES (33, 1, '::1', '', 'background/config', 'POST', '{\"_token\":\"2ar9oprcNALz2nbt6RMvEUkAZge1V4CBVjShNOIu\",\"again_form\":\"again_form\",\"sys_name\":\"\\u767d\\u8863\\u5c11\\u4fa0\",\"sys_is_open\":\"1\",\"sys_close_info\":\"\\u7ad9\\u70b9\\u5173\\u95ed\\u63d0\\u793a\\u4fe1\\u606f\",\"sys_cache_time\":\"20\",\"sys_paginate\":\"10\",\"sys_water\":null,\"file\":null,\"sys_water_bottom\":null,\"sys_water_left\":null,\"sys_qrcode_img\":null,\"sys_qrcode_margin\":null,\"sys_qrcode_size\":null,\"sys_color_red\":null,\"sys_color_green\":null,\"sys_color_blue_red\":null,\"sys_background_color_red\":null,\"sys_background_color_green\":null,\"sys_background_color_blue\":null}', '2018-10-20 19:05:45', '2018-10-20 19:05:45');
INSERT INTO `blog_admin_log` VALUES (34, 1, '::1', '', 'background/config', 'POST', '{\"_token\":\"2ar9oprcNALz2nbt6RMvEUkAZge1V4CBVjShNOIu\",\"again_form\":\"again_form\",\"sys_name\":\"\\u767d\\u8863\\u5c11\\u4fa0\",\"sys_is_open\":\"1\",\"sys_close_info\":\"\\u7ad9\\u70b9\\u5173\\u95ed\\u63d0\\u793a\\u4fe1\\u606f\",\"sys_cache_time\":\"20\",\"sys_paginate\":\"10\",\"sys_water\":null,\"file\":null,\"sys_water_bottom\":null,\"sys_water_left\":null,\"sys_qrcode_img\":null,\"sys_qrcode_margin\":null,\"sys_qrcode_size\":null,\"sys_color_red\":null,\"sys_color_green\":null,\"sys_color_blue_red\":null,\"sys_background_color_red\":null,\"sys_background_color_green\":null,\"sys_background_color_blue\":null}', '2018-10-20 19:05:54', '2018-10-20 19:05:54');
INSERT INTO `blog_admin_log` VALUES (35, 1, '::1', '', 'background/config', 'POST', '{\"_token\":\"2ar9oprcNALz2nbt6RMvEUkAZge1V4CBVjShNOIu\",\"again_form\":\"again_form\",\"sys_name\":\"\\u767d\\u8863\\u5c11\\u4fa0\",\"sys_is_open\":\"1\",\"sys_close_info\":\"\\u7ad9\\u70b9\\u5173\\u95ed\\u63d0\\u793a\\u4fe1\\u606f\",\"sys_cache_time\":\"20\",\"sys_paginate\":\"10\",\"sys_water\":null,\"file\":null,\"sys_water_bottom\":null,\"sys_water_left\":null,\"sys_qrcode_img\":null,\"sys_qrcode_margin\":null,\"sys_qrcode_size\":null,\"sys_color_red\":null,\"sys_color_green\":null,\"sys_color_blue_red\":null,\"sys_background_color_red\":null,\"sys_background_color_green\":null,\"sys_background_color_blue\":null}', '2018-10-20 19:10:56', '2018-10-20 19:10:56');
INSERT INTO `blog_admin_log` VALUES (36, 1, '::1', '', 'background/config', 'POST', '{\"_token\":\"2ar9oprcNALz2nbt6RMvEUkAZge1V4CBVjShNOIu\",\"again_form\":\"again_form\",\"sys_name\":\"\\u767d\\u8863\\u5c11\\u4fa0\",\"sys_is_open\":\"1\",\"sys_close_info\":\"\\u7ad9\\u70b9\\u5173\\u95ed\\u63d0\\u793a\\u4fe1\\u606f\",\"sys_cache_time\":\"20\",\"sys_paginate\":\"10\",\"sys_water\":null,\"file\":null,\"sys_water_bottom\":null,\"sys_water_left\":null,\"sys_qrcode_img\":null,\"sys_qrcode_margin\":null,\"sys_qrcode_size\":null,\"sys_color_red\":null,\"sys_color_green\":null,\"sys_color_blue_red\":null,\"sys_background_color_red\":null,\"sys_background_color_green\":null,\"sys_background_color_blue\":null}', '2018-10-20 19:11:21', '2018-10-20 19:11:21');
INSERT INTO `blog_admin_log` VALUES (37, 1, '::1', '', 'background/config', 'POST', '{\"_token\":\"2ar9oprcNALz2nbt6RMvEUkAZge1V4CBVjShNOIu\",\"again_form\":\"again_form\",\"sys_name\":\"\\u767d\\u8863\\u5c11\\u4fa0\",\"sys_is_open\":\"1\",\"sys_close_info\":\"\\u7ad9\\u70b9\\u5173\\u95ed\\u63d0\\u793a\",\"sys_cache_time\":\"20\",\"sys_paginate\":\"10\",\"sys_water\":null,\"file\":null,\"sys_water_bottom\":null,\"sys_water_left\":null,\"sys_qrcode_img\":null,\"sys_qrcode_margin\":null,\"sys_qrcode_size\":null,\"sys_color_red\":null,\"sys_color_green\":null,\"sys_color_blue_red\":null,\"sys_background_color_red\":null,\"sys_background_color_green\":null,\"sys_background_color_blue\":null}', '2018-10-20 19:12:50', '2018-10-20 19:12:50');
INSERT INTO `blog_admin_log` VALUES (38, 1, '::1', '', 'background/config', 'POST', '{\"_token\":\"2ar9oprcNALz2nbt6RMvEUkAZge1V4CBVjShNOIu\",\"again_form\":\"again_form\",\"sys_name\":\"\\u767d\\u8863\\u5c11\\u4fa0\",\"sys_is_open\":\"1\",\"sys_close_info\":\"\\u7ad9\\u70b9\\u5173\\u95ed\\u63d0\\u793a\",\"sys_cache_time\":\"20\",\"sys_paginate\":\"10\",\"sys_water\":null,\"file\":null,\"sys_water_bottom\":null,\"sys_water_left\":null,\"sys_qrcode_img\":null,\"sys_qrcode_margin\":null,\"sys_qrcode_size\":null,\"sys_color_red\":null,\"sys_color_green\":null,\"sys_color_blue_red\":null,\"sys_background_color_red\":null,\"sys_background_color_green\":null,\"sys_background_color_blue\":null}', '2018-10-20 19:14:25', '2018-10-20 19:14:25');
INSERT INTO `blog_admin_log` VALUES (39, 1, '::1', '', 'background/config', 'POST', '{\"_token\":\"2ar9oprcNALz2nbt6RMvEUkAZge1V4CBVjShNOIu\",\"again_form\":\"again_form\",\"sys_name\":\"\\u767d\\u8863\\u5c11\\u4fa0\",\"sys_is_open\":\"1\",\"sys_close_info\":\"\\u7ad9\\u70b9\\u5173\\u95ed\\u63d0\\u793a\",\"sys_cache_time\":\"20\",\"sys_paginate\":\"10\",\"sys_water\":null,\"file\":null,\"sys_water_bottom\":null,\"sys_water_left\":null,\"sys_qrcode_img\":null,\"sys_qrcode_margin\":null,\"sys_qrcode_size\":null,\"sys_color_red\":null,\"sys_color_green\":null,\"sys_color_blue_red\":null,\"sys_background_color_red\":null,\"sys_background_color_green\":null,\"sys_background_color_blue\":null}', '2018-10-20 19:14:27', '2018-10-20 19:14:27');
INSERT INTO `blog_admin_log` VALUES (40, 1, '::1', '', 'background/config', 'POST', '{\"_token\":\"2ar9oprcNALz2nbt6RMvEUkAZge1V4CBVjShNOIu\",\"again_form\":\"again_form\",\"sys_name\":\"\\u767d\\u8863\\u5c11\\u4fa0\",\"sys_is_open\":\"1\",\"sys_close_info\":\"\\u7ad9\\u70b9\\u5173\\u95ed\\u63d0\\u793a\",\"sys_cache_time\":\"20\",\"sys_paginate\":\"10\",\"sys_water\":null,\"file\":null,\"sys_water_bottom\":null,\"sys_water_left\":null,\"sys_qrcode_img\":null,\"sys_qrcode_margin\":null,\"sys_qrcode_size\":null,\"sys_color_red\":null,\"sys_color_green\":null,\"sys_color_blue_red\":null,\"sys_background_color_red\":null,\"sys_background_color_green\":null,\"sys_background_color_blue\":null}', '2018-10-20 19:14:31', '2018-10-20 19:14:31');
INSERT INTO `blog_admin_log` VALUES (41, 1, '::1', '', 'background/config', 'POST', '{\"_token\":\"2ar9oprcNALz2nbt6RMvEUkAZge1V4CBVjShNOIu\",\"again_form\":\"again_form\",\"sys_name\":\"\\u767d\\u8863\\u5c11\\u4fa0\",\"sys_is_open\":\"1\",\"sys_close_info\":\"\\u7ad9\\u70b9\\u5173\\u95ed\\u63d0\\u793a\",\"sys_cache_time\":\"20\",\"sys_paginate\":\"10\",\"sys_water\":null,\"file\":null,\"sys_water_bottom\":null,\"sys_water_left\":null,\"sys_qrcode_img\":null,\"sys_qrcode_margin\":null,\"sys_qrcode_size\":null,\"sys_color_red\":null,\"sys_color_green\":null,\"sys_color_blue_red\":null,\"sys_background_color_red\":null,\"sys_background_color_green\":null,\"sys_background_color_blue\":null}', '2018-10-20 19:16:37', '2018-10-20 19:16:37');
INSERT INTO `blog_admin_log` VALUES (42, 1, '::1', '', 'background/config', 'POST', '{\"_token\":\"2ar9oprcNALz2nbt6RMvEUkAZge1V4CBVjShNOIu\",\"again_form\":\"again_form\",\"sys_name\":\"\\u767d\\u8863\\u5c11\\u4fa0\",\"sys_is_open\":\"1\",\"sys_close_info\":\"\\u7ad9\\u70b9\\u5173\\u95ed\\u63d0\\u793a\\u4fe1\\u606f\",\"sys_cache_time\":\"20\",\"sys_paginate\":\"10\",\"sys_water\":null,\"file\":null,\"sys_water_bottom\":null,\"sys_water_left\":null,\"sys_qrcode_img\":null,\"sys_qrcode_margin\":null,\"sys_qrcode_size\":null,\"sys_color_red\":null,\"sys_color_green\":null,\"sys_color_blue_red\":null,\"sys_background_color_red\":null,\"sys_background_color_green\":null,\"sys_background_color_blue\":null}', '2018-10-20 19:17:25', '2018-10-20 19:17:25');
INSERT INTO `blog_admin_log` VALUES (43, 1, '::1', '', 'background/config', 'POST', '{\"_token\":\"2ar9oprcNALz2nbt6RMvEUkAZge1V4CBVjShNOIu\",\"again_form\":\"again_form\",\"sys_name\":\"\\u767d\\u8863\\u5c11\\u4fa0\",\"sys_is_open\":\"1\",\"sys_close_info\":\"\\u7ad9\\u70b9\\u5173\\u95ed\\u63d0\\u793a\\u4fe1\\u606f\",\"sys_cache_time\":\"20\",\"sys_paginate\":\"10\",\"sys_water\":null,\"file\":null,\"sys_water_bottom\":null,\"sys_water_left\":null,\"sys_qrcode_img\":null,\"sys_qrcode_margin\":null,\"sys_qrcode_size\":null,\"sys_color_red\":null,\"sys_color_green\":null,\"sys_color_blue_red\":null,\"sys_background_color_red\":null,\"sys_background_color_green\":null,\"sys_background_color_blue\":null}', '2018-10-20 19:17:56', '2018-10-20 19:17:56');
INSERT INTO `blog_admin_log` VALUES (44, 1, '::1', '', 'background/config', 'POST', '{\"_token\":\"2ar9oprcNALz2nbt6RMvEUkAZge1V4CBVjShNOIu\",\"again_form\":\"again_form\",\"sys_name\":\"\\u767d\\u8863\\u5c11\\u4fa0\",\"sys_is_open\":\"1\",\"sys_close_info\":\"\\u7ad9\\u70b9\\u5173\\u95ed\\u63d0\\u793a\\u4fe1\\u606f\",\"sys_cache_time\":\"20\",\"sys_paginate\":\"10\",\"sys_water\":null,\"file\":null,\"sys_water_bottom\":null,\"sys_water_left\":null,\"sys_qrcode_img\":null,\"sys_qrcode_margin\":null,\"sys_qrcode_size\":null,\"sys_color_red\":null,\"sys_color_green\":null,\"sys_color_blue_red\":null,\"sys_background_color_red\":null,\"sys_background_color_green\":null,\"sys_background_color_blue\":null}', '2018-10-20 19:18:28', '2018-10-20 19:18:28');
INSERT INTO `blog_admin_log` VALUES (45, 1, '::1', '', 'background/config', 'POST', '{\"_token\":\"2ar9oprcNALz2nbt6RMvEUkAZge1V4CBVjShNOIu\",\"again_form\":\"again_form\",\"sys_name\":\"\\u767d\\u8863\\u5c11\\u4fa0\",\"sys_is_open\":\"1\",\"sys_close_info\":\"\\u7ad9\\u70b9\\u5173\\u95ed\\u63d0\\u793a\\u4fe1\\u606f\",\"sys_cache_time\":\"20\",\"sys_paginate\":\"10\",\"sys_water\":null,\"file\":null,\"sys_water_bottom\":null,\"sys_water_left\":null,\"sys_qrcode_img\":null,\"sys_qrcode_margin\":null,\"sys_qrcode_size\":null,\"sys_color_red\":null,\"sys_color_green\":null,\"sys_color_blue_red\":null,\"sys_background_color_red\":null,\"sys_background_color_green\":null,\"sys_background_color_blue\":null}', '2018-10-20 19:19:00', '2018-10-20 19:19:00');
INSERT INTO `blog_admin_log` VALUES (46, 1, '::1', '', 'background/config', 'POST', '{\"_token\":\"2ar9oprcNALz2nbt6RMvEUkAZge1V4CBVjShNOIu\",\"again_form\":\"again_form\",\"sys_name\":\"\\u767d\\u8863\\u5c11\\u4fa0\",\"sys_is_open\":\"1\",\"sys_close_info\":\"\\u7ad9\\u70b9\\u5173\\u95ed\\u63d0\\u793a\\u4fe1\\u606f\",\"sys_cache_time\":\"20\",\"sys_paginate\":\"10\",\"sys_water\":null,\"file\":null,\"sys_water_bottom\":null,\"sys_water_left\":null,\"sys_qrcode_img\":null,\"sys_qrcode_margin\":null,\"sys_qrcode_size\":null,\"sys_color_red\":null,\"sys_color_green\":null,\"sys_color_blue_red\":null,\"sys_background_color_red\":null,\"sys_background_color_green\":null,\"sys_background_color_blue\":null}', '2018-10-20 19:19:02', '2018-10-20 19:19:02');
INSERT INTO `blog_admin_log` VALUES (47, 1, '::1', '', 'background/config', 'POST', '{\"_token\":\"2ar9oprcNALz2nbt6RMvEUkAZge1V4CBVjShNOIu\",\"again_form\":\"again_form\",\"sys_name\":\"\\u767d\\u8863\\u5c11\\u4fa0\",\"sys_is_open\":\"1\",\"sys_close_info\":\"\\u7ad9\\u70b9\\u5173\\u95ed\\u63d0\\u793a\\u4fe1\\u606f\",\"sys_cache_time\":\"20\",\"sys_paginate\":\"10\",\"sys_water\":null,\"file\":null,\"sys_water_bottom\":null,\"sys_water_left\":null,\"sys_qrcode_img\":null,\"sys_qrcode_margin\":null,\"sys_qrcode_size\":null,\"sys_color_red\":null,\"sys_color_green\":null,\"sys_color_blue_red\":null,\"sys_background_color_red\":null,\"sys_background_color_green\":null,\"sys_background_color_blue\":null}', '2018-10-20 19:19:03', '2018-10-20 19:19:03');
INSERT INTO `blog_admin_log` VALUES (48, 1, '::1', '', 'background/config', 'POST', '{\"_token\":\"2ar9oprcNALz2nbt6RMvEUkAZge1V4CBVjShNOIu\",\"again_form\":\"again_form\",\"sys_name\":\"\\u767d\\u8863\\u5c11\\u4fa0\",\"sys_is_open\":\"1\",\"sys_close_info\":\"\\u7ad9\\u70b9\\u5173\\u95ed\\u63d0\\u793a\\u4fe1\\u606f\",\"sys_cache_time\":\"20\",\"sys_paginate\":\"10\",\"sys_water\":null,\"file\":null,\"sys_water_bottom\":null,\"sys_water_left\":null,\"sys_qrcode_img\":null,\"sys_qrcode_margin\":null,\"sys_qrcode_size\":null,\"sys_color_red\":null,\"sys_color_green\":null,\"sys_color_blue_red\":null,\"sys_background_color_red\":null,\"sys_background_color_green\":null,\"sys_background_color_blue\":null}', '2018-10-20 19:19:40', '2018-10-20 19:19:40');
INSERT INTO `blog_admin_log` VALUES (49, 1, '::1', '', 'background/config', 'POST', '{\"_token\":\"2ar9oprcNALz2nbt6RMvEUkAZge1V4CBVjShNOIu\",\"again_form\":\"again_form\",\"sys_name\":\"\\u767d\\u8863\\u5c11\\u4fa0\",\"sys_is_open\":\"1\",\"sys_close_info\":\"\\u7ad9\\u70b9\\u5173\\u95ed\\u63d0\\u793a\\u4fe1\\u606f\",\"sys_cache_time\":\"20\",\"sys_paginate\":\"10\",\"sys_water\":null,\"file\":null,\"sys_water_bottom\":null,\"sys_water_left\":null,\"sys_qrcode_img\":null,\"sys_qrcode_margin\":null,\"sys_qrcode_size\":null,\"sys_color_red\":null,\"sys_color_green\":null,\"sys_color_blue_red\":null,\"sys_background_color_red\":null,\"sys_background_color_green\":null,\"sys_background_color_blue\":null}', '2018-10-20 19:19:44', '2018-10-20 19:19:44');
INSERT INTO `blog_admin_log` VALUES (50, 1, '::1', '', 'background/config', 'POST', '{\"_token\":\"2ar9oprcNALz2nbt6RMvEUkAZge1V4CBVjShNOIu\",\"again_form\":\"again_form\",\"sys_name\":\"\\u767d\\u8863\\u5c11\\u4fa0\",\"sys_is_open\":\"1\",\"sys_close_info\":\"\\u7ad9\\u70b9\\u5173\\u95ed\\u63d0\\u793a\\u4fe1\\u606f\",\"sys_cache_time\":\"20\",\"sys_paginate\":\"10\",\"sys_water\":null,\"file\":null,\"sys_water_bottom\":null,\"sys_water_left\":null,\"sys_qrcode_img\":null,\"sys_qrcode_margin\":null,\"sys_qrcode_size\":null,\"sys_color_red\":null,\"sys_color_green\":null,\"sys_color_blue_red\":null,\"sys_background_color_red\":null,\"sys_background_color_green\":null,\"sys_background_color_blue\":null}', '2018-10-20 19:20:32', '2018-10-20 19:20:32');
INSERT INTO `blog_admin_log` VALUES (51, 1, '::1', '', 'background/config', 'POST', '{\"_token\":\"2ar9oprcNALz2nbt6RMvEUkAZge1V4CBVjShNOIu\",\"again_form\":\"again_form\",\"sys_name\":\"\\u767d\\u8863\\u5c11\\u4fa0\",\"sys_is_open\":\"1\",\"sys_close_info\":\"\\u7ad9\\u70b9\\u5173\\u95ed\\u63d0\\u793a\\u4fe1\\u606f\",\"sys_cache_time\":\"20\",\"sys_paginate\":\"10\",\"sys_water\":null,\"file\":null,\"sys_water_bottom\":null,\"sys_water_left\":null,\"sys_qrcode_img\":null,\"sys_qrcode_margin\":null,\"sys_qrcode_size\":null,\"sys_color_red\":null,\"sys_color_green\":null,\"sys_color_blue_red\":null,\"sys_background_color_red\":null,\"sys_background_color_green\":null,\"sys_background_color_blue\":null}', '2018-10-20 19:20:36', '2018-10-20 19:20:36');
INSERT INTO `blog_admin_log` VALUES (52, 1, '::1', '', 'background/config', 'POST', '{\"_token\":\"2ar9oprcNALz2nbt6RMvEUkAZge1V4CBVjShNOIu\",\"again_form\":\"again_form\",\"sys_name\":\"\\u767d\\u8863\\u5c11\\u4fa0\",\"sys_is_open\":\"1\",\"sys_close_info\":\"\\u7ad9\\u70b9\\u5173\\u95ed\\u63d0\\u793a\\u4fe1\\u606f\",\"sys_cache_time\":\"20\",\"sys_paginate\":\"10\",\"sys_water\":null,\"file\":null,\"sys_water_bottom\":null,\"sys_water_left\":null,\"sys_qrcode_img\":null,\"sys_qrcode_margin\":null,\"sys_qrcode_size\":null,\"sys_color_red\":null,\"sys_color_green\":null,\"sys_color_blue_red\":null,\"sys_background_color_red\":null,\"sys_background_color_green\":null,\"sys_background_color_blue\":null}', '2018-10-20 19:20:39', '2018-10-20 19:20:39');
INSERT INTO `blog_admin_log` VALUES (53, 1, '::1', '', 'background/config', 'POST', '{\"_token\":\"2ar9oprcNALz2nbt6RMvEUkAZge1V4CBVjShNOIu\",\"again_form\":\"again_form\",\"sys_name\":\"\\u767d\\u8863\\u5c11\\u4fa0\",\"sys_is_open\":\"1\",\"sys_close_info\":\"\\u7ad9\\u70b9\\u5173\\u95ed\\u63d0\\u793a\\u4fe1\\u606f\",\"sys_cache_time\":\"20\",\"sys_paginate\":\"10\",\"sys_water\":null,\"file\":null,\"sys_water_bottom\":null,\"sys_water_left\":null,\"sys_qrcode_img\":null,\"sys_qrcode_margin\":null,\"sys_qrcode_size\":null,\"sys_color_red\":null,\"sys_color_green\":null,\"sys_color_blue_red\":null,\"sys_background_color_red\":null,\"sys_background_color_green\":null,\"sys_background_color_blue\":null}', '2018-10-20 19:21:05', '2018-10-20 19:21:05');
INSERT INTO `blog_admin_log` VALUES (54, 1, '::1', '', 'background/config', 'POST', '{\"_token\":\"2ar9oprcNALz2nbt6RMvEUkAZge1V4CBVjShNOIu\",\"again_form\":\"again_form\",\"sys_name\":\"\\u767d\\u8863\\u5c11\\u4fa0\",\"sys_is_open\":\"1\",\"sys_close_info\":\"\\u7ad9\\u70b9\\u5173\\u95ed\\u63d0\\u793a\\u4fe1\\u606f\",\"sys_cache_time\":\"20\",\"sys_paginate\":\"10\",\"sys_water\":null,\"file\":null,\"sys_water_bottom\":null,\"sys_water_left\":null,\"sys_qrcode_img\":null,\"sys_qrcode_margin\":null,\"sys_qrcode_size\":null,\"sys_color_red\":null,\"sys_color_green\":null,\"sys_color_blue_red\":null,\"sys_background_color_red\":null,\"sys_background_color_green\":null,\"sys_background_color_blue\":null}', '2018-10-20 19:21:13', '2018-10-20 19:21:13');
INSERT INTO `blog_admin_log` VALUES (55, 1, '::1', '', 'background/config', 'POST', '{\"_token\":\"2ar9oprcNALz2nbt6RMvEUkAZge1V4CBVjShNOIu\",\"again_form\":\"again_form\",\"sys_name\":\"\\u767d\\u8863\\u5c11\\u4fa0\",\"sys_is_open\":\"1\",\"sys_close_info\":\"\\u7ad9\\u70b9\\u5173\\u95ed\\u63d0\\u793a\\u4fe1\\u606f\",\"sys_cache_time\":\"20\",\"sys_paginate\":\"10\",\"sys_water\":null,\"file\":null,\"sys_water_bottom\":null,\"sys_water_left\":null,\"sys_qrcode_img\":null,\"sys_qrcode_margin\":null,\"sys_qrcode_size\":null,\"sys_color_red\":null,\"sys_color_green\":null,\"sys_color_blue_red\":null,\"sys_background_color_red\":null,\"sys_background_color_green\":null,\"sys_background_color_blue\":null}', '2018-10-20 19:21:17', '2018-10-20 19:21:17');
INSERT INTO `blog_admin_log` VALUES (56, 1, '::1', '', 'background/config', 'POST', '{\"_token\":\"2ar9oprcNALz2nbt6RMvEUkAZge1V4CBVjShNOIu\",\"again_form\":\"again_form\",\"sys_name\":\"\\u767d\\u8863\\u5c11\\u4fa0\",\"sys_is_open\":\"1\",\"sys_close_info\":\"\\u7ad9\\u70b9\\u5173\\u95ed\\u63d0\\u793a\\u4fe1\\u606f\",\"sys_cache_time\":\"20\",\"sys_paginate\":\"10\",\"sys_water\":null,\"file\":null,\"sys_water_bottom\":null,\"sys_water_left\":null,\"sys_qrcode_img\":null,\"sys_qrcode_margin\":null,\"sys_qrcode_size\":null,\"sys_color_red\":null,\"sys_color_green\":null,\"sys_color_blue_red\":null,\"sys_background_color_red\":null,\"sys_background_color_green\":null,\"sys_background_color_blue\":null}', '2018-10-20 19:22:51', '2018-10-20 19:22:51');
INSERT INTO `blog_admin_log` VALUES (57, 1, '::1', '', 'background/config', 'POST', '{\"_token\":\"2ar9oprcNALz2nbt6RMvEUkAZge1V4CBVjShNOIu\",\"again_form\":\"again_form\",\"sys_name\":\"\\u767d\\u8863\\u5c11\\u4fa0\",\"sys_is_open\":\"1\",\"sys_close_info\":\"\\u7ad9\\u70b9\\u5173\\u95ed\\u63d0\\u793a\\u4fe1\\u606f\",\"sys_cache_time\":\"20\",\"sys_paginate\":\"10\",\"sys_water\":null,\"file\":null,\"sys_water_bottom\":null,\"sys_water_left\":null,\"sys_qrcode_img\":null,\"sys_qrcode_margin\":null,\"sys_qrcode_size\":null,\"sys_color_red\":null,\"sys_color_green\":null,\"sys_color_blue_red\":null,\"sys_background_color_red\":null,\"sys_background_color_green\":null,\"sys_background_color_blue\":null}', '2018-10-20 19:22:55', '2018-10-20 19:22:55');
INSERT INTO `blog_admin_log` VALUES (58, 1, '::1', '', 'background/config', 'POST', '{\"_token\":\"2ar9oprcNALz2nbt6RMvEUkAZge1V4CBVjShNOIu\",\"again_form\":\"again_form\",\"sys_name\":\"\\u767d\\u8863\\u5c11\\u4fa0\",\"sys_is_open\":\"1\",\"sys_close_info\":\"\\u7ad9\\u70b9\\u5173\\u95ed\\u63d0\\u793a\\u4fe1\\u606f\",\"sys_cache_time\":\"20\",\"sys_paginate\":\"10\",\"sys_water\":null,\"file\":null,\"sys_water_bottom\":null,\"sys_water_left\":null,\"sys_qrcode_img\":null,\"sys_qrcode_margin\":null,\"sys_qrcode_size\":null,\"sys_color_red\":null,\"sys_color_green\":null,\"sys_color_blue_red\":null,\"sys_background_color_red\":null,\"sys_background_color_green\":null,\"sys_background_color_blue\":null}', '2018-10-20 19:23:09', '2018-10-20 19:23:09');
INSERT INTO `blog_admin_log` VALUES (59, 1, '::1', '', 'background/config', 'POST', '{\"_token\":\"2ar9oprcNALz2nbt6RMvEUkAZge1V4CBVjShNOIu\",\"again_form\":\"again_form\",\"sys_name\":\"\\u767d\\u8863\\u5c11\\u4fa0\",\"sys_is_open\":\"1\",\"sys_close_info\":\"\\u7ad9\\u70b9\\u5173\\u95ed\\u63d0\\u793a\\u4fe1\\u606f\",\"sys_cache_time\":\"20\",\"sys_paginate\":\"10\",\"sys_water\":null,\"file\":null,\"sys_water_bottom\":null,\"sys_water_left\":null,\"sys_qrcode_img\":null,\"sys_qrcode_margin\":null,\"sys_qrcode_size\":null,\"sys_color_red\":null,\"sys_color_green\":null,\"sys_color_blue_red\":null,\"sys_background_color_red\":null,\"sys_background_color_green\":null,\"sys_background_color_blue\":null}', '2018-10-20 19:23:23', '2018-10-20 19:23:23');
INSERT INTO `blog_admin_log` VALUES (60, 1, '::1', '', 'background/config', 'POST', '{\"_token\":\"2ar9oprcNALz2nbt6RMvEUkAZge1V4CBVjShNOIu\",\"again_form\":\"again_form\",\"sys_name\":\"\\u767d\\u8863\\u5c11\\u4fa0\",\"sys_is_open\":\"1\",\"sys_close_info\":\"\\u7ad9\\u70b9\\u5173\\u95ed\\u63d0\\u793a\\u4fe1\\u606f\",\"sys_cache_time\":\"20\",\"sys_paginate\":\"10\",\"sys_water\":null,\"file\":null,\"sys_water_bottom\":null,\"sys_water_left\":null,\"sys_qrcode_img\":null,\"sys_qrcode_margin\":null,\"sys_qrcode_size\":null,\"sys_color_red\":null,\"sys_color_green\":null,\"sys_color_blue_red\":null,\"sys_background_color_red\":null,\"sys_background_color_green\":null,\"sys_background_color_blue\":null}', '2018-10-20 19:23:25', '2018-10-20 19:23:25');
INSERT INTO `blog_admin_log` VALUES (61, 1, '::1', '', 'background/config', 'POST', '{\"_token\":\"2ar9oprcNALz2nbt6RMvEUkAZge1V4CBVjShNOIu\",\"again_form\":\"again_form\",\"sys_name\":\"\\u767d\\u8863\\u5c11\\u4fa0\",\"sys_is_open\":\"1\",\"sys_close_info\":\"\\u7ad9\\u70b9\\u5173\\u95ed\\u63d0\\u793a\\u4fe1\\u606f\",\"sys_cache_time\":\"20\",\"sys_paginate\":\"10\",\"sys_water\":null,\"file\":null,\"sys_water_bottom\":null,\"sys_water_left\":null,\"sys_qrcode_img\":null,\"sys_qrcode_margin\":null,\"sys_qrcode_size\":null,\"sys_color_red\":null,\"sys_color_green\":null,\"sys_color_blue_red\":null,\"sys_background_color_red\":null,\"sys_background_color_green\":null,\"sys_background_color_blue\":null}', '2018-10-20 19:23:27', '2018-10-20 19:23:27');
INSERT INTO `blog_admin_log` VALUES (62, 1, '::1', '', 'background/config', 'POST', '{\"_token\":\"2ar9oprcNALz2nbt6RMvEUkAZge1V4CBVjShNOIu\",\"again_form\":\"again_form\",\"sys_name\":\"\\u767d\\u8863\\u5c11\\u4fa0\",\"sys_is_open\":\"1\",\"sys_close_info\":\"\\u7ad9\\u70b9\\u5173\\u95ed\\u63d0\\u793a\\u4fe1\\u606f\",\"sys_cache_time\":\"20\",\"sys_paginate\":\"10\",\"sys_water\":null,\"file\":null,\"sys_water_bottom\":null,\"sys_water_left\":null,\"sys_qrcode_img\":null,\"sys_qrcode_margin\":null,\"sys_qrcode_size\":null,\"sys_color_red\":null,\"sys_color_green\":null,\"sys_color_blue_red\":null,\"sys_background_color_red\":null,\"sys_background_color_green\":null,\"sys_background_color_blue\":null}', '2018-10-20 19:24:05', '2018-10-20 19:24:05');
INSERT INTO `blog_admin_log` VALUES (63, 1, '::1', '', 'background/config', 'POST', '{\"_token\":\"2ar9oprcNALz2nbt6RMvEUkAZge1V4CBVjShNOIu\",\"again_form\":\"again_form\",\"sys_name\":\"\\u767d\\u8863\\u5c11\\u4fa0\",\"sys_is_open\":\"1\",\"sys_close_info\":\"\\u7ad9\\u70b9\\u5173\\u95ed\\u63d0\\u793a\\u4fe1\\u606f\",\"sys_cache_time\":\"20\",\"sys_paginate\":\"10\",\"sys_water\":null,\"file\":null,\"sys_water_bottom\":null,\"sys_water_left\":null,\"sys_qrcode_img\":null,\"sys_qrcode_margin\":null,\"sys_qrcode_size\":null,\"sys_color_red\":null,\"sys_color_green\":null,\"sys_color_blue_red\":null,\"sys_background_color_red\":null,\"sys_background_color_green\":null,\"sys_background_color_blue\":null}', '2018-10-20 19:24:07', '2018-10-20 19:24:07');
INSERT INTO `blog_admin_log` VALUES (64, 1, '::1', '', 'background/config', 'POST', '{\"_token\":\"2ar9oprcNALz2nbt6RMvEUkAZge1V4CBVjShNOIu\",\"again_form\":\"again_form\",\"sys_name\":\"\\u767d\\u8863\\u5c11\\u4fa0\",\"sys_is_open\":\"1\",\"sys_close_info\":\"\\u7ad9\\u70b9\\u5173\\u95ed\\u63d0\\u793a\\u4fe1\\u606f\",\"sys_cache_time\":\"20\",\"sys_paginate\":\"10\",\"sys_water\":null,\"file\":null,\"sys_water_bottom\":null,\"sys_water_left\":null,\"sys_qrcode_img\":null,\"sys_qrcode_margin\":null,\"sys_qrcode_size\":null,\"sys_color_red\":null,\"sys_color_green\":null,\"sys_color_blue_red\":null,\"sys_background_color_red\":null,\"sys_background_color_green\":null,\"sys_background_color_blue\":null}', '2018-10-20 19:24:08', '2018-10-20 19:24:08');
INSERT INTO `blog_admin_log` VALUES (65, 1, '::1', '', 'background/config', 'POST', '{\"_token\":\"2ar9oprcNALz2nbt6RMvEUkAZge1V4CBVjShNOIu\",\"again_form\":\"again_form\",\"sys_name\":\"\\u767d\\u8863\\u5c11\\u4fa0\",\"sys_is_open\":\"1\",\"sys_close_info\":\"\\u7ad9\\u70b9\\u5173\\u95ed\\u63d0\\u793a\\u4fe1\\u606f\",\"sys_cache_time\":\"20\",\"sys_paginate\":\"10\",\"sys_water\":null,\"file\":null,\"sys_water_bottom\":null,\"sys_water_left\":null,\"sys_qrcode_img\":null,\"sys_qrcode_margin\":null,\"sys_qrcode_size\":null,\"sys_color_red\":null,\"sys_color_green\":null,\"sys_color_blue_red\":null,\"sys_background_color_red\":null,\"sys_background_color_green\":null,\"sys_background_color_blue\":null}', '2018-10-20 19:24:30', '2018-10-20 19:24:30');
INSERT INTO `blog_admin_log` VALUES (66, 1, '::1', '', 'background/config', 'POST', '{\"_token\":\"2ar9oprcNALz2nbt6RMvEUkAZge1V4CBVjShNOIu\",\"again_form\":\"again_form\",\"sys_name\":\"\\u767d\\u8863\\u5c11\\u4fa0\",\"sys_is_open\":\"1\",\"sys_close_info\":\"\\u7ad9\\u70b9\\u5173\\u95ed\\u63d0\\u793a\\u4fe1\\u606f\",\"sys_cache_time\":\"20\",\"sys_paginate\":\"10\",\"sys_water\":null,\"file\":null,\"sys_water_bottom\":null,\"sys_water_left\":null,\"sys_qrcode_img\":null,\"sys_qrcode_margin\":null,\"sys_qrcode_size\":null,\"sys_color_red\":null,\"sys_color_green\":null,\"sys_color_blue_red\":null,\"sys_background_color_red\":null,\"sys_background_color_green\":null,\"sys_background_color_blue\":null}', '2018-10-20 19:24:32', '2018-10-20 19:24:32');
INSERT INTO `blog_admin_log` VALUES (67, 1, '::1', '', 'background/config', 'POST', '{\"_token\":\"2ar9oprcNALz2nbt6RMvEUkAZge1V4CBVjShNOIu\",\"again_form\":\"again_form\",\"sys_name\":\"\\u767d\\u8863\\u5c11\\u4fa0\",\"sys_is_open\":\"1\",\"sys_close_info\":\"\\u7ad9\\u70b9\\u5173\\u95ed\\u63d0\\u793a\\u4fe1\\u606f\",\"sys_cache_time\":\"20\",\"sys_paginate\":\"10\",\"sys_water\":null,\"file\":null,\"sys_water_bottom\":null,\"sys_water_left\":null,\"sys_qrcode_img\":null,\"sys_qrcode_margin\":null,\"sys_qrcode_size\":null,\"sys_color_red\":null,\"sys_color_green\":null,\"sys_color_blue_red\":null,\"sys_background_color_red\":null,\"sys_background_color_green\":null,\"sys_background_color_blue\":null}', '2018-10-20 19:24:33', '2018-10-20 19:24:33');
INSERT INTO `blog_admin_log` VALUES (68, 1, '::1', '', 'background/config', 'POST', '{\"_token\":\"2ar9oprcNALz2nbt6RMvEUkAZge1V4CBVjShNOIu\",\"again_form\":\"again_form\",\"sys_name\":\"\\u767d\\u8863\\u5c11\\u4fa0\",\"sys_is_open\":\"1\",\"sys_close_info\":\"\\u7ad9\\u70b9\\u5173\\u95ed\\u63d0\\u793a\\u4fe1\\u606f\",\"sys_cache_time\":\"20\",\"sys_paginate\":\"10\",\"sys_water\":null,\"file\":null,\"sys_water_bottom\":null,\"sys_water_left\":null,\"sys_qrcode_img\":null,\"sys_qrcode_margin\":null,\"sys_qrcode_size\":null,\"sys_color_red\":null,\"sys_color_green\":null,\"sys_color_blue_red\":null,\"sys_background_color_red\":null,\"sys_background_color_green\":null,\"sys_background_color_blue\":null}', '2018-10-20 19:24:35', '2018-10-20 19:24:35');
INSERT INTO `blog_admin_log` VALUES (69, 1, '::1', '', 'background/config', 'POST', '{\"_token\":\"2ar9oprcNALz2nbt6RMvEUkAZge1V4CBVjShNOIu\",\"again_form\":\"again_form\",\"sys_name\":\"\\u767d\\u8863\\u5c11\\u4fa0\",\"sys_is_open\":\"1\",\"sys_close_info\":\"\\u7ad9\\u70b9\\u5173\\u95ed\\u63d0\\u793a\\u4fe1\\u606f\",\"sys_cache_time\":\"20\",\"sys_paginate\":\"10\",\"sys_water\":null,\"file\":null,\"sys_water_bottom\":null,\"sys_water_left\":null,\"sys_qrcode_img\":null,\"sys_qrcode_margin\":null,\"sys_qrcode_size\":null,\"sys_color_red\":null,\"sys_color_green\":null,\"sys_color_blue_red\":null,\"sys_background_color_red\":null,\"sys_background_color_green\":null,\"sys_background_color_blue\":null}', '2018-10-20 19:25:09', '2018-10-20 19:25:09');
INSERT INTO `blog_admin_log` VALUES (70, 1, '::1', '', 'background/config', 'POST', '{\"_token\":\"2ar9oprcNALz2nbt6RMvEUkAZge1V4CBVjShNOIu\",\"again_form\":\"again_form\",\"sys_name\":\"\\u767d\\u8863\\u5c11\\u4fa0\",\"sys_is_open\":\"1\",\"sys_close_info\":\"\\u7ad9\\u70b9\\u5173\\u95ed\\u63d0\\u793a\\u4fe1\\u606f\",\"sys_cache_time\":\"20\",\"sys_paginate\":\"10\",\"sys_water\":null,\"file\":null,\"sys_water_bottom\":null,\"sys_water_left\":null,\"sys_qrcode_img\":null,\"sys_qrcode_margin\":null,\"sys_qrcode_size\":null,\"sys_color_red\":null,\"sys_color_green\":null,\"sys_color_blue_red\":null,\"sys_background_color_red\":null,\"sys_background_color_green\":null,\"sys_background_color_blue\":null}', '2018-10-20 19:25:11', '2018-10-20 19:25:11');
INSERT INTO `blog_admin_log` VALUES (71, 1, '::1', '', 'background/config', 'POST', '{\"_token\":\"2ar9oprcNALz2nbt6RMvEUkAZge1V4CBVjShNOIu\",\"again_form\":\"again_form\",\"sys_name\":\"\\u767d\\u8863\\u5c11\\u4fa0\",\"sys_is_open\":\"1\",\"sys_close_info\":\"\\u7ad9\\u70b9\\u5173\\u95ed\\u63d0\\u793a\\u4fe1\\u606f\",\"sys_cache_time\":\"20\",\"sys_paginate\":\"10\",\"sys_water\":null,\"file\":null,\"sys_water_bottom\":null,\"sys_water_left\":null,\"sys_qrcode_img\":null,\"sys_qrcode_margin\":null,\"sys_qrcode_size\":null,\"sys_color_red\":null,\"sys_color_green\":null,\"sys_color_blue_red\":null,\"sys_background_color_red\":null,\"sys_background_color_green\":null,\"sys_background_color_blue\":null}', '2018-10-20 19:27:58', '2018-10-20 19:27:58');
INSERT INTO `blog_admin_log` VALUES (72, 1, '::1', '', 'background/config', 'POST', '{\"_token\":\"2ar9oprcNALz2nbt6RMvEUkAZge1V4CBVjShNOIu\",\"again_form\":\"again_form\",\"sys_name\":\"\\u767d\\u8863\\u5c11\\u4fa0\",\"sys_is_open\":\"1\",\"sys_close_info\":\"\\u7ad9\\u70b9\\u5173\\u95ed\\u63d0\\u793a\\u4fe1\\u606f\",\"sys_cache_time\":\"20\",\"sys_paginate\":\"10\",\"sys_water\":null,\"file\":null,\"sys_water_bottom\":null,\"sys_water_left\":null,\"sys_qrcode_img\":null,\"sys_qrcode_margin\":null,\"sys_qrcode_size\":null,\"sys_color_red\":null,\"sys_color_green\":null,\"sys_color_blue_red\":null,\"sys_background_color_red\":null,\"sys_background_color_green\":null,\"sys_background_color_blue\":null}', '2018-10-20 19:28:00', '2018-10-20 19:28:00');
INSERT INTO `blog_admin_log` VALUES (73, 1, '::1', '', 'background/config', 'POST', '{\"_token\":\"2ar9oprcNALz2nbt6RMvEUkAZge1V4CBVjShNOIu\",\"again_form\":\"again_form\",\"sys_name\":\"\\u767d\\u8863\\u5c11\\u4fa0\",\"sys_is_open\":\"1\",\"sys_close_info\":\"\\u7ad9\\u70b9\\u5173\\u95ed\\u63d0\\u793a\\u4fe1\\u606f\",\"sys_cache_time\":\"20\",\"sys_paginate\":\"10\",\"sys_water\":null,\"file\":null,\"sys_water_bottom\":null,\"sys_water_left\":null,\"sys_qrcode_img\":null,\"sys_qrcode_margin\":null,\"sys_qrcode_size\":null,\"sys_color_red\":null,\"sys_color_green\":null,\"sys_color_blue_red\":null,\"sys_background_color_red\":null,\"sys_background_color_green\":null,\"sys_background_color_blue\":null}', '2018-10-20 19:28:01', '2018-10-20 19:28:01');
INSERT INTO `blog_admin_log` VALUES (74, 1, '::1', '', 'background/config', 'POST', '{\"_token\":\"2ar9oprcNALz2nbt6RMvEUkAZge1V4CBVjShNOIu\",\"again_form\":\"again_form\",\"sys_name\":\"\\u767d\\u8863\\u5c11\\u4fa0\",\"sys_is_open\":\"1\",\"sys_close_info\":\"\\u7ad9\\u70b9\\u5173\\u95ed\\u63d0\\u793a\\u4fe1\\u606f\",\"sys_cache_time\":\"20\",\"sys_paginate\":\"10\",\"sys_water\":null,\"file\":null,\"sys_water_bottom\":null,\"sys_water_left\":null,\"sys_qrcode_img\":null,\"sys_qrcode_margin\":null,\"sys_qrcode_size\":null,\"sys_color_red\":null,\"sys_color_green\":null,\"sys_color_blue_red\":null,\"sys_background_color_red\":null,\"sys_background_color_green\":null,\"sys_background_color_blue\":null}', '2018-10-20 19:28:02', '2018-10-20 19:28:02');
INSERT INTO `blog_admin_log` VALUES (75, 1, '::1', '', 'background/config', 'POST', '{\"_token\":\"2ar9oprcNALz2nbt6RMvEUkAZge1V4CBVjShNOIu\",\"again_form\":\"again_form\",\"sys_name\":\"\\u767d\\u8863\\u5c11\\u4fa0\",\"sys_is_open\":\"1\",\"sys_close_info\":\"\\u7ad9\\u70b9\\u5173\\u95ed\\u63d0\\u793a\\u4fe1\\u606f\",\"sys_cache_time\":\"20\",\"sys_paginate\":\"10\",\"sys_water\":null,\"file\":null,\"sys_water_bottom\":null,\"sys_water_left\":null,\"sys_qrcode_img\":null,\"sys_qrcode_margin\":null,\"sys_qrcode_size\":null,\"sys_color_red\":null,\"sys_color_green\":null,\"sys_color_blue_red\":null,\"sys_background_color_red\":null,\"sys_background_color_green\":null,\"sys_background_color_blue\":null}', '2018-10-20 19:28:21', '2018-10-20 19:28:21');
INSERT INTO `blog_admin_log` VALUES (76, 1, '::1', '', 'background/config', 'POST', '{\"_token\":\"2ar9oprcNALz2nbt6RMvEUkAZge1V4CBVjShNOIu\",\"again_form\":\"again_form\",\"sys_name\":\"\\u767d\\u8863\\u5c11\\u4fa0\",\"sys_is_open\":\"1\",\"sys_close_info\":\"\\u7ad9\\u70b9\\u5173\\u95ed\\u63d0\\u793a\\u4fe1\\u606f\",\"sys_cache_time\":\"20\",\"sys_paginate\":\"10\",\"sys_water\":null,\"file\":null,\"sys_water_bottom\":null,\"sys_water_left\":null,\"sys_qrcode_img\":null,\"sys_qrcode_margin\":null,\"sys_qrcode_size\":null,\"sys_color_red\":null,\"sys_color_green\":null,\"sys_color_blue_red\":null,\"sys_background_color_red\":null,\"sys_background_color_green\":null,\"sys_background_color_blue\":null}', '2018-10-20 19:28:22', '2018-10-20 19:28:22');
INSERT INTO `blog_admin_log` VALUES (77, 1, '::1', '', 'background/config', 'POST', '{\"_token\":\"2ar9oprcNALz2nbt6RMvEUkAZge1V4CBVjShNOIu\",\"again_form\":\"again_form\",\"sys_name\":\"\\u767d\\u8863\\u5c11\\u4fa0\",\"sys_is_open\":\"1\",\"sys_close_info\":\"\\u7ad9\\u70b9\\u5173\\u95ed\\u63d0\\u793a\\u4fe1\\u606f\",\"sys_cache_time\":\"20\",\"sys_paginate\":\"10\",\"sys_water\":null,\"file\":null,\"sys_water_bottom\":null,\"sys_water_left\":null,\"sys_qrcode_img\":null,\"sys_qrcode_margin\":null,\"sys_qrcode_size\":null,\"sys_color_red\":null,\"sys_color_green\":null,\"sys_color_blue_red\":null,\"sys_background_color_red\":null,\"sys_background_color_green\":null,\"sys_background_color_blue\":null}', '2018-10-20 19:28:23', '2018-10-20 19:28:23');
INSERT INTO `blog_admin_log` VALUES (78, 1, '::1', '', 'background/config', 'POST', '{\"_token\":\"2ar9oprcNALz2nbt6RMvEUkAZge1V4CBVjShNOIu\",\"again_form\":\"again_form\",\"sys_name\":\"\\u767d\\u8863\\u5c11\\u4fa0\",\"sys_is_open\":\"1\",\"sys_close_info\":\"\\u7ad9\\u70b9\\u5173\\u95ed\\u63d0\\u793a\\u4fe1\\u606f\",\"sys_cache_time\":\"20\",\"sys_paginate\":\"10\",\"sys_water\":null,\"file\":null,\"sys_water_bottom\":null,\"sys_water_left\":null,\"sys_qrcode_img\":null,\"sys_qrcode_margin\":null,\"sys_qrcode_size\":null,\"sys_color_red\":null,\"sys_color_green\":null,\"sys_color_blue_red\":null,\"sys_background_color_red\":null,\"sys_background_color_green\":null,\"sys_background_color_blue\":null}', '2018-10-20 19:29:12', '2018-10-20 19:29:12');
INSERT INTO `blog_admin_log` VALUES (79, 1, '::1', '', 'background/config', 'POST', '{\"_token\":\"2ar9oprcNALz2nbt6RMvEUkAZge1V4CBVjShNOIu\",\"again_form\":\"again_form\",\"sys_name\":\"\\u767d\\u8863\\u5c11\\u4fa0\",\"sys_is_open\":\"1\",\"sys_close_info\":\"\\u7ad9\\u70b9\\u5173\\u95ed\\u63d0\\u793a\\u4fe1\\u606f\",\"sys_cache_time\":\"20\",\"sys_paginate\":\"10\",\"sys_water\":null,\"file\":null,\"sys_water_bottom\":null,\"sys_water_left\":null,\"sys_qrcode_img\":null,\"sys_qrcode_margin\":null,\"sys_qrcode_size\":null,\"sys_color_red\":null,\"sys_color_green\":null,\"sys_color_blue_red\":null,\"sys_background_color_red\":null,\"sys_background_color_green\":null,\"sys_background_color_blue\":null}', '2018-10-20 19:29:20', '2018-10-20 19:29:20');
INSERT INTO `blog_admin_log` VALUES (80, 1, '::1', '', 'background/config', 'POST', '{\"_token\":\"2ar9oprcNALz2nbt6RMvEUkAZge1V4CBVjShNOIu\",\"again_form\":\"again_form\",\"sys_name\":\"\\u767d\\u8863\\u5c11\\u4fa0\",\"sys_is_open\":\"1\",\"sys_close_info\":\"\\u7ad9\\u70b9\\u5173\\u95ed\\u63d0\\u793a\\u4fe1\\u606f\",\"sys_cache_time\":\"20\",\"sys_paginate\":\"10\",\"sys_water\":null,\"file\":null,\"sys_water_bottom\":null,\"sys_water_left\":null,\"sys_qrcode_img\":null,\"sys_qrcode_margin\":null,\"sys_qrcode_size\":null,\"sys_color_red\":null,\"sys_color_green\":null,\"sys_color_blue_red\":null,\"sys_background_color_red\":null,\"sys_background_color_green\":null,\"sys_background_color_blue\":null}', '2018-10-20 19:29:33', '2018-10-20 19:29:33');
INSERT INTO `blog_admin_log` VALUES (81, 1, '::1', '', 'background/config', 'POST', '{\"_token\":\"2ar9oprcNALz2nbt6RMvEUkAZge1V4CBVjShNOIu\",\"again_form\":\"again_form\",\"sys_name\":\"\\u767d\\u8863\\u5c11\\u4fa0\",\"sys_is_open\":\"1\",\"sys_close_info\":\"\\u7ad9\\u70b9\\u5173\\u95ed\\u63d0\\u793a\\u4fe1\\u606f\",\"sys_cache_time\":\"20\",\"sys_paginate\":\"10\",\"sys_water\":null,\"file\":null,\"sys_water_bottom\":null,\"sys_water_left\":null,\"sys_qrcode_img\":null,\"sys_qrcode_margin\":null,\"sys_qrcode_size\":null,\"sys_color_red\":null,\"sys_color_green\":null,\"sys_color_blue_red\":null,\"sys_background_color_red\":null,\"sys_background_color_green\":null,\"sys_background_color_blue\":null}', '2018-10-20 19:30:28', '2018-10-20 19:30:28');
INSERT INTO `blog_admin_log` VALUES (82, 1, '::1', '', 'background/config', 'POST', '{\"_token\":\"2ar9oprcNALz2nbt6RMvEUkAZge1V4CBVjShNOIu\",\"again_form\":\"again_form\",\"sys_name\":\"\\u767d\\u8863\\u5c11\\u4fa0\",\"sys_is_open\":\"1\",\"sys_close_info\":\"\\u7ad9\\u70b9\\u5173\\u95ed\\u63d0\\u793a\\u4fe1\\u606f\",\"sys_cache_time\":\"20\",\"sys_paginate\":\"10\",\"sys_water\":null,\"file\":null,\"sys_water_bottom\":null,\"sys_water_left\":null,\"sys_qrcode_img\":null,\"sys_qrcode_margin\":null,\"sys_qrcode_size\":null,\"sys_color_red\":null,\"sys_color_green\":null,\"sys_color_blue_red\":null,\"sys_background_color_red\":null,\"sys_background_color_green\":null,\"sys_background_color_blue\":null}', '2018-10-20 19:30:36', '2018-10-20 19:30:36');
INSERT INTO `blog_admin_log` VALUES (83, 1, '::1', '', 'background/config', 'POST', '{\"_token\":\"2ar9oprcNALz2nbt6RMvEUkAZge1V4CBVjShNOIu\",\"again_form\":\"again_form\",\"sys_name\":\"\\u767d\\u8863\\u5c11\\u4fa0\",\"sys_is_open\":\"1\",\"sys_close_info\":\"\\u7ad9\\u70b9\\u5173\\u95ed\\u63d0\\u793a\\u4fe1\\u606f\",\"sys_cache_time\":\"20\",\"sys_paginate\":\"10\",\"sys_water\":null,\"file\":null,\"sys_water_bottom\":null,\"sys_water_left\":null,\"sys_qrcode_img\":null,\"sys_qrcode_margin\":null,\"sys_qrcode_size\":null,\"sys_color_red\":null,\"sys_color_green\":null,\"sys_color_blue_red\":null,\"sys_background_color_red\":null,\"sys_background_color_green\":null,\"sys_background_color_blue\":null}', '2018-10-20 19:30:37', '2018-10-20 19:30:37');
INSERT INTO `blog_admin_log` VALUES (84, 1, '::1', '', 'background/config', 'POST', '{\"_token\":\"2ar9oprcNALz2nbt6RMvEUkAZge1V4CBVjShNOIu\",\"again_form\":\"again_form\",\"sys_name\":\"\\u767d\\u8863\\u5c11\\u4fa0\",\"sys_is_open\":\"1\",\"sys_close_info\":\"\\u7ad9\\u70b9\\u5173\\u95ed\\u63d0\\u793a\\u4fe1\\u606f\",\"sys_cache_time\":\"20\",\"sys_paginate\":\"10\",\"sys_water\":null,\"file\":null,\"sys_water_bottom\":null,\"sys_water_left\":null,\"sys_qrcode_img\":null,\"sys_qrcode_margin\":null,\"sys_qrcode_size\":null,\"sys_color_red\":null,\"sys_color_green\":null,\"sys_color_blue_red\":null,\"sys_background_color_red\":null,\"sys_background_color_green\":null,\"sys_background_color_blue\":null}', '2018-10-20 19:30:39', '2018-10-20 19:30:39');
INSERT INTO `blog_admin_log` VALUES (85, 1, '::1', '', 'background/config', 'POST', '{\"_token\":\"2ar9oprcNALz2nbt6RMvEUkAZge1V4CBVjShNOIu\",\"again_form\":\"again_form\",\"sys_name\":\"\\u767d\\u8863\\u5c11\\u4fa0\",\"sys_is_open\":\"1\",\"sys_close_info\":\"\\u7ad9\\u70b9\\u5173\\u95ed\\u63d0\\u793a\\u4fe1\\u606f\",\"sys_cache_time\":\"20\",\"sys_paginate\":\"10\",\"sys_water\":null,\"file\":null,\"sys_water_bottom\":null,\"sys_water_left\":null,\"sys_qrcode_img\":null,\"sys_qrcode_margin\":null,\"sys_qrcode_size\":null,\"sys_color_red\":null,\"sys_color_green\":null,\"sys_color_blue_red\":null,\"sys_background_color_red\":null,\"sys_background_color_green\":null,\"sys_background_color_blue\":null}', '2018-10-20 19:31:00', '2018-10-20 19:31:00');
INSERT INTO `blog_admin_log` VALUES (86, 1, '::1', '', 'background/config', 'POST', '{\"_token\":\"2ar9oprcNALz2nbt6RMvEUkAZge1V4CBVjShNOIu\",\"again_form\":\"again_form\",\"sys_name\":\"\\u767d\\u8863\\u5c11\\u4fa0\",\"sys_is_open\":\"1\",\"sys_close_info\":\"\\u7ad9\\u70b9\\u5173\\u95ed\\u63d0\\u793a\\u4fe1\\u606f\",\"sys_cache_time\":\"20\",\"sys_paginate\":\"10\",\"sys_water\":null,\"file\":null,\"sys_water_bottom\":null,\"sys_water_left\":null,\"sys_qrcode_img\":null,\"sys_qrcode_margin\":null,\"sys_qrcode_size\":null,\"sys_color_red\":null,\"sys_color_green\":null,\"sys_color_blue_red\":null,\"sys_background_color_red\":null,\"sys_background_color_green\":null,\"sys_background_color_blue\":null}', '2018-10-20 19:31:07', '2018-10-20 19:31:07');
INSERT INTO `blog_admin_log` VALUES (87, 1, '::1', '', 'background/config', 'POST', '{\"_token\":\"2ar9oprcNALz2nbt6RMvEUkAZge1V4CBVjShNOIu\",\"again_form\":\"again_form\",\"sys_name\":\"\\u767d\\u8863\\u5c11\\u4fa0\",\"sys_is_open\":\"1\",\"sys_close_info\":\"\\u7ad9\\u70b9\\u5173\\u95ed\\u63d0\\u793a\\u4fe1\\u606f\",\"sys_cache_time\":\"20\",\"sys_paginate\":\"10\",\"sys_water\":null,\"file\":null,\"sys_water_bottom\":null,\"sys_water_left\":null,\"sys_qrcode_img\":null,\"sys_qrcode_margin\":null,\"sys_qrcode_size\":null,\"sys_color_red\":null,\"sys_color_green\":null,\"sys_color_blue_red\":null,\"sys_background_color_red\":null,\"sys_background_color_green\":null,\"sys_background_color_blue\":null}', '2018-10-20 19:31:10', '2018-10-20 19:31:10');
INSERT INTO `blog_admin_log` VALUES (88, 1, '::1', '', 'background/config', 'POST', '{\"_token\":\"2ar9oprcNALz2nbt6RMvEUkAZge1V4CBVjShNOIu\",\"again_form\":\"again_form\",\"sys_name\":\"\\u767d\\u8863\\u5c11\\u4fa0\",\"sys_is_open\":\"1\",\"sys_close_info\":\"\\u7ad9\\u70b9\\u5173\\u95ed\\u63d0\\u793a\\u4fe1\\u606f\",\"sys_cache_time\":\"20\",\"sys_paginate\":\"10\",\"sys_water\":null,\"file\":null,\"sys_water_bottom\":null,\"sys_water_left\":null,\"sys_qrcode_img\":null,\"sys_qrcode_margin\":null,\"sys_qrcode_size\":null,\"sys_color_red\":null,\"sys_color_green\":null,\"sys_color_blue_red\":null,\"sys_background_color_red\":null,\"sys_background_color_green\":null,\"sys_background_color_blue\":null}', '2018-10-20 19:31:14', '2018-10-20 19:31:14');
INSERT INTO `blog_admin_log` VALUES (89, 1, '::1', '', 'background/config', 'POST', '{\"_token\":\"2ar9oprcNALz2nbt6RMvEUkAZge1V4CBVjShNOIu\",\"again_form\":\"again_form\",\"sys_name\":\"\\u767d\\u8863\\u5c11\\u4fa0\",\"sys_is_open\":\"1\",\"sys_close_info\":\"\\u7ad9\\u70b9\\u5173\\u95ed\\u63d0\\u793a\\u4fe1\\u606f\",\"sys_cache_time\":\"20\",\"sys_paginate\":\"10\",\"sys_water\":null,\"file\":null,\"sys_water_bottom\":null,\"sys_water_left\":null,\"sys_qrcode_img\":null,\"sys_qrcode_margin\":null,\"sys_qrcode_size\":null,\"sys_color_red\":null,\"sys_color_green\":null,\"sys_color_blue_red\":null,\"sys_background_color_red\":null,\"sys_background_color_green\":null,\"sys_background_color_blue\":null}', '2018-10-20 19:41:39', '2018-10-20 19:41:39');
INSERT INTO `blog_admin_log` VALUES (90, 1, '::1', '', 'background/config', 'POST', '{\"_token\":\"2ar9oprcNALz2nbt6RMvEUkAZge1V4CBVjShNOIu\",\"again_form\":\"again_form\",\"sys_name\":\"\\u767d\\u8863\\u5c11\\u4fa0\",\"sys_is_open\":\"1\",\"sys_close_info\":\"\\u7ad9\\u70b9\\u5173\\u95ed\\u63d0\\u793a\\u4fe1\\u606f\",\"sys_cache_time\":\"20\",\"sys_paginate\":\"10\",\"sys_water\":null,\"file\":null,\"sys_water_bottom\":null,\"sys_water_left\":null,\"sys_qrcode_img\":null,\"sys_qrcode_margin\":null,\"sys_qrcode_size\":null,\"sys_color_red\":null,\"sys_color_green\":null,\"sys_color_blue_red\":null,\"sys_background_color_red\":null,\"sys_background_color_green\":null,\"sys_background_color_blue\":null}', '2018-10-20 19:41:50', '2018-10-20 19:41:50');
INSERT INTO `blog_admin_log` VALUES (91, 1, '::1', '', 'background/config', 'POST', '{\"_token\":\"2ar9oprcNALz2nbt6RMvEUkAZge1V4CBVjShNOIu\",\"again_form\":\"again_form\",\"sys_name\":\"\\u767d\\u8863\\u5c11\\u4fa0\",\"sys_is_open\":\"1\",\"sys_close_info\":\"\\u7ad9\\u70b9\\u5173\\u95ed\\u63d0\\u793a\\u4fe1\\u606f\",\"sys_cache_time\":\"20\",\"sys_paginate\":\"10\",\"sys_water\":null,\"file\":null,\"sys_water_bottom\":null,\"sys_water_left\":null,\"sys_qrcode_img\":null,\"sys_qrcode_margin\":null,\"sys_qrcode_size\":null,\"sys_color_red\":null,\"sys_color_green\":null,\"sys_color_blue_red\":null,\"sys_background_color_red\":null,\"sys_background_color_green\":null,\"sys_background_color_blue\":null}', '2018-10-20 19:41:54', '2018-10-20 19:41:54');
INSERT INTO `blog_admin_log` VALUES (92, 1, '::1', '', 'background/config', 'POST', '{\"_token\":\"2ar9oprcNALz2nbt6RMvEUkAZge1V4CBVjShNOIu\",\"again_form\":\"again_form\",\"sys_name\":\"\\u767d\\u8863\\u5c11\\u4fa0\",\"sys_is_open\":\"1\",\"sys_close_info\":\"\\u7ad9\\u70b9\\u5173\\u95ed\\u63d0\\u793a\\u4fe1\\u606f\",\"sys_cache_time\":\"20\",\"sys_paginate\":\"10\",\"sys_water\":null,\"file\":null,\"sys_water_bottom\":null,\"sys_water_left\":null,\"sys_qrcode_img\":null,\"sys_qrcode_margin\":null,\"sys_qrcode_size\":null,\"sys_color_red\":null,\"sys_color_green\":null,\"sys_color_blue_red\":null,\"sys_background_color_red\":null,\"sys_background_color_green\":null,\"sys_background_color_blue\":null}', '2018-10-20 19:41:57', '2018-10-20 19:41:57');
INSERT INTO `blog_admin_log` VALUES (93, 1, '::1', '', 'background/config', 'POST', '{\"_token\":\"2ar9oprcNALz2nbt6RMvEUkAZge1V4CBVjShNOIu\",\"again_form\":\"again_form\",\"sys_name\":\"\\u767d\\u8863\\u5c11\\u4fa0\",\"sys_is_open\":\"1\",\"sys_close_info\":\"\\u7ad9\\u70b9\\u5173\\u95ed\\u63d0\\u793a\\u4fe1\\u606f\",\"sys_cache_time\":\"20\",\"sys_paginate\":\"10\",\"sys_water\":null,\"file\":null,\"sys_water_bottom\":null,\"sys_water_left\":null,\"sys_qrcode_img\":null,\"sys_qrcode_margin\":null,\"sys_qrcode_size\":null,\"sys_color_red\":null,\"sys_color_green\":null,\"sys_color_blue_red\":null,\"sys_background_color_red\":null,\"sys_background_color_green\":null,\"sys_background_color_blue\":null}', '2018-10-20 19:41:59', '2018-10-20 19:41:59');
INSERT INTO `blog_admin_log` VALUES (94, 1, '::1', '', 'background/config', 'POST', '{\"_token\":\"2ar9oprcNALz2nbt6RMvEUkAZge1V4CBVjShNOIu\",\"again_form\":\"again_form\",\"sys_name\":\"\\u767d\\u8863\\u5c11\\u4fa0\",\"sys_is_open\":\"1\",\"sys_close_info\":\"\\u7ad9\\u70b9\\u5173\\u95ed\\u63d0\\u793a\\u4fe1\\u606f\",\"sys_cache_time\":\"20\",\"sys_paginate\":\"10\",\"sys_water\":null,\"file\":null,\"sys_water_bottom\":null,\"sys_water_left\":null,\"sys_qrcode_img\":null,\"sys_qrcode_margin\":null,\"sys_qrcode_size\":null,\"sys_color_red\":null,\"sys_color_green\":null,\"sys_color_blue_red\":null,\"sys_background_color_red\":null,\"sys_background_color_green\":null,\"sys_background_color_blue\":null}', '2018-10-20 19:42:45', '2018-10-20 19:42:45');
INSERT INTO `blog_admin_log` VALUES (95, 1, '::1', '', 'background/config', 'POST', '{\"_token\":\"2ar9oprcNALz2nbt6RMvEUkAZge1V4CBVjShNOIu\",\"again_form\":\"again_form\",\"sys_name\":\"\\u767d\\u8863\\u5c11\\u4fa0\",\"sys_is_open\":\"1\",\"sys_close_info\":\"\\u7ad9\\u70b9\\u5173\\u95ed\\u63d0\\u793a\\u4fe1\\u606f\",\"sys_cache_time\":\"20\",\"sys_paginate\":\"10\",\"sys_water\":null,\"file\":null,\"sys_water_bottom\":null,\"sys_water_left\":null,\"sys_qrcode_img\":null,\"sys_qrcode_margin\":null,\"sys_qrcode_size\":null,\"sys_color_red\":null,\"sys_color_green\":null,\"sys_color_blue_red\":null,\"sys_background_color_red\":null,\"sys_background_color_green\":null,\"sys_background_color_blue\":null}', '2018-10-20 19:42:48', '2018-10-20 19:42:48');
INSERT INTO `blog_admin_log` VALUES (96, 1, '::1', '', 'background/config', 'POST', '{\"_token\":\"2ar9oprcNALz2nbt6RMvEUkAZge1V4CBVjShNOIu\",\"again_form\":\"again_form\",\"sys_name\":\"\\u767d\\u8863\\u5c11\\u4fa0\",\"sys_is_open\":\"1\",\"sys_close_info\":\"\\u7ad9\\u70b9\\u5173\\u95ed\\u63d0\\u793a\\u4fe1\\u606f\",\"sys_cache_time\":\"20\",\"sys_paginate\":\"10\",\"sys_water\":null,\"file\":null,\"sys_water_bottom\":null,\"sys_water_left\":null,\"sys_qrcode_img\":null,\"sys_qrcode_margin\":null,\"sys_qrcode_size\":null,\"sys_color_red\":null,\"sys_color_green\":null,\"sys_color_blue_red\":null,\"sys_background_color_red\":null,\"sys_background_color_green\":null,\"sys_background_color_blue\":null}', '2018-10-20 19:42:51', '2018-10-20 19:42:51');
INSERT INTO `blog_admin_log` VALUES (97, 1, '::1', '', 'background/config', 'POST', '{\"_token\":\"2ar9oprcNALz2nbt6RMvEUkAZge1V4CBVjShNOIu\",\"again_form\":\"again_form\",\"sys_name\":\"\\u767d\\u8863\\u5c11\\u4fa0\",\"sys_is_open\":\"1\",\"sys_close_info\":\"\\u7ad9\\u70b9\\u5173\\u95ed\\u63d0\\u793a\\u4fe1\\u606f\",\"sys_cache_time\":\"20\",\"sys_paginate\":\"10\",\"sys_water\":null,\"file\":null,\"sys_water_bottom\":null,\"sys_water_left\":null,\"sys_qrcode_img\":null,\"sys_qrcode_margin\":null,\"sys_qrcode_size\":null,\"sys_color_red\":null,\"sys_color_green\":null,\"sys_color_blue_red\":null,\"sys_background_color_red\":null,\"sys_background_color_green\":null,\"sys_background_color_blue\":null}', '2018-10-20 19:42:54', '2018-10-20 19:42:54');
INSERT INTO `blog_admin_log` VALUES (98, 1, '::1', '', 'background/config', 'POST', '{\"_token\":\"2ar9oprcNALz2nbt6RMvEUkAZge1V4CBVjShNOIu\",\"again_form\":\"again_form\",\"sys_name\":\"\\u767d\\u8863\\u5c11\\u4fa0\",\"sys_is_open\":\"1\",\"sys_close_info\":\"\\u7ad9\\u70b9\\u5173\\u95ed\\u63d0\\u793a\\u4fe1\\u606f\",\"sys_cache_time\":\"20\",\"sys_paginate\":\"10\",\"sys_water\":null,\"file\":null,\"sys_water_bottom\":null,\"sys_water_left\":null,\"sys_qrcode_img\":null,\"sys_qrcode_margin\":null,\"sys_qrcode_size\":null,\"sys_color_red\":null,\"sys_color_green\":null,\"sys_color_blue_red\":null,\"sys_background_color_red\":null,\"sys_background_color_green\":null,\"sys_background_color_blue\":null}', '2018-10-20 19:43:42', '2018-10-20 19:43:42');
INSERT INTO `blog_admin_log` VALUES (99, 1, '::1', '', 'background/config', 'POST', '{\"_token\":\"2ar9oprcNALz2nbt6RMvEUkAZge1V4CBVjShNOIu\",\"again_form\":\"again_form\",\"sys_name\":\"\\u767d\\u8863\\u5c11\\u4fa0\",\"sys_is_open\":\"1\",\"sys_close_info\":\"\\u7ad9\\u70b9\\u5173\\u95ed\\u63d0\\u793a\\u4fe1\\u606f\",\"sys_cache_time\":\"20\",\"sys_paginate\":\"10\",\"sys_water\":null,\"file\":null,\"sys_water_bottom\":null,\"sys_water_left\":null,\"sys_qrcode_img\":null,\"sys_qrcode_margin\":null,\"sys_qrcode_size\":null,\"sys_color_red\":null,\"sys_color_green\":null,\"sys_color_blue_red\":null,\"sys_background_color_red\":null,\"sys_background_color_green\":null,\"sys_background_color_blue\":null}', '2018-10-20 19:43:45', '2018-10-20 19:43:45');
INSERT INTO `blog_admin_log` VALUES (100, 1, '::1', '', 'background/config', 'POST', '{\"_token\":\"2ar9oprcNALz2nbt6RMvEUkAZge1V4CBVjShNOIu\",\"again_form\":\"again_form\",\"sys_name\":\"\\u767d\\u8863\\u5c11\\u4fa0\",\"sys_is_open\":\"1\",\"sys_close_info\":\"\\u7ad9\\u70b9\\u5173\\u95ed\\u63d0\\u793a\\u4fe1\\u606f\",\"sys_cache_time\":\"20\",\"sys_paginate\":\"10\",\"sys_water\":null,\"file\":null,\"sys_water_bottom\":null,\"sys_water_left\":null,\"sys_qrcode_img\":null,\"sys_qrcode_margin\":null,\"sys_qrcode_size\":null,\"sys_color_red\":null,\"sys_color_green\":null,\"sys_color_blue_red\":null,\"sys_background_color_red\":null,\"sys_background_color_green\":null,\"sys_background_color_blue\":null}', '2018-10-20 19:44:51', '2018-10-20 19:44:51');
INSERT INTO `blog_admin_log` VALUES (101, 1, '::1', '', 'background/config', 'POST', '{\"_token\":\"2ar9oprcNALz2nbt6RMvEUkAZge1V4CBVjShNOIu\",\"again_form\":\"again_form\",\"sys_name\":\"\\u767d\\u8863\\u5c11\\u4fa0\",\"sys_is_open\":\"1\",\"sys_close_info\":\"\\u7ad9\\u70b9\\u5173\\u95ed\\u63d0\\u793a\\u4fe1\\u606f\",\"sys_cache_time\":\"20\",\"sys_paginate\":\"10\",\"sys_water\":null,\"file\":null,\"sys_water_bottom\":null,\"sys_water_left\":null,\"sys_qrcode_img\":null,\"sys_qrcode_margin\":null,\"sys_qrcode_size\":null,\"sys_color_red\":null,\"sys_color_green\":null,\"sys_color_blue_red\":null,\"sys_background_color_red\":null,\"sys_background_color_green\":null,\"sys_background_color_blue\":null}', '2018-10-20 19:44:54', '2018-10-20 19:44:54');
INSERT INTO `blog_admin_log` VALUES (102, 1, '::1', '', 'background/config', 'POST', '{\"_token\":\"2ar9oprcNALz2nbt6RMvEUkAZge1V4CBVjShNOIu\",\"again_form\":\"again_form\",\"sys_name\":\"\\u767d\\u8863\\u5c11\\u4fa0\",\"sys_is_open\":\"1\",\"sys_close_info\":\"\\u7ad9\\u70b9\\u5173\\u95ed\\u63d0\\u793a\\u4fe1\\u606f\",\"sys_cache_time\":\"20\",\"sys_paginate\":\"10\",\"sys_water\":null,\"file\":null,\"sys_water_bottom\":null,\"sys_water_left\":null,\"sys_qrcode_img\":null,\"sys_qrcode_margin\":null,\"sys_qrcode_size\":null,\"sys_color_red\":null,\"sys_color_green\":null,\"sys_color_blue_red\":null,\"sys_background_color_red\":null,\"sys_background_color_green\":null,\"sys_background_color_blue\":null}', '2018-10-20 19:44:56', '2018-10-20 19:44:56');
INSERT INTO `blog_admin_log` VALUES (103, 1, '::1', '', 'background/config', 'POST', '{\"_token\":\"2ar9oprcNALz2nbt6RMvEUkAZge1V4CBVjShNOIu\",\"again_form\":\"again_form\",\"sys_name\":\"\\u767d\\u8863\\u5c11\\u4fa0\",\"sys_is_open\":\"1\",\"sys_close_info\":\"\\u7ad9\\u70b9\\u5173\\u95ed\\u63d0\\u793a\\u4fe1\\u606f\",\"sys_cache_time\":\"20\",\"sys_paginate\":\"10\",\"sys_water\":null,\"file\":null,\"sys_water_bottom\":null,\"sys_water_left\":null,\"sys_qrcode_img\":null,\"sys_qrcode_margin\":null,\"sys_qrcode_size\":null,\"sys_color_red\":null,\"sys_color_green\":null,\"sys_color_blue_red\":null,\"sys_background_color_red\":null,\"sys_background_color_green\":null,\"sys_background_color_blue\":null}', '2018-10-20 19:44:59', '2018-10-20 19:44:59');
INSERT INTO `blog_admin_log` VALUES (104, 1, '::1', '', 'background/config', 'POST', '{\"_token\":\"2ar9oprcNALz2nbt6RMvEUkAZge1V4CBVjShNOIu\",\"again_form\":\"again_form\",\"sys_name\":\"\\u767d\\u8863\\u5c11\\u4fa0\",\"sys_is_open\":\"1\",\"sys_close_info\":\"\\u7ad9\\u70b9\\u5173\\u95ed\\u63d0\\u793a\\u4fe1\\u606f\",\"sys_cache_time\":\"20\",\"sys_paginate\":\"10\",\"sys_water\":null,\"file\":null,\"sys_water_bottom\":null,\"sys_water_left\":null,\"sys_qrcode_img\":null,\"sys_qrcode_margin\":null,\"sys_qrcode_size\":null,\"sys_color_red\":null,\"sys_color_green\":null,\"sys_color_blue_red\":null,\"sys_background_color_red\":null,\"sys_background_color_green\":null,\"sys_background_color_blue\":null}', '2018-10-20 19:45:20', '2018-10-20 19:45:20');
INSERT INTO `blog_admin_log` VALUES (105, 1, '::1', '', 'background/config', 'POST', '{\"_token\":\"2ar9oprcNALz2nbt6RMvEUkAZge1V4CBVjShNOIu\",\"again_form\":\"again_form\",\"sys_name\":\"\\u767d\\u8863\\u5c11\\u4fa0\",\"sys_is_open\":\"1\",\"sys_close_info\":\"\\u7ad9\\u70b9\\u5173\\u95ed\\u63d0\\u793a\\u4fe1\\u606f\",\"sys_cache_time\":\"20\",\"sys_paginate\":\"10\",\"sys_water\":null,\"file\":null,\"sys_water_bottom\":null,\"sys_water_left\":null,\"sys_qrcode_img\":null,\"sys_qrcode_margin\":null,\"sys_qrcode_size\":null,\"sys_color_red\":null,\"sys_color_green\":null,\"sys_color_blue_red\":null,\"sys_background_color_red\":null,\"sys_background_color_green\":null,\"sys_background_color_blue\":null}', '2018-10-20 19:45:22', '2018-10-20 19:45:22');
INSERT INTO `blog_admin_log` VALUES (106, 1, '::1', '', 'background/config', 'POST', '{\"_token\":\"2ar9oprcNALz2nbt6RMvEUkAZge1V4CBVjShNOIu\",\"again_form\":\"again_form\",\"sys_name\":\"\\u767d\\u8863\\u5c11\\u4fa0\",\"sys_is_open\":\"1\",\"sys_close_info\":\"\\u7ad9\\u70b9\\u5173\\u95ed\\u63d0\\u793a\\u4fe1\\u606f\",\"sys_cache_time\":\"20\",\"sys_paginate\":\"10\",\"sys_water\":null,\"file\":null,\"sys_water_bottom\":null,\"sys_water_left\":null,\"sys_qrcode_img\":null,\"sys_qrcode_margin\":null,\"sys_qrcode_size\":null,\"sys_color_red\":null,\"sys_color_green\":null,\"sys_color_blue_red\":null,\"sys_background_color_red\":null,\"sys_background_color_green\":null,\"sys_background_color_blue\":null}', '2018-10-20 19:45:24', '2018-10-20 19:45:24');
INSERT INTO `blog_admin_log` VALUES (107, 1, '::1', '', 'background/config', 'POST', '{\"_token\":\"2ar9oprcNALz2nbt6RMvEUkAZge1V4CBVjShNOIu\",\"again_form\":\"again_form\",\"sys_name\":\"\\u767d\\u8863\\u5c11\\u4fa0\",\"sys_is_open\":\"1\",\"sys_close_info\":\"\\u7ad9\\u70b9\\u5173\\u95ed\\u63d0\\u793a\\u4fe1\\u606f\",\"sys_cache_time\":\"20\",\"sys_paginate\":\"10\",\"sys_water\":null,\"file\":null,\"sys_water_bottom\":null,\"sys_water_left\":null,\"sys_qrcode_img\":null,\"sys_qrcode_margin\":null,\"sys_qrcode_size\":null,\"sys_color_red\":null,\"sys_color_green\":null,\"sys_color_blue_red\":null,\"sys_background_color_red\":null,\"sys_background_color_green\":null,\"sys_background_color_blue\":null}', '2018-10-20 19:46:59', '2018-10-20 19:46:59');
INSERT INTO `blog_admin_log` VALUES (108, 1, '::1', '', 'background/config', 'POST', '{\"_token\":\"2ar9oprcNALz2nbt6RMvEUkAZge1V4CBVjShNOIu\",\"again_form\":\"again_form\",\"sys_name\":\"\\u767d\\u8863\\u5c11\\u4fa0\",\"sys_is_open\":\"1\",\"sys_close_info\":\"\\u7ad9\\u70b9\\u5173\\u95ed\\u63d0\\u793a\\u4fe1\\u606f\",\"sys_cache_time\":\"20\",\"sys_paginate\":\"10\",\"sys_water\":null,\"file\":null,\"sys_water_bottom\":null,\"sys_water_left\":null,\"sys_qrcode_img\":null,\"sys_qrcode_margin\":null,\"sys_qrcode_size\":null,\"sys_color_red\":null,\"sys_color_green\":null,\"sys_color_blue_red\":null,\"sys_background_color_red\":null,\"sys_background_color_green\":null,\"sys_background_color_blue\":null}', '2018-10-20 19:47:02', '2018-10-20 19:47:02');
INSERT INTO `blog_admin_log` VALUES (109, 1, '::1', '', 'background/config', 'POST', '{\"_token\":\"2ar9oprcNALz2nbt6RMvEUkAZge1V4CBVjShNOIu\",\"again_form\":\"again_form\",\"sys_name\":\"\\u767d\\u8863\\u5c11\\u4fa0\",\"sys_is_open\":\"1\",\"sys_close_info\":\"\\u7ad9\\u70b9\\u5173\\u95ed\\u63d0\\u793a\\u4fe1\\u606f\",\"sys_cache_time\":\"20\",\"sys_paginate\":\"10\",\"sys_water\":null,\"file\":null,\"sys_water_bottom\":null,\"sys_water_left\":null,\"sys_qrcode_img\":null,\"sys_qrcode_margin\":null,\"sys_qrcode_size\":null,\"sys_color_red\":null,\"sys_color_green\":null,\"sys_color_blue_red\":null,\"sys_background_color_red\":null,\"sys_background_color_green\":null,\"sys_background_color_blue\":null}', '2018-10-20 19:47:04', '2018-10-20 19:47:04');
INSERT INTO `blog_admin_log` VALUES (110, 1, '::1', '', 'background/config', 'POST', '{\"_token\":\"2ar9oprcNALz2nbt6RMvEUkAZge1V4CBVjShNOIu\",\"again_form\":\"again_form\",\"sys_name\":\"\\u767d\\u8863\\u5c11\\u4fa0\",\"sys_is_open\":\"1\",\"sys_close_info\":\"\\u7ad9\\u70b9\\u5173\\u95ed\\u63d0\\u793a\\u4fe1\\u606f\",\"sys_cache_time\":\"20\",\"sys_paginate\":\"10\",\"sys_water\":null,\"file\":null,\"sys_water_bottom\":null,\"sys_water_left\":null,\"sys_qrcode_img\":null,\"sys_qrcode_margin\":null,\"sys_qrcode_size\":null,\"sys_color_red\":null,\"sys_color_green\":null,\"sys_color_blue_red\":null,\"sys_background_color_red\":null,\"sys_background_color_green\":null,\"sys_background_color_blue\":null}', '2018-10-20 19:47:07', '2018-10-20 19:47:07');
INSERT INTO `blog_admin_log` VALUES (111, 1, '::1', '', 'background/config', 'POST', '{\"_token\":\"2ar9oprcNALz2nbt6RMvEUkAZge1V4CBVjShNOIu\",\"again_form\":\"again_form\",\"sys_name\":\"\\u767d\\u8863\\u5c11\\u4fa0\",\"sys_is_open\":\"1\",\"sys_close_info\":\"\\u7ad9\\u70b9\\u5173\\u95ed\\u63d0\\u793a\\u4fe1\\u606f\",\"sys_cache_time\":\"20\",\"sys_paginate\":\"10\",\"sys_water\":null,\"file\":null,\"sys_water_bottom\":null,\"sys_water_left\":null,\"sys_qrcode_img\":null,\"sys_qrcode_margin\":null,\"sys_qrcode_size\":null,\"sys_color_red\":null,\"sys_color_green\":null,\"sys_color_blue_red\":null,\"sys_background_color_red\":null,\"sys_background_color_green\":null,\"sys_background_color_blue\":null}', '2018-10-20 19:47:36', '2018-10-20 19:47:36');
INSERT INTO `blog_admin_log` VALUES (112, 1, '::1', '', 'background/config', 'POST', '{\"_token\":\"2ar9oprcNALz2nbt6RMvEUkAZge1V4CBVjShNOIu\",\"again_form\":\"again_form\",\"sys_name\":\"\\u767d\\u8863\\u5c11\\u4fa0\",\"sys_is_open\":\"1\",\"sys_close_info\":\"\\u7ad9\\u70b9\\u5173\\u95ed\\u63d0\\u793a\\u4fe1\\u606f\",\"sys_cache_time\":\"20\",\"sys_paginate\":\"10\",\"sys_water\":null,\"file\":null,\"sys_water_bottom\":null,\"sys_water_left\":null,\"sys_qrcode_img\":null,\"sys_qrcode_margin\":null,\"sys_qrcode_size\":null,\"sys_color_red\":null,\"sys_color_green\":null,\"sys_color_blue_red\":null,\"sys_background_color_red\":null,\"sys_background_color_green\":null,\"sys_background_color_blue\":null}', '2018-10-20 19:47:40', '2018-10-20 19:47:40');
INSERT INTO `blog_admin_log` VALUES (113, 1, '::1', '', 'background/config', 'POST', '{\"_token\":\"2ar9oprcNALz2nbt6RMvEUkAZge1V4CBVjShNOIu\",\"again_form\":\"again_form\",\"sys_name\":\"\\u767d\\u8863\\u5c11\\u4fa0\",\"sys_is_open\":\"1\",\"sys_close_info\":\"\\u7ad9\\u70b9\\u5173\\u95ed\\u63d0\\u793a\\u4fe1\\u606f\",\"sys_cache_time\":\"20\",\"sys_paginate\":\"10\",\"sys_water\":null,\"file\":null,\"sys_water_bottom\":null,\"sys_water_left\":null,\"sys_qrcode_img\":null,\"sys_qrcode_margin\":null,\"sys_qrcode_size\":null,\"sys_color_red\":null,\"sys_color_green\":null,\"sys_color_blue_red\":null,\"sys_background_color_red\":null,\"sys_background_color_green\":null,\"sys_background_color_blue\":null}', '2018-10-20 19:48:34', '2018-10-20 19:48:34');
INSERT INTO `blog_admin_log` VALUES (114, 1, '::1', '', 'background/config', 'POST', '{\"_token\":\"2ar9oprcNALz2nbt6RMvEUkAZge1V4CBVjShNOIu\",\"again_form\":\"again_form\",\"sys_name\":\"\\u767d\\u8863\\u5c11\\u4fa0\",\"sys_is_open\":\"1\",\"sys_close_info\":\"\\u7ad9\\u70b9\\u5173\\u95ed\\u63d0\\u793a\\u4fe1\\u606f\",\"sys_cache_time\":\"20\",\"sys_paginate\":\"10\",\"sys_water\":null,\"file\":null,\"sys_water_bottom\":null,\"sys_water_left\":null,\"sys_qrcode_img\":null,\"sys_qrcode_margin\":null,\"sys_qrcode_size\":null,\"sys_color_red\":null,\"sys_color_green\":null,\"sys_color_blue_red\":null,\"sys_background_color_red\":null,\"sys_background_color_green\":null,\"sys_background_color_blue\":null}', '2018-10-20 19:48:37', '2018-10-20 19:48:37');
INSERT INTO `blog_admin_log` VALUES (115, 1, '::1', '', 'background/config', 'POST', '{\"_token\":\"2ar9oprcNALz2nbt6RMvEUkAZge1V4CBVjShNOIu\",\"again_form\":\"again_form\",\"sys_name\":\"\\u767d\\u8863\\u5c11\\u4fa0\",\"sys_is_open\":\"1\",\"sys_close_info\":\"\\u7ad9\\u70b9\\u5173\\u95ed\\u63d0\\u793a\\u4fe1\\u606f\",\"sys_cache_time\":\"20\",\"sys_paginate\":\"10\",\"sys_water\":null,\"file\":null,\"sys_water_bottom\":null,\"sys_water_left\":null,\"sys_qrcode_img\":null,\"sys_qrcode_margin\":null,\"sys_qrcode_size\":null,\"sys_color_red\":null,\"sys_color_green\":null,\"sys_color_blue_red\":null,\"sys_background_color_red\":null,\"sys_background_color_green\":null,\"sys_background_color_blue\":null}', '2018-10-20 19:48:55', '2018-10-20 19:48:55');
INSERT INTO `blog_admin_log` VALUES (116, 1, '::1', '', 'background/config', 'POST', '{\"_token\":\"2ar9oprcNALz2nbt6RMvEUkAZge1V4CBVjShNOIu\",\"again_form\":\"again_form\",\"sys_name\":\"\\u767d\\u8863\\u5c11\\u4fa0\",\"sys_is_open\":\"1\",\"sys_close_info\":\"\\u7ad9\\u70b9\\u5173\\u95ed\\u63d0\\u793a\\u4fe1\\u606f\",\"sys_cache_time\":\"20\",\"sys_paginate\":\"10\",\"sys_water\":null,\"file\":null,\"sys_water_bottom\":null,\"sys_water_left\":null,\"sys_qrcode_img\":null,\"sys_qrcode_margin\":null,\"sys_qrcode_size\":null,\"sys_color_red\":null,\"sys_color_green\":null,\"sys_color_blue_red\":null,\"sys_background_color_red\":null,\"sys_background_color_green\":null,\"sys_background_color_blue\":null}', '2018-10-20 19:49:32', '2018-10-20 19:49:32');
INSERT INTO `blog_admin_log` VALUES (117, 1, '::1', '', 'background/config', 'POST', '{\"_token\":\"2ar9oprcNALz2nbt6RMvEUkAZge1V4CBVjShNOIu\",\"again_form\":\"again_form\",\"sys_name\":\"\\u767d\\u8863\\u5c11\\u4fa0\",\"sys_is_open\":\"1\",\"sys_close_info\":\"\\u7ad9\\u70b9\\u5173\\u95ed\\u63d0\\u793a\\u4fe1\\u606f\",\"sys_cache_time\":\"20\",\"sys_paginate\":\"10\",\"sys_water\":null,\"file\":null,\"sys_water_bottom\":null,\"sys_water_left\":null,\"sys_qrcode_img\":null,\"sys_qrcode_margin\":null,\"sys_qrcode_size\":null,\"sys_color_red\":null,\"sys_color_green\":null,\"sys_color_blue_red\":null,\"sys_background_color_red\":null,\"sys_background_color_green\":null,\"sys_background_color_blue\":null}', '2018-10-20 19:49:35', '2018-10-20 19:49:35');
INSERT INTO `blog_admin_log` VALUES (118, 1, '::1', '', 'background/config', 'POST', '{\"_token\":\"2ar9oprcNALz2nbt6RMvEUkAZge1V4CBVjShNOIu\",\"again_form\":\"again_form\",\"sys_name\":\"\\u767d\\u8863\\u5c11\\u4fa0\",\"sys_is_open\":\"1\",\"sys_close_info\":\"\\u7ad9\\u70b9\\u5173\\u95ed\\u63d0\\u793a\\u4fe1\\u606f\",\"sys_cache_time\":\"20\",\"sys_paginate\":\"10\",\"sys_water\":null,\"file\":null,\"sys_water_bottom\":null,\"sys_water_left\":null,\"sys_qrcode_img\":null,\"sys_qrcode_margin\":null,\"sys_qrcode_size\":null,\"sys_color_red\":null,\"sys_color_green\":null,\"sys_color_blue_red\":null,\"sys_background_color_red\":null,\"sys_background_color_green\":null,\"sys_background_color_blue\":null}', '2018-10-20 19:56:02', '2018-10-20 19:56:02');
INSERT INTO `blog_admin_log` VALUES (119, 1, '::1', '', 'background/config', 'POST', '{\"_token\":\"2ar9oprcNALz2nbt6RMvEUkAZge1V4CBVjShNOIu\",\"again_form\":\"again_form\",\"sys_name\":\"\\u767d\\u8863\\u5c11\\u4fa0\",\"sys_is_open\":\"1\",\"sys_close_info\":\"\\u7ad9\\u70b9\\u5173\\u95ed\\u63d0\\u793a\\u4fe1\\u606f\",\"sys_cache_time\":\"20\",\"sys_paginate\":\"10\",\"sys_water\":null,\"file\":null,\"sys_water_bottom\":null,\"sys_water_left\":null,\"sys_qrcode_img\":null,\"sys_qrcode_margin\":null,\"sys_qrcode_size\":null,\"sys_color_red\":null,\"sys_color_green\":null,\"sys_color_blue_red\":null,\"sys_background_color_red\":null,\"sys_background_color_green\":null,\"sys_background_color_blue\":null}', '2018-10-20 19:56:03', '2018-10-20 19:56:03');
INSERT INTO `blog_admin_log` VALUES (120, 1, '::1', '', 'background/config', 'POST', '{\"_token\":\"2ar9oprcNALz2nbt6RMvEUkAZge1V4CBVjShNOIu\",\"again_form\":\"again_form\",\"sys_name\":\"\\u767d\\u8863\\u5c11\\u4fa0\",\"sys_is_open\":\"1\",\"sys_close_info\":\"\\u7ad9\\u70b9\\u5173\\u95ed\\u63d0\\u793a\\u4fe1\\u606f\",\"sys_cache_time\":\"20\",\"sys_paginate\":\"10\",\"sys_water\":null,\"file\":null,\"sys_water_bottom\":null,\"sys_water_left\":null,\"sys_qrcode_img\":null,\"sys_qrcode_margin\":null,\"sys_qrcode_size\":null,\"sys_color_red\":null,\"sys_color_green\":null,\"sys_color_blue_red\":null,\"sys_background_color_red\":null,\"sys_background_color_green\":null,\"sys_background_color_blue\":null}', '2018-10-20 19:56:05', '2018-10-20 19:56:05');
INSERT INTO `blog_admin_log` VALUES (121, 1, '::1', '', 'background/config', 'POST', '{\"_token\":\"2ar9oprcNALz2nbt6RMvEUkAZge1V4CBVjShNOIu\",\"again_form\":\"again_form\",\"sys_name\":\"\\u767d\\u8863\\u5c11\\u4fa0\",\"sys_is_open\":\"1\",\"sys_close_info\":\"\\u7ad9\\u70b9\\u5173\\u95ed\\u63d0\\u793a\\u4fe1\\u606f\",\"sys_cache_time\":\"20\",\"sys_paginate\":\"10\",\"sys_water\":null,\"file\":null,\"sys_water_bottom\":null,\"sys_water_left\":null,\"sys_qrcode_img\":null,\"sys_qrcode_margin\":null,\"sys_qrcode_size\":null,\"sys_color_red\":null,\"sys_color_green\":null,\"sys_color_blue_red\":null,\"sys_background_color_red\":null,\"sys_background_color_green\":null,\"sys_background_color_blue\":null}', '2018-10-20 19:56:06', '2018-10-20 19:56:06');
INSERT INTO `blog_admin_log` VALUES (122, 1, '::1', '', 'background/config', 'POST', '{\"_token\":\"2ar9oprcNALz2nbt6RMvEUkAZge1V4CBVjShNOIu\",\"again_form\":\"again_form\",\"sys_name\":\"\\u767d\\u8863\\u5c11\\u4fa0\",\"sys_is_open\":\"1\",\"sys_close_info\":\"\\u7ad9\\u70b9\\u5173\\u95ed\\u63d0\\u793a\\u4fe1\\u606f\",\"sys_cache_time\":\"20\",\"sys_paginate\":\"10\",\"sys_water\":null,\"file\":null,\"sys_water_bottom\":null,\"sys_water_left\":null,\"sys_qrcode_img\":null,\"sys_qrcode_margin\":null,\"sys_qrcode_size\":null,\"sys_color_red\":null,\"sys_color_green\":null,\"sys_color_blue_red\":null,\"sys_background_color_red\":null,\"sys_background_color_green\":null,\"sys_background_color_blue\":null}', '2018-10-20 19:57:03', '2018-10-20 19:57:03');
INSERT INTO `blog_admin_log` VALUES (123, 1, '::1', '', 'background/config', 'POST', '{\"_token\":\"2ar9oprcNALz2nbt6RMvEUkAZge1V4CBVjShNOIu\",\"again_form\":\"again_form\",\"sys_name\":\"\\u767d\\u8863\\u5c11\\u4fa0\",\"sys_is_open\":\"1\",\"sys_close_info\":\"\\u7ad9\\u70b9\\u5173\\u95ed\\u63d0\\u793a\\u4fe1\\u606f\",\"sys_cache_time\":\"20\",\"sys_paginate\":\"10\",\"sys_water\":null,\"file\":null,\"sys_water_bottom\":null,\"sys_water_left\":null,\"sys_qrcode_img\":null,\"sys_qrcode_margin\":null,\"sys_qrcode_size\":null,\"sys_color_red\":null,\"sys_color_green\":null,\"sys_color_blue_red\":null,\"sys_background_color_red\":null,\"sys_background_color_green\":null,\"sys_background_color_blue\":null}', '2018-10-20 19:57:05', '2018-10-20 19:57:05');
INSERT INTO `blog_admin_log` VALUES (124, 1, '::1', '', 'background/config', 'POST', '{\"_token\":\"ZmXHBDWec412KmxYbnCvu46Ictzf53W7qIwBjNd1\",\"sys_name\":\"\\u767d\\u8863\\u5c11\\u4fa0\",\"sys_is_open\":\"1\",\"sys_close_info\":\"\\u7ad9\\u70b9\\u5173\\u95ed\\u63d0\\u793a\\u4fe1\\u606f\",\"sys_cache_time\":\"20\",\"sys_paginate\":\"10\",\"sys_water\":null,\"file\":null,\"sys_water_bottom\":null,\"sys_water_left\":null,\"sys_qrcode_img\":null,\"sys_qrcode_margin\":null,\"sys_qrcode_size\":null,\"sys_color_red\":null,\"sys_color_green\":null,\"sys_color_blue_red\":null,\"sys_background_color_red\":null,\"sys_background_color_green\":null,\"sys_background_color_blue\":null}', '2018-10-21 15:52:33', '2018-10-21 15:52:33');
INSERT INTO `blog_admin_log` VALUES (125, 1, '::1', '', 'background/config', 'POST', '{\"_token\":\"ZmXHBDWec412KmxYbnCvu46Ictzf53W7qIwBjNd1\",\"sys_name\":\"\\u767d\\u8863\\u5c11\\u4fa0\",\"sys_is_open\":\"1\",\"sys_close_info\":\"\\u7ad9\\u70b9\\u5173\\u95ed\\u63d0\\u793a\\u4fe1\\u606f\",\"sys_cache_time\":\"20\",\"sys_paginate\":\"10\",\"sys_water\":null,\"file\":null,\"sys_water_bottom\":null,\"sys_water_left\":null,\"sys_qrcode_img\":null,\"sys_qrcode_margin\":null,\"sys_qrcode_size\":null,\"sys_color_red\":null,\"sys_color_green\":null,\"sys_color_blue_red\":null,\"sys_background_color_red\":null,\"sys_background_color_green\":null,\"sys_background_color_blue\":null}', '2018-10-21 15:52:37', '2018-10-21 15:52:37');
INSERT INTO `blog_admin_log` VALUES (126, 1, '::1', '', 'background/config', 'POST', '{\"_token\":\"ZmXHBDWec412KmxYbnCvu46Ictzf53W7qIwBjNd1\",\"sys_name\":\"\\u767d\\u8863\\u5c11\\u4fa0\",\"sys_is_open\":\"1\",\"sys_close_info\":\"\\u7ad9\\u70b9\\u5173\\u95ed\\u63d0\\u793a\\u4fe1\\u606f\",\"sys_cache_time\":\"20\",\"sys_paginate\":\"10\",\"sys_water\":null,\"file\":null,\"sys_water_bottom\":null,\"sys_water_left\":null,\"sys_qrcode_img\":null,\"sys_qrcode_margin\":null,\"sys_qrcode_size\":null,\"sys_color_red\":null,\"sys_color_green\":null,\"sys_color_blue_red\":null,\"sys_background_color_red\":null,\"sys_background_color_green\":null,\"sys_background_color_blue\":null}', '2018-10-21 15:54:35', '2018-10-21 15:54:35');
INSERT INTO `blog_admin_log` VALUES (127, 1, '::1', '', 'background/config', 'POST', '{\"_token\":\"ZmXHBDWec412KmxYbnCvu46Ictzf53W7qIwBjNd1\",\"sys_name\":\"\\u767d\\u8863\\u5c11\\u4fa0\",\"sys_is_open\":\"1\",\"sys_close_info\":\"\\u7ad9\\u70b9\\u5173\\u95ed\\u63d0\\u793a\\u4fe1\\u606f\",\"sys_cache_time\":\"20\",\"sys_paginate\":\"10\",\"sys_water\":null,\"file\":null,\"sys_water_bottom\":null,\"sys_water_left\":null,\"sys_qrcode_img\":null,\"sys_qrcode_margin\":null,\"sys_qrcode_size\":null,\"sys_color_red\":null,\"sys_color_green\":null,\"sys_color_blue_red\":null,\"sys_background_color_red\":null,\"sys_background_color_green\":null,\"sys_background_color_blue\":null}', '2018-10-21 15:54:37', '2018-10-21 15:54:37');
INSERT INTO `blog_admin_log` VALUES (128, 1, '::1', '', 'background/config', 'POST', '{\"_token\":\"ZmXHBDWec412KmxYbnCvu46Ictzf53W7qIwBjNd1\",\"sys_name\":\"\\u767d\\u8863\\u5c11\\u4fa0\",\"sys_is_open\":\"1\",\"sys_close_info\":\"\\u7ad9\\u70b9\\u5173\\u95ed\\u63d0\\u793a\\u4fe1\\u606f\",\"sys_cache_time\":\"20\",\"sys_paginate\":\"10\",\"sys_water\":null,\"file\":null,\"sys_water_bottom\":null,\"sys_water_left\":null,\"sys_qrcode_img\":null,\"sys_qrcode_margin\":null,\"sys_qrcode_size\":null,\"sys_color_red\":null,\"sys_color_green\":null,\"sys_color_blue_red\":null,\"sys_background_color_red\":null,\"sys_background_color_green\":null,\"sys_background_color_blue\":null}', '2018-10-21 15:54:39', '2018-10-21 15:54:39');
INSERT INTO `blog_admin_log` VALUES (129, 1, '::1', '', 'admin/article/store', 'POST', '{\"_token\":\"ZmXHBDWec412KmxYbnCvu46Ictzf53W7qIwBjNd1\",\"cate_id\":\"1\",\"art_title\":null,\"art_author\":null,\"art_thumb\":null,\"art_tag\":null,\"art_discription\":null}', '2018-10-21 16:11:26', '2018-10-21 16:11:26');
INSERT INTO `blog_admin_log` VALUES (130, 1, '::1', '', 'background/config', 'POST', '{\"_token\":\"ZmXHBDWec412KmxYbnCvu46Ictzf53W7qIwBjNd1\",\"sys_name\":\"\\u767d\\u8863\\u5c11\\u4fa0\",\"sys_is_open\":\"1\",\"sys_close_info\":\"\\u7ad9\\u70b9\\u5173\\u95ed\\u63d0\\u793a\\u4fe1\\u606f\",\"sys_cache_time\":\"20\",\"sys_paginate\":\"10\",\"sys_water\":null,\"file\":null,\"sys_water_bottom\":null,\"sys_water_left\":null,\"sys_qrcode_img\":null,\"sys_qrcode_margin\":null,\"sys_qrcode_size\":null,\"sys_color_red\":null,\"sys_color_green\":null,\"sys_color_blue_red\":null,\"sys_background_color_red\":null,\"sys_background_color_green\":null,\"sys_background_color_blue\":null}', '2018-10-21 16:25:08', '2018-10-21 16:25:08');
INSERT INTO `blog_admin_log` VALUES (131, 1, '::1', '', 'background/config', 'POST', '{\"_token\":\"ZmXHBDWec412KmxYbnCvu46Ictzf53W7qIwBjNd1\",\"sys_name\":\"\\u767d\\u8863\\u5c11\\u4fa0\",\"sys_is_open\":\"1\",\"sys_close_info\":\"\\u7ad9\\u70b9\\u5173\\u95ed\\u63d0\\u793a\\u4fe1\\u606f\",\"sys_cache_time\":\"20\",\"sys_paginate\":\"10\",\"sys_water\":null,\"file\":null,\"sys_water_bottom\":null,\"sys_water_left\":null,\"sys_qrcode_img\":null,\"sys_qrcode_margin\":null,\"sys_qrcode_size\":null,\"sys_color_red\":null,\"sys_color_green\":null,\"sys_color_blue_red\":null,\"sys_background_color_red\":null,\"sys_background_color_green\":null,\"sys_background_color_blue\":null}', '2018-10-21 16:25:10', '2018-10-21 16:25:10');
INSERT INTO `blog_admin_log` VALUES (132, 1, '::1', '', 'admin/tmp/create', 'POST', '{\"_token\":\"3E8mrnjs1ToHTpvou06JxER8qG1ANAbafnIbKI37\",\"title\":\"1\",\"tmp_title\":\"1\",\"file\":null,\"article_template\":\"1\",\"define_template\":null,\"number\":\"2\",\"click\":\"0\",\"start_time\":\"2018-11-13 00:00:00\",\"end_time\":\"2018-11-13 00:00:00\",\"seo_title\":null,\"seo_keywords\":null,\"seo_description\":null}', '2018-11-13 12:40:24', '2018-11-13 12:40:24');
INSERT INTO `blog_admin_log` VALUES (133, 1, '::1', '', 'background/image', 'POST', '{\"DelFilePath\":null,\"id\":\"WU_FILE_0\",\"name\":\"u=4073872651,3388029190&fm=27&gp=0.jpg\",\"type\":\"image\\/jpeg\",\"lastModifiedDate\":\"Fri Dec 01 2017 13:49:57 GMT+0800 (\\u4e2d\\u56fd\\u6807\\u51c6\\u65f6\\u95f4)\",\"size\":\"7885\",\"Filedata\":{}}', '2018-11-13 12:42:43', '2018-11-13 12:42:43');
INSERT INTO `blog_admin_log` VALUES (134, 1, '::1', '', 'background/image', 'POST', '{\"DelFilePath\":null,\"id\":\"WU_FILE_1\",\"name\":\"u=4153972067,267454648&fm=27&gp=0.jpg\",\"type\":\"image\\/jpeg\",\"lastModifiedDate\":\"Fri Dec 01 2017 13:50:01 GMT+0800 (\\u4e2d\\u56fd\\u6807\\u51c6\\u65f6\\u95f4)\",\"size\":\"5942\",\"Filedata\":{}}', '2018-11-13 12:42:43', '2018-11-13 12:42:43');
INSERT INTO `blog_admin_log` VALUES (135, 1, '::1', '', 'admin/tmp/create', 'POST', '{\"_token\":\"3E8mrnjs1ToHTpvou06JxER8qG1ANAbafnIbKI37\",\"title\":\"1\",\"tmp_title\":\"2\",\"file\":null,\"photo\":{\"0.26691226529969136\":{\"path\":\"image\\/181113\\/qAtcyNcuKv0n4d6eHqlL9BnjguGV8gDVBSmEF1YP.jpeg\",\"info\":\"u=4073872651,3388029190&fm=27&gp=0.jpg\"},\"0.09763127587019049\":{\"path\":\"image\\/181113\\/njMZ24hPioF7s4quQmcapeTdw04h5KMpezW7bRfD.jpeg\",\"info\":\"u=4153972067,267454648&fm=27&gp=0.jpg\"}},\"article_template\":\"1\",\"define_template\":null,\"number\":\"3\",\"click\":\"0\",\"start_time\":\"2018-11-13 00:00:00\",\"end_time\":\"2018-11-13 00:00:00\",\"seo_title\":null,\"seo_keywords\":null,\"seo_description\":null}', '2018-11-13 12:42:56', '2018-11-13 12:42:56');
INSERT INTO `blog_admin_log` VALUES (136, 1, '::1', '', 'admin/tmp/create', 'POST', '{\"_token\":\"3E8mrnjs1ToHTpvou06JxER8qG1ANAbafnIbKI37\",\"title\":\"1\",\"tmp_title\":\"2\",\"file\":null,\"photo\":{\"0.26691226529969136\":{\"path\":\"image\\/181113\\/qAtcyNcuKv0n4d6eHqlL9BnjguGV8gDVBSmEF1YP.jpeg\",\"info\":\"u=4073872651,3388029190&fm=27&gp=0.jpg\"},\"0.09763127587019049\":{\"path\":\"image\\/181113\\/njMZ24hPioF7s4quQmcapeTdw04h5KMpezW7bRfD.jpeg\",\"info\":\"u=4153972067,267454648&fm=27&gp=0.jpg\"}},\"article_template\":\"1\",\"define_template\":null,\"number\":\"3\",\"click\":\"0\",\"start_time\":\"2018-11-13 00:00:00\",\"end_time\":\"2018-11-13 00:00:00\",\"seo_title\":null,\"seo_keywords\":null,\"seo_description\":null}', '2018-11-13 12:43:44', '2018-11-13 12:43:44');
INSERT INTO `blog_admin_log` VALUES (137, 1, '::1', '', 'admin/tmp/create', 'POST', '{\"_token\":\"3E8mrnjs1ToHTpvou06JxER8qG1ANAbafnIbKI37\",\"title\":\"1\",\"tmp_title\":\"2\",\"file\":null,\"photo\":{\"0.26691226529969136\":{\"path\":\"image\\/181113\\/qAtcyNcuKv0n4d6eHqlL9BnjguGV8gDVBSmEF1YP.jpeg\",\"info\":\"u=4073872651,3388029190&fm=27&gp=0.jpg\"},\"0.09763127587019049\":{\"path\":\"image\\/181113\\/njMZ24hPioF7s4quQmcapeTdw04h5KMpezW7bRfD.jpeg\",\"info\":\"u=4153972067,267454648&fm=27&gp=0.jpg\"}},\"article_template\":\"1\",\"define_template\":null,\"number\":\"3\",\"click\":\"0\",\"start_time\":\"2018-11-13 00:00:00\",\"end_time\":\"2018-11-13 00:00:00\",\"seo_title\":null,\"seo_keywords\":null,\"seo_description\":null}', '2018-11-13 12:59:59', '2018-11-13 12:59:59');
INSERT INTO `blog_admin_log` VALUES (138, 1, '::1', '', 'background/image', 'POST', '{\"DelFilePath\":null,\"id\":\"WU_FILE_0\",\"name\":\"u=4073872651,3388029190&fm=27&gp=0.jpg\",\"type\":\"image\\/jpeg\",\"lastModifiedDate\":\"Fri Dec 01 2017 13:49:57 GMT+0800 (\\u4e2d\\u56fd\\u6807\\u51c6\\u65f6\\u95f4)\",\"size\":\"7885\",\"Filedata\":{}}', '2018-11-13 13:01:07', '2018-11-13 13:01:07');
INSERT INTO `blog_admin_log` VALUES (139, 1, '::1', '', 'background/image', 'POST', '{\"DelFilePath\":null,\"id\":\"WU_FILE_1\",\"name\":\"u=4153972067,267454648&fm=27&gp=0.jpg\",\"type\":\"image\\/jpeg\",\"lastModifiedDate\":\"Fri Dec 01 2017 13:50:01 GMT+0800 (\\u4e2d\\u56fd\\u6807\\u51c6\\u65f6\\u95f4)\",\"size\":\"5942\",\"Filedata\":{}}', '2018-11-13 13:01:07', '2018-11-13 13:01:07');
INSERT INTO `blog_admin_log` VALUES (140, 1, '::1', '', 'admin/tmp/create', 'POST', '{\"_token\":\"3E8mrnjs1ToHTpvou06JxER8qG1ANAbafnIbKI37\",\"title\":\"1\",\"tmp_title\":\"1\",\"file\":null,\"photo\":{\"0.24503190408543118\":{\"path\":\"image\\/181113\\/3GjIHxPo9RzV1Q1IPbY4P3PpyegwGZdgugR7zLmT.jpeg\",\"info\":\"u=4073872651,3388029190&fm=27&gp=0.jpg\"},\"0.7162078899259694\":{\"path\":\"image\\/181113\\/xz6LbKnhL10tUq7sbGD9FClXeRAaWl7GqUnYSTKO.jpeg\",\"info\":\"u=4153972067,267454648&fm=27&gp=0.jpg\"}},\"article_template\":\"1\",\"define_template\":null,\"number\":\"1\",\"click\":\"0\",\"start_time\":\"2018-11-13 00:00:00\",\"end_time\":\"2018-11-13 00:00:00\",\"seo_title\":null,\"seo_keywords\":null,\"seo_description\":null}', '2018-11-13 13:01:16', '2018-11-13 13:01:16');
INSERT INTO `blog_admin_log` VALUES (141, 1, '::1', '', 'background/image', 'POST', '{\"DelFilePath\":null,\"id\":\"WU_FILE_0\",\"name\":\"u=4073872651,3388029190&fm=27&gp=0.jpg\",\"type\":\"image\\/jpeg\",\"lastModifiedDate\":\"Fri Dec 01 2017 13:49:57 GMT+0800 (\\u4e2d\\u56fd\\u6807\\u51c6\\u65f6\\u95f4)\",\"size\":\"7885\",\"Filedata\":{}}', '2018-11-13 13:02:51', '2018-11-13 13:02:51');
INSERT INTO `blog_admin_log` VALUES (142, 1, '::1', '', 'background/image', 'POST', '{\"DelFilePath\":null,\"id\":\"WU_FILE_1\",\"name\":\"u=4153972067,267454648&fm=27&gp=0.jpg\",\"type\":\"image\\/jpeg\",\"lastModifiedDate\":\"Fri Dec 01 2017 13:50:01 GMT+0800 (\\u4e2d\\u56fd\\u6807\\u51c6\\u65f6\\u95f4)\",\"size\":\"5942\",\"Filedata\":{}}', '2018-11-13 13:02:52', '2018-11-13 13:02:52');
INSERT INTO `blog_admin_log` VALUES (143, 1, '::1', '', 'admin/tmp/create', 'POST', '{\"_token\":\"3E8mrnjs1ToHTpvou06JxER8qG1ANAbafnIbKI37\",\"title\":\"1\",\"tmp_title\":\"1\",\"file\":null,\"photo\":{\"0.26356321165393637\":{\"path\":\"image\\/181113\\/lIXhQqVrVIMgKVvi3piTICalcxZW4OPUheOSMcaq.jpeg\",\"info\":\"u=4073872651,3388029190&fm=27&gp=0.jpg\"},\"0.7959480809556116\":{\"path\":\"image\\/181113\\/JYvgRjvTmiNcm5RSB0bNKW5dLL49F9IhpnNlmaA2.jpeg\",\"info\":\"u=4153972067,267454648&fm=27&gp=0.jpg\"}},\"article_template\":\"1\",\"define_template\":null,\"number\":\"1\",\"click\":\"0\",\"start_time\":\"2018-11-13 00:00:00\",\"end_time\":\"2018-11-13 00:00:00\",\"seo_title\":null,\"seo_keywords\":null,\"seo_description\":null}', '2018-11-13 13:02:57', '2018-11-13 13:02:57');
INSERT INTO `blog_admin_log` VALUES (144, 1, '::1', '', 'background/image', 'POST', '{\"DelFilePath\":null,\"id\":\"WU_FILE_0\",\"name\":\"u=4073872651,3388029190&fm=27&gp=0.jpg\",\"type\":\"image\\/jpeg\",\"lastModifiedDate\":\"Fri Dec 01 2017 13:49:57 GMT+0800 (\\u4e2d\\u56fd\\u6807\\u51c6\\u65f6\\u95f4)\",\"size\":\"7885\",\"Filedata\":{}}', '2018-11-13 13:43:07', '2018-11-13 13:43:07');
INSERT INTO `blog_admin_log` VALUES (145, 1, '::1', '', 'background/image', 'POST', '{\"DelFilePath\":null,\"id\":\"WU_FILE_1\",\"name\":\"u=4153972067,267454648&fm=27&gp=0.jpg\",\"type\":\"image\\/jpeg\",\"lastModifiedDate\":\"Fri Dec 01 2017 13:50:01 GMT+0800 (\\u4e2d\\u56fd\\u6807\\u51c6\\u65f6\\u95f4)\",\"size\":\"5942\",\"Filedata\":{}}', '2018-11-13 13:43:07', '2018-11-13 13:43:07');
INSERT INTO `blog_admin_log` VALUES (146, 1, '::1', '', 'admin/tmp/create', 'POST', '{\"_token\":\"3E8mrnjs1ToHTpvou06JxER8qG1ANAbafnIbKI37\",\"title\":\"1\",\"tmp_title\":\"2\",\"file\":null,\"photo\":{\"0.39289003582043214\":{\"path\":\"image\\/181113\\/ue28qCyf7rPuYRW1ZPbi04pGji1TQjj1zNRJ8GBs.jpeg\",\"info\":\"u=4073872651,3388029190&fm=27&gp=0.jpg\"},\"0.4547390423619859\":{\"path\":\"image\\/181113\\/IB3d640UccWsaMJbKM3WnPnPmuP5NeyaumFKtJqp.jpeg\",\"info\":\"u=4153972067,267454648&fm=27&gp=0.jpg\"}},\"article_template\":\"1\",\"define_template\":null,\"number\":\"1\",\"click\":\"0\",\"start_time\":\"2018-11-13 00:00:00\",\"end_time\":\"2018-11-13 13:43:14\",\"seo_title\":null,\"seo_keywords\":null,\"seo_description\":null}', '2018-11-13 13:43:17', '2018-11-13 13:43:17');
INSERT INTO `blog_admin_log` VALUES (147, 1, '::1', '', 'background/image', 'POST', '{\"DelFilePath\":null,\"id\":\"WU_FILE_0\",\"name\":\"u=4073872651,3388029190&fm=27&gp=0.jpg\",\"type\":\"image\\/jpeg\",\"lastModifiedDate\":\"Fri Dec 01 2017 13:49:57 GMT+0800 (\\u4e2d\\u56fd\\u6807\\u51c6\\u65f6\\u95f4)\",\"size\":\"7885\",\"Filedata\":{}}', '2018-11-13 13:45:50', '2018-11-13 13:45:50');
INSERT INTO `blog_admin_log` VALUES (148, 1, '::1', '', 'background/image', 'POST', '{\"DelFilePath\":null,\"id\":\"WU_FILE_1\",\"name\":\"u=4153972067,267454648&fm=27&gp=0.jpg\",\"type\":\"image\\/jpeg\",\"lastModifiedDate\":\"Fri Dec 01 2017 13:50:01 GMT+0800 (\\u4e2d\\u56fd\\u6807\\u51c6\\u65f6\\u95f4)\",\"size\":\"5942\",\"Filedata\":{}}', '2018-11-13 13:45:51', '2018-11-13 13:45:51');
INSERT INTO `blog_admin_log` VALUES (149, 1, '::1', '', 'admin/tmp/create', 'POST', '{\"_token\":\"3E8mrnjs1ToHTpvou06JxER8qG1ANAbafnIbKI37\",\"title\":\"1\",\"tmp_title\":\"1\",\"file\":null,\"photo\":{\"0.28396097367823736\":{\"path\":\"image\\/181113\\/bVuShTbhqkJhaihfYq4JUYYTdjH14B9D5ofbEALG.jpeg\",\"info\":\"u=4073872651,3388029190&fm=27&gp=0.jpg\"},\"0.40201505861804154\":{\"path\":\"image\\/181113\\/HDlADqYJqOH4q72bikAuOk6N5DdZPCixP3QgnzKv.jpeg\",\"info\":\"u=4153972067,267454648&fm=27&gp=0.jpg\"}},\"article_template\":\"1\",\"define_template\":null,\"number\":\"1\",\"click\":\"0\",\"start_time\":\"2018-11-13 13:45:54\",\"end_time\":\"2018-11-13 13:45:55\",\"seo_title\":null,\"seo_keywords\":null,\"seo_description\":null}', '2018-11-13 13:45:57', '2018-11-13 13:45:57');
INSERT INTO `blog_admin_log` VALUES (150, 1, '::1', '', 'admin/tmp/create', 'POST', '{\"_token\":\"3E8mrnjs1ToHTpvou06JxER8qG1ANAbafnIbKI37\",\"title\":\"1\",\"tmp_title\":\"1\",\"file\":null,\"photo\":{\"0.28396097367823736\":{\"path\":\"image\\/181113\\/bVuShTbhqkJhaihfYq4JUYYTdjH14B9D5ofbEALG.jpeg\",\"info\":\"u=4073872651,3388029190&fm=27&gp=0.jpg\"},\"0.40201505861804154\":{\"path\":\"image\\/181113\\/HDlADqYJqOH4q72bikAuOk6N5DdZPCixP3QgnzKv.jpeg\",\"info\":\"u=4153972067,267454648&fm=27&gp=0.jpg\"}},\"article_template\":\"1\",\"define_template\":null,\"number\":\"1\",\"click\":\"0\",\"start_time\":\"2018-11-13 13:45:54\",\"end_time\":\"2018-11-13 13:45:55\",\"seo_title\":null,\"seo_keywords\":null,\"seo_description\":null}', '2018-11-13 13:46:13', '2018-11-13 13:46:13');
INSERT INTO `blog_admin_log` VALUES (151, 1, '::1', '', 'background/image', 'POST', '{\"DelFilePath\":null,\"id\":\"WU_FILE_0\",\"name\":\"u=4073872651,3388029190&fm=27&gp=0.jpg\",\"type\":\"image\\/jpeg\",\"lastModifiedDate\":\"Fri Dec 01 2017 13:49:57 GMT+0800 (\\u4e2d\\u56fd\\u6807\\u51c6\\u65f6\\u95f4)\",\"size\":\"7885\",\"Filedata\":{}}', '2018-11-13 19:49:12', '2018-11-13 19:49:12');
INSERT INTO `blog_admin_log` VALUES (152, 1, '::1', '', 'background/image', 'POST', '{\"DelFilePath\":null,\"id\":\"WU_FILE_1\",\"name\":\"u=4153972067,267454648&fm=27&gp=0.jpg\",\"type\":\"image\\/jpeg\",\"lastModifiedDate\":\"Fri Dec 01 2017 13:50:01 GMT+0800 (\\u4e2d\\u56fd\\u6807\\u51c6\\u65f6\\u95f4)\",\"size\":\"5942\",\"Filedata\":{}}', '2018-11-13 19:49:12', '2018-11-13 19:49:12');
INSERT INTO `blog_admin_log` VALUES (153, 1, '::1', '', 'admin/tmp/create', 'POST', '{\"_token\":\"vRb78NgbDfAOZtrSOAOFtPGBCFXQaEiXmKPvOqAK\",\"title\":\"1\",\"tmp_title\":\"1\",\"file\":null,\"photo\":{\"0.9990798082481489\":{\"path\":\"image\\/181113\\/59Afbms2O87wFKlXMR91zIjlpa3ewguJdsgAdemF.jpeg\",\"info\":\"u=4073872651,3388029190&fm=27&gp=0.jpg\"},\"0.1812034071532056\":{\"path\":\"image\\/181113\\/0U2lNbWZjHFdmjf9NAAFNEE9lYJGROEwoUPIfYNB.jpeg\",\"info\":\"u=4153972067,267454648&fm=27&gp=0.jpg\"}},\"article_template\":\"1\",\"define_template\":null,\"number\":\"1\",\"click\":\"0\",\"start_time\":\"2018-11-13 00:00:00\",\"end_time\":\"2018-11-13 19:49:21\",\"seo_title\":null,\"seo_keywords\":null,\"seo_description\":null}', '2018-11-13 19:49:22', '2018-11-13 19:49:22');
INSERT INTO `blog_admin_log` VALUES (154, 1, '::1', '', 'background/image', 'POST', '{\"DelFilePath\":null,\"id\":\"WU_FILE_0\",\"name\":\"u=4153972067,267454648&fm=27&gp=0.jpg\",\"type\":\"image\\/jpeg\",\"lastModifiedDate\":\"Fri Dec 01 2017 13:50:01 GMT+0800 (\\u4e2d\\u56fd\\u6807\\u51c6\\u65f6\\u95f4)\",\"size\":\"5942\",\"Filedata\":{}}', '2018-11-13 19:49:56', '2018-11-13 19:49:56');
INSERT INTO `blog_admin_log` VALUES (155, 1, '::1', '', 'admin/tmp/create', 'POST', '{\"_token\":\"vRb78NgbDfAOZtrSOAOFtPGBCFXQaEiXmKPvOqAK\",\"title\":\"1\",\"tmp_title\":\"1\",\"file\":null,\"photo\":{\"0.09453642057595713\":{\"path\":\"image\\/181113\\/aKUw63SF3PI5jFbskUD6G4CvA0IQYDVPFu0ASbzB.jpeg\",\"info\":\"u=4153972067,267454648&fm=27&gp=0.jpg\"}},\"article_template\":\"1\",\"define_template\":null,\"number\":\"1\",\"click\":\"0\",\"start_time\":\"2018-11-13 00:00:00\",\"end_time\":\"2018-11-13 19:50:02\",\"seo_title\":null,\"seo_keywords\":null,\"seo_description\":null}', '2018-11-13 19:50:02', '2018-11-13 19:50:02');
INSERT INTO `blog_admin_log` VALUES (156, 1, '::1', '', 'background/image', 'POST', '{\"DelFilePath\":null,\"id\":\"WU_FILE_0\",\"name\":\"u=4153972067,267454648&fm=27&gp=0.jpg\",\"type\":\"image\\/jpeg\",\"lastModifiedDate\":\"Fri Dec 01 2017 13:50:01 GMT+0800 (\\u4e2d\\u56fd\\u6807\\u51c6\\u65f6\\u95f4)\",\"size\":\"5942\",\"Filedata\":{}}', '2018-11-13 19:52:40', '2018-11-13 19:52:40');
INSERT INTO `blog_admin_log` VALUES (157, 1, '::1', '', 'background/image', 'POST', '{\"DelFilePath\":null,\"id\":\"WU_FILE_1\",\"name\":\"u=4153972067,267454648&fm=27&gp=0.jpg\",\"type\":\"image\\/jpeg\",\"lastModifiedDate\":\"Fri Dec 01 2017 13:50:01 GMT+0800 (\\u4e2d\\u56fd\\u6807\\u51c6\\u65f6\\u95f4)\",\"size\":\"5942\",\"Filedata\":{}}', '2018-11-13 19:52:58', '2018-11-13 19:52:58');
INSERT INTO `blog_admin_log` VALUES (158, 1, '::1', '', 'background/image', 'POST', '{\"DelFilePath\":null,\"id\":\"WU_FILE_2\",\"name\":\"u=4153972067,267454648&fm=27&gp=0.jpg\",\"type\":\"image\\/jpeg\",\"lastModifiedDate\":\"Fri Dec 01 2017 13:50:01 GMT+0800 (\\u4e2d\\u56fd\\u6807\\u51c6\\u65f6\\u95f4)\",\"size\":\"5942\",\"Filedata\":{}}', '2018-11-13 19:53:20', '2018-11-13 19:53:20');
INSERT INTO `blog_admin_log` VALUES (159, 1, '::1', '', 'background/image', 'POST', '{\"DelFilePath\":null,\"id\":\"WU_FILE_0\",\"name\":\"u=4073872651,3388029190&fm=27&gp=0.jpg\",\"type\":\"image\\/jpeg\",\"lastModifiedDate\":\"Fri Dec 01 2017 13:49:57 GMT+0800 (\\u4e2d\\u56fd\\u6807\\u51c6\\u65f6\\u95f4)\",\"size\":\"7885\",\"Filedata\":{}}', '2018-11-13 20:05:16', '2018-11-13 20:05:16');
INSERT INTO `blog_admin_log` VALUES (160, 1, '::1', '', 'background/image', 'POST', '{\"DelFilePath\":null,\"id\":\"WU_FILE_1\",\"name\":\"u=4153972067,267454648&fm=27&gp=0.jpg\",\"type\":\"image\\/jpeg\",\"lastModifiedDate\":\"Fri Dec 01 2017 13:50:01 GMT+0800 (\\u4e2d\\u56fd\\u6807\\u51c6\\u65f6\\u95f4)\",\"size\":\"5942\",\"Filedata\":{}}', '2018-11-13 20:06:28', '2018-11-13 20:06:28');
INSERT INTO `blog_admin_log` VALUES (161, 1, '::1', '', 'background/image', 'POST', '{\"DelFilePath\":null,\"id\":\"WU_FILE_0\",\"name\":\"u=4153972067,267454648&fm=27&gp=0.jpg\",\"type\":\"image\\/jpeg\",\"lastModifiedDate\":\"Fri Dec 01 2017 13:50:01 GMT+0800 (\\u4e2d\\u56fd\\u6807\\u51c6\\u65f6\\u95f4)\",\"size\":\"5942\",\"Filedata\":{}}', '2018-11-13 20:09:12', '2018-11-13 20:09:12');
INSERT INTO `blog_admin_log` VALUES (162, 1, '::1', '', 'background/image', 'POST', '{\"DelFilePath\":null,\"id\":\"WU_FILE_0\",\"name\":\"u=4073872651,3388029190&fm=27&gp=0.jpg\",\"type\":\"image\\/jpeg\",\"lastModifiedDate\":\"Fri Dec 01 2017 13:49:57 GMT+0800 (\\u4e2d\\u56fd\\u6807\\u51c6\\u65f6\\u95f4)\",\"size\":\"7885\",\"Filedata\":{}}', '2018-11-13 20:11:29', '2018-11-13 20:11:29');
INSERT INTO `blog_admin_log` VALUES (163, 1, '::1', '', 'background/image', 'POST', '{\"DelFilePath\":null,\"id\":\"WU_FILE_1\",\"name\":\"u=4153972067,267454648&fm=27&gp=0.jpg\",\"type\":\"image\\/jpeg\",\"lastModifiedDate\":\"Fri Dec 01 2017 13:50:01 GMT+0800 (\\u4e2d\\u56fd\\u6807\\u51c6\\u65f6\\u95f4)\",\"size\":\"5942\",\"Filedata\":{}}', '2018-11-13 20:11:51', '2018-11-13 20:11:51');
INSERT INTO `blog_admin_log` VALUES (164, 1, '::1', '', 'background/image', 'POST', '{\"DelFilePath\":null,\"id\":\"WU_FILE_0\",\"name\":\"u=1082195034,4139527125&fm=27&gp=0.jpg\",\"type\":\"image\\/jpeg\",\"lastModifiedDate\":\"Fri Dec 01 2017 13:49:12 GMT+0800 (\\u4e2d\\u56fd\\u6807\\u51c6\\u65f6\\u95f4)\",\"size\":\"10987\",\"Filedata\":{}}', '2018-11-13 20:14:32', '2018-11-13 20:14:32');
INSERT INTO `blog_admin_log` VALUES (165, 1, '::1', '', 'admin/tmp/create', 'POST', '{\"_token\":\"vRb78NgbDfAOZtrSOAOFtPGBCFXQaEiXmKPvOqAK\",\"title\":\"1\",\"tmp_title\":\"1\",\"file\":null,\"photo\":{\"0.06289952511448504\":{\"path\":\"image\\/181113\\/hCFPMPDS0ZYgZetY6kqxvovGEK9cYznUCrf180Sw.jpeg\",\"info\":\"u=1082195034,4139527125&fm=27&gp=0.jpg\"}},\"article_template\":\"1\",\"define_template\":null,\"number\":\"1\",\"click\":\"0\",\"start_time\":\"2018-11-13 00:00:00\",\"end_time\":\"2018-11-13 20:14:43\",\"seo_title\":null,\"seo_keywords\":null,\"seo_description\":null}', '2018-11-13 20:14:44', '2018-11-13 20:14:44');
INSERT INTO `blog_admin_log` VALUES (166, 1, '::1', '', 'background/image', 'POST', '{\"DelFilePath\":null,\"id\":\"WU_FILE_0\",\"name\":\"u=4153972067,267454648&fm=27&gp=0.jpg\",\"type\":\"image\\/jpeg\",\"lastModifiedDate\":\"Fri Dec 01 2017 13:50:01 GMT+0800 (\\u4e2d\\u56fd\\u6807\\u51c6\\u65f6\\u95f4)\",\"size\":\"5942\",\"Filedata\":{}}', '2018-11-13 20:16:00', '2018-11-13 20:16:00');
INSERT INTO `blog_admin_log` VALUES (167, 1, '::1', '', 'background/image', 'POST', '{\"DelFilePath\":null,\"id\":\"WU_FILE_0\",\"name\":\"u=4153972067,267454648&fm=27&gp=0.jpg\",\"type\":\"image\\/jpeg\",\"lastModifiedDate\":\"Fri Dec 01 2017 13:50:01 GMT+0800 (\\u4e2d\\u56fd\\u6807\\u51c6\\u65f6\\u95f4)\",\"size\":\"5942\",\"Filedata\":{}}', '2018-11-13 20:16:24', '2018-11-13 20:16:24');
INSERT INTO `blog_admin_log` VALUES (168, 1, '::1', '', 'admin/tmp/create', 'POST', '{\"_token\":\"vRb78NgbDfAOZtrSOAOFtPGBCFXQaEiXmKPvOqAK\",\"title\":\"1\",\"tmp_title\":\"1\",\"file\":null,\"photo\":{\"0.6623581200027349\":{\"path\":\"image\\/181113\\/c4pqy0oJOGdDekpE9tJCybl4tQQGFrqUil7kvrrI.jpeg\",\"info\":\"u=4153972067,267454648&fm=27&gp=0.jpg\"}},\"article_template\":\"1\",\"define_template\":null,\"number\":\"1\",\"click\":\"0\",\"start_time\":\"2018-11-13 00:00:00\",\"end_time\":\"2018-11-13 20:16:20\",\"seo_title\":null,\"seo_keywords\":null,\"seo_description\":null}', '2018-11-13 20:16:26', '2018-11-13 20:16:26');
INSERT INTO `blog_admin_log` VALUES (169, 1, '::1', '', 'background/image', 'POST', '{\"DelFilePath\":null,\"id\":\"WU_FILE_0\",\"name\":\"u=4073872651,3388029190&fm=27&gp=0.jpg\",\"type\":\"image\\/jpeg\",\"lastModifiedDate\":\"Fri Dec 01 2017 13:49:57 GMT+0800 (\\u4e2d\\u56fd\\u6807\\u51c6\\u65f6\\u95f4)\",\"size\":\"7885\",\"Filedata\":{}}', '2018-11-13 20:21:15', '2018-11-13 20:21:15');
INSERT INTO `blog_admin_log` VALUES (170, 1, '::1', '', 'background/image', 'POST', '{\"DelFilePath\":null,\"id\":\"WU_FILE_0\",\"name\":\"huanj_09.jpg\",\"type\":\"image\\/jpeg\",\"lastModifiedDate\":\"Mon Jan 15 2018 08:47:16 GMT+0800 (\\u4e2d\\u56fd\\u6807\\u51c6\\u65f6\\u95f4)\",\"size\":\"43270\",\"Filedata\":{}}', '2018-11-13 20:24:27', '2018-11-13 20:24:27');
INSERT INTO `blog_admin_log` VALUES (171, 1, '::1', '', 'background/image', 'POST', '{\"DelFilePath\":null,\"id\":\"WU_FILE_0\",\"name\":\"huanj_09.jpg\",\"type\":\"image\\/jpeg\",\"lastModifiedDate\":\"Mon Jan 15 2018 08:47:16 GMT+0800 (\\u4e2d\\u56fd\\u6807\\u51c6\\u65f6\\u95f4)\",\"size\":\"43270\",\"Filedata\":{}}', '2018-11-13 20:25:44', '2018-11-13 20:25:44');
INSERT INTO `blog_admin_log` VALUES (172, 1, '::1', '', 'background/image', 'POST', '{\"DelFilePath\":null,\"id\":\"WU_FILE_0\",\"name\":\"u=1858254394,34646862&fm=27&gp=0.jpg\",\"type\":\"image\\/jpeg\",\"lastModifiedDate\":\"Fri Dec 01 2017 13:50:26 GMT+0800 (\\u4e2d\\u56fd\\u6807\\u51c6\\u65f6\\u95f4)\",\"size\":\"16477\",\"Filedata\":{}}', '2018-11-13 20:26:24', '2018-11-13 20:26:24');
INSERT INTO `blog_admin_log` VALUES (173, 1, '::1', '', 'background/image', 'POST', '{\"DelFilePath\":null,\"id\":\"WU_FILE_0\",\"name\":\"u=4153972067,267454648&fm=27&gp=0.jpg\",\"type\":\"image\\/jpeg\",\"lastModifiedDate\":\"Fri Dec 01 2017 13:50:01 GMT+0800 (\\u4e2d\\u56fd\\u6807\\u51c6\\u65f6\\u95f4)\",\"size\":\"5942\",\"Filedata\":{}}', '2018-11-13 20:36:56', '2018-11-13 20:36:56');
INSERT INTO `blog_admin_log` VALUES (174, 1, '::1', '', 'admin/tmp/create', 'POST', '{\"_token\":\"vRb78NgbDfAOZtrSOAOFtPGBCFXQaEiXmKPvOqAK\",\"title\":\"1\",\"tmp_title\":\"1\",\"file\":null,\"photo\":{\"0.4038425813076725\":{\"path\":\"image\\/181113\\/OoQKnAQW5vqrIygQcPR5zsmX4qtC7UmL2sCUJgTZ.jpeg\",\"info\":\"u=4153972067,267454648&fm=27&gp=0.jpg\"}},\"article_template\":\"1\",\"define_template\":null,\"number\":\"1\",\"click\":\"0\",\"start_time\":\"2018-11-13 00:00:00\",\"end_time\":\"2018-11-13 20:37:02\",\"seo_title\":null,\"seo_keywords\":null,\"seo_description\":null}', '2018-11-13 20:37:03', '2018-11-13 20:37:03');
INSERT INTO `blog_admin_log` VALUES (175, 1, '::1', '', 'background/image', 'POST', '{\"DelFilePath\":null,\"id\":\"WU_FILE_0\",\"name\":\"u=4073872651,3388029190&fm=27&gp=0.jpg\",\"type\":\"image\\/jpeg\",\"lastModifiedDate\":\"Fri Dec 01 2017 13:49:57 GMT+0800 (\\u4e2d\\u56fd\\u6807\\u51c6\\u65f6\\u95f4)\",\"size\":\"7885\",\"Filedata\":{}}', '2018-11-13 20:53:00', '2018-11-13 20:53:00');
INSERT INTO `blog_admin_log` VALUES (176, 1, '::1', '', 'background/image', 'POST', '{\"DelFilePath\":null,\"id\":\"WU_FILE_1\",\"name\":\"u=4153972067,267454648&fm=27&gp=0.jpg\",\"type\":\"image\\/jpeg\",\"lastModifiedDate\":\"Fri Dec 01 2017 13:50:01 GMT+0800 (\\u4e2d\\u56fd\\u6807\\u51c6\\u65f6\\u95f4)\",\"size\":\"5942\",\"Filedata\":{}}', '2018-11-13 20:53:00', '2018-11-13 20:53:00');
INSERT INTO `blog_admin_log` VALUES (177, 1, '::1', '', 'admin/tmp/create', 'POST', '{\"_token\":\"vRb78NgbDfAOZtrSOAOFtPGBCFXQaEiXmKPvOqAK\",\"title\":\"\\u667a\\u6167\\u516c\\u5b89\",\"tmp_title\":\"1\",\"file\":null,\"article_template\":\"1\",\"define_template\":null,\"number\":\"1\",\"click\":\"0\",\"start_time\":\"2018-11-13 00:00:00\",\"end_time\":\"2018-11-13 00:00:00\",\"seo_title\":null,\"seo_keywords\":null,\"seo_description\":null}', '2018-11-13 20:53:11', '2018-11-13 20:53:11');
INSERT INTO `blog_admin_log` VALUES (178, 1, '::1', '', 'background/image', 'POST', '{\"DelFilePath\":null,\"id\":\"WU_FILE_0\",\"name\":\"u=4073872651,3388029190&fm=27&gp=0.jpg\",\"type\":\"image\\/jpeg\",\"lastModifiedDate\":\"Fri Dec 01 2017 13:49:57 GMT+0800 (\\u4e2d\\u56fd\\u6807\\u51c6\\u65f6\\u95f4)\",\"size\":\"7885\",\"Filedata\":{}}', '2018-11-13 20:54:38', '2018-11-13 20:54:38');
INSERT INTO `blog_admin_log` VALUES (179, 1, '::1', '', 'background/image', 'POST', '{\"DelFilePath\":null,\"id\":\"WU_FILE_1\",\"name\":\"u=4153972067,267454648&fm=27&gp=0.jpg\",\"type\":\"image\\/jpeg\",\"lastModifiedDate\":\"Fri Dec 01 2017 13:50:01 GMT+0800 (\\u4e2d\\u56fd\\u6807\\u51c6\\u65f6\\u95f4)\",\"size\":\"5942\",\"Filedata\":{}}', '2018-11-13 20:54:38', '2018-11-13 20:54:38');
INSERT INTO `blog_admin_log` VALUES (180, 1, '::1', '', 'admin/tmp/create', 'POST', '{\"_token\":\"vRb78NgbDfAOZtrSOAOFtPGBCFXQaEiXmKPvOqAK\",\"title\":\"\\u667a\\u6167\\u516c\\u5b89\",\"tmp_title\":\"1\",\"file\":null,\"photo\":{\"0.13973185021693224\":{\"path\":\"image\\/181113\\/xWRJlefgl5JXAOHyxePEemGPIAXu4lEKqAj9Gx9v.jpeg\",\"info\":\"u=4073872651,3388029190&fm=27&gp=0.jpg\"},\"0.6435229143797119\":{\"path\":\"image\\/181113\\/XuConmrFEt6N3cGNmmqVCBu1NtCKQ4nhwgGhc75x.jpeg\",\"info\":\"u=4153972067,267454648&fm=27&gp=0.jpg\"}},\"article_template\":\"1\",\"define_template\":null,\"number\":\"1\",\"click\":\"0\",\"start_time\":\"2018-11-13 00:00:00\",\"end_time\":\"2018-11-13 00:00:00\",\"seo_title\":null,\"seo_keywords\":null,\"seo_description\":null}', '2018-11-13 20:54:45', '2018-11-13 20:54:45');
INSERT INTO `blog_admin_log` VALUES (181, 1, '::1', '', 'background/image', 'POST', '{\"DelFilePath\":null,\"id\":\"WU_FILE_0\",\"name\":\"u=4073872651,3388029190&fm=27&gp=0.jpg\",\"type\":\"image\\/jpeg\",\"lastModifiedDate\":\"Fri Dec 01 2017 13:49:57 GMT+0800 (\\u4e2d\\u56fd\\u6807\\u51c6\\u65f6\\u95f4)\",\"size\":\"7885\",\"Filedata\":{}}', '2018-11-13 21:37:41', '2018-11-13 21:37:41');
INSERT INTO `blog_admin_log` VALUES (182, 1, '::1', '', 'background/image', 'POST', '{\"DelFilePath\":null,\"id\":\"WU_FILE_1\",\"name\":\"u=4153972067,267454648&fm=27&gp=0.jpg\",\"type\":\"image\\/jpeg\",\"lastModifiedDate\":\"Fri Dec 01 2017 13:50:01 GMT+0800 (\\u4e2d\\u56fd\\u6807\\u51c6\\u65f6\\u95f4)\",\"size\":\"5942\",\"Filedata\":{}}', '2018-11-13 21:37:41', '2018-11-13 21:37:41');
INSERT INTO `blog_admin_log` VALUES (183, 1, '::1', '', 'admin/tmp/create', 'POST', '{\"_token\":\"vRb78NgbDfAOZtrSOAOFtPGBCFXQaEiXmKPvOqAK\",\"title\":\"\\u667a\\u6167\\u516c\\u5b89\",\"tmp_title\":\"1\",\"file\":null,\"photo\":{\"0.6554025390494151\":{\"path\":\"image\\/181113\\/ZdaWaOthK5hszsRj0NxchDQ2Y8vZjKzMiunlkNXl.jpeg\",\"info\":\"u=4073872651,3388029190&fm=27&gp=0.jpg\"},\"0.2812477987319888\":{\"path\":\"image\\/181113\\/RE0l9tM3ndWZxSio3cLcfZWo2Y0mYv9R6Ap6NUs6.jpeg\",\"info\":\"u=4153972067,267454648&fm=27&gp=0.jpg\"}},\"article_template\":\"1\",\"define_template\":null,\"number\":\"1\",\"click\":\"0\",\"start_time\":\"2018-11-13 00:00:00\",\"end_time\":\"2018-11-13 21:38:09\",\"seo_title\":null,\"seo_keywords\":null,\"seo_description\":null}', '2018-11-13 21:38:10', '2018-11-13 21:38:10');
INSERT INTO `blog_admin_log` VALUES (184, 1, '::1', '', 'background/image', 'POST', '{\"DelFilePath\":null,\"id\":\"WU_FILE_0\",\"name\":\"u=4073872651,3388029190&fm=27&gp=0.jpg\",\"type\":\"image\\/jpeg\",\"lastModifiedDate\":\"Fri Dec 01 2017 13:49:57 GMT+0800 (\\u4e2d\\u56fd\\u6807\\u51c6\\u65f6\\u95f4)\",\"size\":\"7885\",\"Filedata\":{}}', '2018-11-13 21:40:39', '2018-11-13 21:40:39');
INSERT INTO `blog_admin_log` VALUES (185, 1, '::1', '', 'background/image', 'POST', '{\"DelFilePath\":null,\"id\":\"WU_FILE_1\",\"name\":\"u=4153972067,267454648&fm=27&gp=0.jpg\",\"type\":\"image\\/jpeg\",\"lastModifiedDate\":\"Fri Dec 01 2017 13:50:01 GMT+0800 (\\u4e2d\\u56fd\\u6807\\u51c6\\u65f6\\u95f4)\",\"size\":\"5942\",\"Filedata\":{}}', '2018-11-13 21:40:39', '2018-11-13 21:40:39');
INSERT INTO `blog_admin_log` VALUES (186, 1, '::1', '', 'admin/tmp/create', 'POST', '{\"_token\":\"vRb78NgbDfAOZtrSOAOFtPGBCFXQaEiXmKPvOqAK\",\"title\":\"\\u4e2d\",\"tmp_title\":\"1\",\"file\":null,\"photo\":{\"0.5667404388252328\":{\"path\":\"image\\/181113\\/iWY6DfIrc4P9wisUGGVJDEXa00FyVJX0BCsboiMj.jpeg\",\"info\":\"u=4073872651,3388029190&fm=27&gp=0.jpg\"},\"0.16183787364669144\":{\"path\":\"image\\/181113\\/vWLF5hsZr386PojVPro672lci68JlqBkRZXFqLxj.jpeg\",\"info\":\"u=4153972067,267454648&fm=27&gp=0.jpg\"}},\"article_template\":\"1\",\"define_template\":null,\"number\":\"1\",\"click\":\"0\",\"start_time\":\"2018-11-13 00:00:00\",\"end_time\":\"2018-11-13 21:40:44\",\"seo_title\":null,\"seo_keywords\":null,\"seo_description\":null}', '2018-11-13 21:40:45', '2018-11-13 21:40:45');
INSERT INTO `blog_admin_log` VALUES (187, 1, '::1', '', 'background/image', 'POST', '{\"DelFilePath\":null,\"id\":\"WU_FILE_0\",\"name\":\"u=4073872651,3388029190&fm=27&gp=0.jpg\",\"type\":\"image\\/jpeg\",\"lastModifiedDate\":\"Fri Dec 01 2017 13:49:57 GMT+0800 (\\u4e2d\\u56fd\\u6807\\u51c6\\u65f6\\u95f4)\",\"size\":\"7885\",\"Filedata\":{}}', '2018-11-13 21:41:18', '2018-11-13 21:41:18');
INSERT INTO `blog_admin_log` VALUES (188, 1, '::1', '', 'background/image', 'POST', '{\"DelFilePath\":null,\"id\":\"WU_FILE_1\",\"name\":\"u=4153972067,267454648&fm=27&gp=0.jpg\",\"type\":\"image\\/jpeg\",\"lastModifiedDate\":\"Fri Dec 01 2017 13:50:01 GMT+0800 (\\u4e2d\\u56fd\\u6807\\u51c6\\u65f6\\u95f4)\",\"size\":\"5942\",\"Filedata\":{}}', '2018-11-13 21:41:18', '2018-11-13 21:41:18');
INSERT INTO `blog_admin_log` VALUES (189, 1, '::1', '', 'admin/tmp/create', 'POST', '{\"_token\":\"vRb78NgbDfAOZtrSOAOFtPGBCFXQaEiXmKPvOqAK\",\"title\":\"\\u667a\\u6167\\u516c\\u5b89\",\"tmp_title\":\"1\",\"file\":null,\"photo\":{\"0.9495588875920111\":{\"path\":\"image\\/181113\\/kI7bF9fz90hqKXDYvsn6VMDhvjO4s8mn2KsdvAbk.jpeg\",\"info\":\"u=4073872651,3388029190&fm=27&gp=0.jpg\"},\"0.2486758174162078\":{\"path\":\"image\\/181113\\/ga8quUDm5S0wnWdGOHXNflk0vMF8rl8PQsqkMYTA.jpeg\",\"info\":\"u=4153972067,267454648&fm=27&gp=0.jpg\"}},\"article_template\":\"1\",\"define_template\":null,\"number\":\"1\",\"click\":\"0\",\"start_time\":\"2018-11-13 00:00:00\",\"end_time\":\"2018-11-13 21:41:23\",\"seo_title\":null,\"seo_keywords\":null,\"seo_description\":null}', '2018-11-13 21:41:23', '2018-11-13 21:41:23');
INSERT INTO `blog_admin_log` VALUES (190, 1, '::1', '', 'background/image', 'POST', '{\"DelFilePath\":null,\"id\":\"WU_FILE_0\",\"name\":\"u=4073872651,3388029190&fm=27&gp=0.jpg\",\"type\":\"image\\/jpeg\",\"lastModifiedDate\":\"Fri Dec 01 2017 13:49:57 GMT+0800 (\\u4e2d\\u56fd\\u6807\\u51c6\\u65f6\\u95f4)\",\"size\":\"7885\",\"Filedata\":{}}', '2018-11-13 21:51:34', '2018-11-13 21:51:34');
INSERT INTO `blog_admin_log` VALUES (191, 1, '::1', '', 'background/image', 'POST', '{\"DelFilePath\":null,\"id\":\"WU_FILE_1\",\"name\":\"u=4153972067,267454648&fm=27&gp=0.jpg\",\"type\":\"image\\/jpeg\",\"lastModifiedDate\":\"Fri Dec 01 2017 13:50:01 GMT+0800 (\\u4e2d\\u56fd\\u6807\\u51c6\\u65f6\\u95f4)\",\"size\":\"5942\",\"Filedata\":{}}', '2018-11-13 21:51:34', '2018-11-13 21:51:34');
INSERT INTO `blog_admin_log` VALUES (192, 1, '::1', '', 'admin/tmp/create', 'POST', '{\"_token\":\"vRb78NgbDfAOZtrSOAOFtPGBCFXQaEiXmKPvOqAK\",\"title\":\"1\",\"tmp_title\":\"1\",\"file\":null,\"photo\":{\"0.6603917202581802\":{\"path\":\"image\\/181113\\/wqwumoJPhpMDQ904fpl9fhCkMNIcWjW7aLndgjhH.jpeg\",\"info\":\"u=4073872651,3388029190&fm=27&gp=0.jpg\"},\"0.8126604799694432\":{\"path\":\"image\\/181113\\/UjnpaCdWNoSOc6ViFYYqci7sUqxkOHCcdVQTZK87.jpeg\",\"info\":\"u=4153972067,267454648&fm=27&gp=0.jpg\"}},\"logo\":{\"0.1958229875493378\":{\"filename\":\"u=4073872651,3388029190&fm=27&gp=0.jpg\",\"filepath\":\"image\\/181113\\/wqwumoJPhpMDQ904fpl9fhCkMNIcWjW7aLndgjhH.jpeg\",\"filesize\":\"7.7001953125KB\",\"filetime\":\"2018-11-13\"},\"0.6605099528927025\":{\"filename\":\"u=4153972067,267454648&fm=27&gp=0.jpg\",\"filepath\":\"image\\/181113\\/UjnpaCdWNoSOc6ViFYYqci7sUqxkOHCcdVQTZK87.jpeg\",\"filesize\":\"5.802734375KB\",\"filetime\":\"2018-11-13\"}},\"article_template\":\"1\",\"define_template\":null,\"number\":\"1\",\"click\":\"0\",\"start_time\":\"2018-11-13 00:00:00\",\"end_time\":\"2018-11-13 21:51:47\",\"seo_title\":null,\"seo_keywords\":null,\"seo_description\":null}', '2018-11-13 21:51:48', '2018-11-13 21:51:48');
INSERT INTO `blog_admin_log` VALUES (193, 1, '::1', '', 'background/image', 'POST', '{\"DelFilePath\":null,\"id\":\"WU_FILE_0\",\"name\":\"u=4073872651,3388029190&fm=27&gp=0.jpg\",\"type\":\"image\\/jpeg\",\"lastModifiedDate\":\"Fri Dec 01 2017 13:49:57 GMT+0800 (\\u4e2d\\u56fd\\u6807\\u51c6\\u65f6\\u95f4)\",\"size\":\"7885\",\"Filedata\":{}}', '2018-11-13 21:53:38', '2018-11-13 21:53:38');
INSERT INTO `blog_admin_log` VALUES (194, 1, '::1', '', 'background/image', 'POST', '{\"DelFilePath\":null,\"id\":\"WU_FILE_1\",\"name\":\"u=4153972067,267454648&fm=27&gp=0.jpg\",\"type\":\"image\\/jpeg\",\"lastModifiedDate\":\"Fri Dec 01 2017 13:50:01 GMT+0800 (\\u4e2d\\u56fd\\u6807\\u51c6\\u65f6\\u95f4)\",\"size\":\"5942\",\"Filedata\":{}}', '2018-11-13 21:53:38', '2018-11-13 21:53:38');
INSERT INTO `blog_admin_log` VALUES (195, 1, '::1', '', 'background/image', 'POST', '{\"DelFilePath\":null,\"id\":\"WU_FILE_0\",\"name\":\"u=4073872651,3388029190&fm=27&gp=0.jpg\",\"type\":\"image\\/jpeg\",\"lastModifiedDate\":\"Fri Dec 01 2017 13:49:57 GMT+0800 (\\u4e2d\\u56fd\\u6807\\u51c6\\u65f6\\u95f4)\",\"size\":\"7885\",\"Filedata\":{}}', '2018-11-13 21:55:48', '2018-11-13 21:55:48');
INSERT INTO `blog_admin_log` VALUES (196, 1, '::1', '', 'background/image', 'POST', '{\"DelFilePath\":null,\"id\":\"WU_FILE_1\",\"name\":\"u=4153972067,267454648&fm=27&gp=0.jpg\",\"type\":\"image\\/jpeg\",\"lastModifiedDate\":\"Fri Dec 01 2017 13:50:01 GMT+0800 (\\u4e2d\\u56fd\\u6807\\u51c6\\u65f6\\u95f4)\",\"size\":\"5942\",\"Filedata\":{}}', '2018-11-13 21:55:48', '2018-11-13 21:55:48');
INSERT INTO `blog_admin_log` VALUES (197, 1, '::1', '', 'admin/tmp/create', 'POST', '{\"_token\":\"vRb78NgbDfAOZtrSOAOFtPGBCFXQaEiXmKPvOqAK\",\"title\":\"1\",\"tmp_title\":\"1\",\"file\":null,\"photo\":{\"0.3861146851295201\":{\"path\":\"image\\/181113\\/ZXUQ8qpRTX2Py8HnJ1eaIyQQkX0xM7ATOc6IWHII.jpeg\",\"info\":\"u=4073872651,3388029190&fm=27&gp=0.jpg\"},\"0.28558701201635484\":{\"path\":\"image\\/181113\\/7T7Gmt7COe83hw4GyouA7pe3ikNiC3UvoPtynXVO.jpeg\",\"info\":\"u=4153972067,267454648&fm=27&gp=0.jpg\"}},\"logo\":{\"0.18140954145543264\":{\"filename\":\"u=4073872651,3388029190&fm=27&gp=0.jpg\",\"filepath\":\"image\\/181113\\/ZXUQ8qpRTX2Py8HnJ1eaIyQQkX0xM7ATOc6IWHII.jpeg\",\"filesize\":\"7.7001953125KB\",\"filetime\":\"2018-11-13\"},\"0.14058266959209287\":{\"filename\":\"u=4153972067,267454648&fm=27&gp=0.jpg\",\"filepath\":\"image\\/181113\\/7T7Gmt7COe83hw4GyouA7pe3ikNiC3UvoPtynXVO.jpeg\",\"filesize\":\"5.802734375KB\",\"filetime\":\"2018-11-13\"}},\"article_template\":\"1\",\"define_template\":null,\"number\":\"1\",\"click\":\"0\",\"start_time\":\"2018-11-13 00:00:00\",\"end_time\":\"2018-11-13 21:55:53\",\"seo_title\":null,\"seo_keywords\":null,\"seo_description\":null}', '2018-11-13 21:55:55', '2018-11-13 21:55:55');
INSERT INTO `blog_admin_log` VALUES (198, 1, '::1', '', 'admin/tmp/create', 'POST', '{\"_token\":\"vRb78NgbDfAOZtrSOAOFtPGBCFXQaEiXmKPvOqAK\",\"title\":\"1\",\"tmp_title\":\"1\",\"file\":null,\"photo\":{\"0.3861146851295201\":{\"path\":\"image\\/181113\\/ZXUQ8qpRTX2Py8HnJ1eaIyQQkX0xM7ATOc6IWHII.jpeg\",\"info\":\"u=4073872651,3388029190&fm=27&gp=0.jpg\"},\"0.28558701201635484\":{\"path\":\"image\\/181113\\/7T7Gmt7COe83hw4GyouA7pe3ikNiC3UvoPtynXVO.jpeg\",\"info\":\"u=4153972067,267454648&fm=27&gp=0.jpg\"}},\"logo\":{\"0.18140954145543264\":{\"filename\":\"u=4073872651,3388029190&fm=27&gp=0.jpg\",\"filepath\":\"image\\/181113\\/ZXUQ8qpRTX2Py8HnJ1eaIyQQkX0xM7ATOc6IWHII.jpeg\",\"filesize\":\"7.7001953125KB\",\"filetime\":\"2018-11-13\"},\"0.14058266959209287\":{\"filename\":\"u=4153972067,267454648&fm=27&gp=0.jpg\",\"filepath\":\"image\\/181113\\/7T7Gmt7COe83hw4GyouA7pe3ikNiC3UvoPtynXVO.jpeg\",\"filesize\":\"5.802734375KB\",\"filetime\":\"2018-11-13\"}},\"article_template\":\"1\",\"define_template\":null,\"number\":\"1\",\"click\":\"0\",\"start_time\":\"2018-11-13 00:00:00\",\"end_time\":\"2018-11-13 21:55:53\",\"seo_title\":null,\"seo_keywords\":null,\"seo_description\":null}', '2018-11-13 21:59:44', '2018-11-13 21:59:44');
INSERT INTO `blog_admin_log` VALUES (199, 1, '::1', '', 'admin/tmp/create', 'POST', '{\"_token\":\"vRb78NgbDfAOZtrSOAOFtPGBCFXQaEiXmKPvOqAK\",\"title\":\"1\",\"tmp_title\":\"1\",\"file\":null,\"photo\":{\"0.3861146851295201\":{\"path\":\"image\\/181113\\/ZXUQ8qpRTX2Py8HnJ1eaIyQQkX0xM7ATOc6IWHII.jpeg\",\"info\":\"u=4073872651,3388029190&fm=27&gp=0.jpg\"},\"0.28558701201635484\":{\"path\":\"image\\/181113\\/7T7Gmt7COe83hw4GyouA7pe3ikNiC3UvoPtynXVO.jpeg\",\"info\":\"u=4153972067,267454648&fm=27&gp=0.jpg\"}},\"logo\":{\"0.18140954145543264\":{\"filename\":\"u=4073872651,3388029190&fm=27&gp=0.jpg\",\"filepath\":\"image\\/181113\\/ZXUQ8qpRTX2Py8HnJ1eaIyQQkX0xM7ATOc6IWHII.jpeg\",\"filesize\":\"7.7001953125KB\",\"filetime\":\"2018-11-13\"},\"0.14058266959209287\":{\"filename\":\"u=4153972067,267454648&fm=27&gp=0.jpg\",\"filepath\":\"image\\/181113\\/7T7Gmt7COe83hw4GyouA7pe3ikNiC3UvoPtynXVO.jpeg\",\"filesize\":\"5.802734375KB\",\"filetime\":\"2018-11-13\"}},\"article_template\":\"1\",\"define_template\":null,\"number\":\"1\",\"click\":\"0\",\"start_time\":\"2018-11-13 00:00:00\",\"end_time\":\"2018-11-13 21:55:53\",\"seo_title\":null,\"seo_keywords\":null,\"seo_description\":null}', '2018-11-13 22:02:57', '2018-11-13 22:02:57');
INSERT INTO `blog_admin_log` VALUES (200, 1, '::1', '', 'admin/tmp/create', 'POST', '{\"_token\":\"vRb78NgbDfAOZtrSOAOFtPGBCFXQaEiXmKPvOqAK\",\"title\":\"1\",\"tmp_title\":\"1\",\"file\":null,\"photo\":{\"0.3861146851295201\":{\"path\":\"image\\/181113\\/ZXUQ8qpRTX2Py8HnJ1eaIyQQkX0xM7ATOc6IWHII.jpeg\",\"info\":\"u=4073872651,3388029190&fm=27&gp=0.jpg\"},\"0.28558701201635484\":{\"path\":\"image\\/181113\\/7T7Gmt7COe83hw4GyouA7pe3ikNiC3UvoPtynXVO.jpeg\",\"info\":\"u=4153972067,267454648&fm=27&gp=0.jpg\"}},\"logo\":{\"0.18140954145543264\":{\"filename\":\"u=4073872651,3388029190&fm=27&gp=0.jpg\",\"filepath\":\"image\\/181113\\/ZXUQ8qpRTX2Py8HnJ1eaIyQQkX0xM7ATOc6IWHII.jpeg\",\"filesize\":\"7.7001953125KB\",\"filetime\":\"2018-11-13\"},\"0.14058266959209287\":{\"filename\":\"u=4153972067,267454648&fm=27&gp=0.jpg\",\"filepath\":\"image\\/181113\\/7T7Gmt7COe83hw4GyouA7pe3ikNiC3UvoPtynXVO.jpeg\",\"filesize\":\"5.802734375KB\",\"filetime\":\"2018-11-13\"}},\"article_template\":\"1\",\"define_template\":null,\"number\":\"1\",\"click\":\"0\",\"start_time\":\"2018-11-13 00:00:00\",\"end_time\":\"2018-11-13 21:55:53\",\"seo_title\":null,\"seo_keywords\":null,\"seo_description\":null}', '2018-11-13 22:04:44', '2018-11-13 22:04:44');
INSERT INTO `blog_admin_log` VALUES (201, 1, '::1', '', 'admin/tmp/create', 'POST', '{\"_token\":\"vRb78NgbDfAOZtrSOAOFtPGBCFXQaEiXmKPvOqAK\",\"title\":\"1\",\"tmp_title\":\"1\",\"file\":null,\"photo\":{\"0.3861146851295201\":{\"path\":\"image\\/181113\\/ZXUQ8qpRTX2Py8HnJ1eaIyQQkX0xM7ATOc6IWHII.jpeg\",\"info\":\"u=4073872651,3388029190&fm=27&gp=0.jpg\"},\"0.28558701201635484\":{\"path\":\"image\\/181113\\/7T7Gmt7COe83hw4GyouA7pe3ikNiC3UvoPtynXVO.jpeg\",\"info\":\"u=4153972067,267454648&fm=27&gp=0.jpg\"}},\"logo\":{\"0.18140954145543264\":{\"filename\":\"u=4073872651,3388029190&fm=27&gp=0.jpg\",\"filepath\":\"image\\/181113\\/ZXUQ8qpRTX2Py8HnJ1eaIyQQkX0xM7ATOc6IWHII.jpeg\",\"filesize\":\"7.7001953125KB\",\"filetime\":\"2018-11-13\"},\"0.14058266959209287\":{\"filename\":\"u=4153972067,267454648&fm=27&gp=0.jpg\",\"filepath\":\"image\\/181113\\/7T7Gmt7COe83hw4GyouA7pe3ikNiC3UvoPtynXVO.jpeg\",\"filesize\":\"5.802734375KB\",\"filetime\":\"2018-11-13\"}},\"article_template\":\"1\",\"define_template\":null,\"number\":\"1\",\"click\":\"0\",\"start_time\":\"2018-11-13 00:00:00\",\"end_time\":\"2018-11-13 21:55:53\",\"seo_title\":null,\"seo_keywords\":null,\"seo_description\":null}', '2018-11-13 22:05:15', '2018-11-13 22:05:15');
INSERT INTO `blog_admin_log` VALUES (202, 1, '::1', '', 'background/image', 'POST', '{\"DelFilePath\":null,\"id\":\"WU_FILE_0\",\"name\":\"u=4073872651,3388029190&fm=27&gp=0.jpg\",\"type\":\"image\\/jpeg\",\"lastModifiedDate\":\"Fri Dec 01 2017 13:49:57 GMT+0800 (\\u4e2d\\u56fd\\u6807\\u51c6\\u65f6\\u95f4)\",\"size\":\"7885\",\"Filedata\":{}}', '2018-11-13 22:08:45', '2018-11-13 22:08:45');
INSERT INTO `blog_admin_log` VALUES (203, 1, '::1', '', 'background/image', 'POST', '{\"DelFilePath\":null,\"id\":\"WU_FILE_1\",\"name\":\"u=4153972067,267454648&fm=27&gp=0.jpg\",\"type\":\"image\\/jpeg\",\"lastModifiedDate\":\"Fri Dec 01 2017 13:50:01 GMT+0800 (\\u4e2d\\u56fd\\u6807\\u51c6\\u65f6\\u95f4)\",\"size\":\"5942\",\"Filedata\":{}}', '2018-11-13 22:08:45', '2018-11-13 22:08:45');
INSERT INTO `blog_admin_log` VALUES (204, 1, '::1', '', 'admin/tmp/create', 'POST', '{\"_token\":\"vRb78NgbDfAOZtrSOAOFtPGBCFXQaEiXmKPvOqAK\",\"title\":\"11111\",\"tmp_title\":\"2222222\",\"file\":null,\"photo\":{\"0.4299745906687924\":{\"path\":\"image\\/181113\\/UTnQwgvCBlHLP8nvFrc6ZheH2ruVP9ZwWYk1zgg9.jpeg\",\"info\":\"u=4073872651,3388029190&fm=27&gp=0.jpg\"},\"0.819476721256307\":{\"path\":\"image\\/181113\\/K1uWjFxEf4MlHgTG2UBw9rs5GSxZ9eyC7VWExO6T.jpeg\",\"info\":\"u=4153972067,267454648&fm=27&gp=0.jpg\"}},\"logo\":{\"0.1527665265543603\":{\"filename\":\"u=4073872651,3388029190&fm=27&gp=0.jpg\",\"filepath\":\"image\\/181113\\/UTnQwgvCBlHLP8nvFrc6ZheH2ruVP9ZwWYk1zgg9.jpeg\",\"filesize\":\"7.7001953125KB\",\"filetime\":\"2018-11-13\"},\"0.12254159960569466\":{\"filename\":\"u=4153972067,267454648&fm=27&gp=0.jpg\",\"filepath\":\"image\\/181113\\/K1uWjFxEf4MlHgTG2UBw9rs5GSxZ9eyC7VWExO6T.jpeg\",\"filesize\":\"5.802734375KB\",\"filetime\":\"2018-11-13\"}},\"article_template\":\"1\",\"define_template\":null,\"number\":\"3333333\",\"click\":\"0\",\"start_time\":\"2018-11-13 00:00:00\",\"end_time\":\"2018-11-13 22:08:39\",\"seo_title\":null,\"seo_keywords\":null,\"seo_description\":null}', '2018-11-13 22:08:47', '2018-11-13 22:08:47');
INSERT INTO `blog_admin_log` VALUES (205, 1, '::1', '', 'admin/tmp/create', 'POST', '{\"_token\":\"vRb78NgbDfAOZtrSOAOFtPGBCFXQaEiXmKPvOqAK\",\"title\":\"11111\",\"tmp_title\":\"2222222\",\"file\":null,\"photo\":{\"0.4299745906687924\":{\"path\":\"image\\/181113\\/UTnQwgvCBlHLP8nvFrc6ZheH2ruVP9ZwWYk1zgg9.jpeg\",\"info\":\"u=4073872651,3388029190&fm=27&gp=0.jpg\"},\"0.819476721256307\":{\"path\":\"image\\/181113\\/K1uWjFxEf4MlHgTG2UBw9rs5GSxZ9eyC7VWExO6T.jpeg\",\"info\":\"u=4153972067,267454648&fm=27&gp=0.jpg\"}},\"logo\":{\"0.1527665265543603\":{\"filename\":\"u=4073872651,3388029190&fm=27&gp=0.jpg\",\"filepath\":\"image\\/181113\\/UTnQwgvCBlHLP8nvFrc6ZheH2ruVP9ZwWYk1zgg9.jpeg\",\"filesize\":\"7.7001953125KB\",\"filetime\":\"2018-11-13\"},\"0.12254159960569466\":{\"filename\":\"u=4153972067,267454648&fm=27&gp=0.jpg\",\"filepath\":\"image\\/181113\\/K1uWjFxEf4MlHgTG2UBw9rs5GSxZ9eyC7VWExO6T.jpeg\",\"filesize\":\"5.802734375KB\",\"filetime\":\"2018-11-13\"}},\"article_template\":\"1\",\"define_template\":null,\"number\":\"3333333\",\"click\":\"0\",\"start_time\":\"2018-11-13 00:00:00\",\"end_time\":\"2018-11-13 22:08:39\",\"seo_title\":null,\"seo_keywords\":null,\"seo_description\":null}', '2018-11-13 22:21:51', '2018-11-13 22:21:51');
INSERT INTO `blog_admin_log` VALUES (206, 1, '::1', '', 'admin/tmp/create', 'POST', '{\"_token\":\"vRb78NgbDfAOZtrSOAOFtPGBCFXQaEiXmKPvOqAK\",\"title\":\"1\",\"tmp_title\":\"1\",\"file\":null,\"article_template\":\"4\",\"define_template\":null,\"number\":\"1\",\"click\":\"0\",\"start_time\":\"2018-11-13 00:00:00\",\"end_time\":\"2018-11-13 00:00:00\",\"seo_title\":null,\"seo_keywords\":null,\"seo_description\":null}', '2018-11-13 22:35:59', '2018-11-13 22:35:59');
INSERT INTO `blog_admin_log` VALUES (207, 1, '::1', '', 'admin/tmp/create', 'POST', '{\"_token\":\"vRb78NgbDfAOZtrSOAOFtPGBCFXQaEiXmKPvOqAK\",\"title\":\"1\",\"tmp_title\":\"1\",\"file\":null,\"article_template\":\"4\",\"define_template\":null,\"number\":\"1\",\"click\":\"0\",\"start_time\":\"2018-11-13 00:00:00\",\"end_time\":\"2018-11-13 22:38:31\",\"seo_title\":null,\"seo_keywords\":null,\"seo_description\":null}', '2018-11-13 22:38:34', '2018-11-13 22:38:34');
INSERT INTO `blog_admin_log` VALUES (208, 1, '::1', '', 'admin/tmp/create', 'POST', '{\"_token\":\"vRb78NgbDfAOZtrSOAOFtPGBCFXQaEiXmKPvOqAK\",\"title\":\"1\",\"tmp_title\":\"1\",\"file\":null,\"article_template\":\"4\",\"define_template\":null,\"number\":\"1\",\"click\":\"0\",\"start_time\":\"2018-11-13 00:00:00\",\"end_time\":\"2018-11-13 22:41:12\",\"seo_title\":null,\"seo_keywords\":null,\"seo_description\":null}', '2018-11-13 22:41:16', '2018-11-13 22:41:16');
INSERT INTO `blog_admin_log` VALUES (209, 1, '::1', '', 'admin/tmp/create', 'POST', '{\"_token\":\"vRb78NgbDfAOZtrSOAOFtPGBCFXQaEiXmKPvOqAK\",\"title\":\"1\",\"tmp_title\":\"1\",\"file\":null,\"article_template\":\"1\",\"define_template\":null,\"number\":\"1\",\"click\":\"0\",\"start_time\":\"2018-11-13 00:00:00\",\"end_time\":\"2018-11-13 22:43:12\",\"seo_title\":null,\"seo_keywords\":null,\"seo_description\":null}', '2018-11-13 22:43:13', '2018-11-13 22:43:13');
INSERT INTO `blog_admin_log` VALUES (210, 1, '::1', '', 'admin/tmp/create', 'POST', '{\"_token\":\"vRb78NgbDfAOZtrSOAOFtPGBCFXQaEiXmKPvOqAK\",\"title\":\"1\",\"tmp_title\":\"1\",\"file\":null,\"article_template\":\"4\",\"define_template\":null,\"number\":\"1\",\"click\":\"0\",\"start_time\":\"2018-11-13 00:00:00\",\"end_time\":\"2018-11-13 22:46:17\",\"seo_title\":null,\"seo_keywords\":null,\"seo_description\":null}', '2018-11-13 22:46:20', '2018-11-13 22:46:20');
INSERT INTO `blog_admin_log` VALUES (211, 1, '::1', '', 'admin/tmp/create', 'POST', '{\"_token\":\"vRb78NgbDfAOZtrSOAOFtPGBCFXQaEiXmKPvOqAK\",\"title\":\"1\",\"tmp_title\":\"1\",\"file\":null,\"article_template\":\"1\",\"define_template\":null,\"number\":\"1\",\"click\":\"0\",\"start_time\":\"2018-11-13 00:00:00\",\"end_time\":\"2018-11-13 22:47:02\",\"seo_title\":null,\"seo_keywords\":null,\"seo_description\":null}', '2018-11-13 22:47:03', '2018-11-13 22:47:03');
INSERT INTO `blog_admin_log` VALUES (212, 1, '::1', '', 'admin/tmp/create', 'POST', '{\"_token\":\"vRb78NgbDfAOZtrSOAOFtPGBCFXQaEiXmKPvOqAK\",\"title\":\"1\",\"tmp_title\":\"1\",\"file\":null,\"article_template\":\"1\",\"define_template\":null,\"number\":\"1\",\"click\":\"0\",\"start_time\":\"2018-11-13 00:00:00\",\"end_time\":\"2018-11-13 22:47:58\",\"seo_title\":null,\"seo_keywords\":null,\"seo_description\":null}', '2018-11-13 22:47:59', '2018-11-13 22:47:59');
INSERT INTO `blog_admin_log` VALUES (213, 1, '::1', '', 'admin/tmp/create', 'POST', '{\"_token\":\"sYXUAzulqAsoqM2fPGCYFA30BqTauPD4IuGAhQzJ\",\"title\":\"\\u667a\\u6167\\u516c\\u5b89\",\"tmp_title\":\"1\",\"file\":null,\"article_template\":\"4\",\"define_template\":null,\"number\":\"1\",\"click\":\"0\",\"start_time\":\"2018-11-14 00:00:00\",\"end_time\":\"2018-11-14 08:43:03\",\"seo_title\":null,\"seo_keywords\":null,\"seo_description\":null}', '2018-11-14 08:43:07', '2018-11-14 08:43:07');
INSERT INTO `blog_admin_log` VALUES (214, 1, '::1', '', 'admin/tmp/create', 'POST', '{\"_token\":\"sYXUAzulqAsoqM2fPGCYFA30BqTauPD4IuGAhQzJ\",\"title\":\"\\u4e2d\",\"tmp_title\":\"1\",\"file\":null,\"article_template\":\"4\",\"define_template\":\"11111111111111111\\u6492\\u5927\\u58f0\\u5730\",\"number\":\"1\",\"click\":\"0\",\"start_time\":\"2018-11-14 00:00:00\",\"end_time\":\"2018-11-14 08:44:50\",\"seo_title\":null,\"seo_keywords\":null,\"seo_description\":null}', '2018-11-14 08:44:54', '2018-11-14 08:44:54');
INSERT INTO `blog_admin_log` VALUES (215, 1, '::1', '', 'admin/tmp/create', 'POST', '{\"_token\":\"hi7pNV5m9syKegBQglGH980CNWowUzw2PFrssftU\",\"title\":\"1\",\"tmp_title\":\"2\",\"file\":null,\"article_template\":\"1\",\"define_template\":null,\"number\":\"3\",\"click\":\"0\",\"start_time\":\"2018-11-14 00:00:00\",\"end_time\":\"2018-11-14 20:31:37\",\"checkbox\":\"1\",\"column\":\"\\u6d3b\\u52a8\\u5b89\\u6392\",\"sort\":\"4\",\"files\":null,\"markText\":null,\"template\":{\"1\":{\"title\":\"\\u6d3b\\u52a8\\u7b80\\u4ecb\",\"is_show_text\":null,\"is_new_add\":\"0\",\"template_text\":\"111\",\"sort\":\"1\",\"is_show_menu\":\"1\"},\"2\":{\"title\":\"\\u6d3b\\u52a8\\u76ee\\u7684\",\"is_show_text\":null,\"is_new_add\":\"0\",\"template_text\":\"2222\",\"sort\":\"2\",\"is_show_menu\":\"1\"},\"3\":{\"title\":\"\\u6d3b\\u52a8\\u5185\\u5bb9\",\"is_show_text\":null,\"is_new_add\":\"0\",\"template_text\":\"33333\",\"sort\":\"3\",\"is_show_menu\":\"1\"},\"4\":{\"title\":\"\\u6d3b\\u52a8\\u5b89\\u6392\",\"is_show_text\":null,\"is_new_add\":\"0\",\"template_text\":null,\"sort\":\"4\",\"is_show_menu\":\"1\"},\"5\":{\"title\":\"\\u6d3b\\u52a8\\u89c4\\u5219\",\"is_show_text\":null,\"is_new_add\":\"0\",\"template_text\":null,\"sort\":\"5\",\"is_show_menu\":\"1\"},\"6\":{\"title\":\"\\u6d3b\\u52a8\\u8bbe\\u7f6e\",\"is_show_text\":null,\"is_new_add\":\"0\",\"template_text\":null,\"sort\":\"6\",\"is_show_menu\":\"1\"},\"7\":{\"title\":\"\\u6d3b\\u52a8\\u5956\\u52b1\",\"is_show_text\":null,\"is_new_add\":\"0\",\"template_text\":null,\"sort\":\"7\",\"is_show_menu\":\"1\"},\"8\":{\"title\":\"\\u6d3b\\u52a8\\u610f\\u4e49\",\"is_show_text\":null,\"is_new_add\":\"0\",\"template_text\":null,\"sort\":\"8\",\"is_show_menu\":\"1\"},\"9\":{\"title\":\"\\u6d3b\\u52a8\\u65b9\\u5f0f\",\"is_show_text\":null,\"is_new_add\":\"0\",\"template_text\":null,\"sort\":\"9\",\"is_show_menu\":\"1\"},\"10\":{\"title\":\"\\u6d3b\\u52a8\\u8865\\u5145\",\"is_show_text\":null,\"is_new_add\":\"0\",\"template_text\":null,\"sort\":\"10\",\"is_show_menu\":\"1\"}}}', '2018-11-14 20:32:07', '2018-11-14 20:32:07');
INSERT INTO `blog_admin_log` VALUES (216, 1, '::1', '', 'admin/tmp/create', 'POST', '{\"_token\":\"hi7pNV5m9syKegBQglGH980CNWowUzw2PFrssftU\",\"title\":\"1111\",\"tmp_title\":\"11\",\"file\":null,\"article_template\":\"1\",\"define_template\":null,\"number\":\"2\",\"click\":\"0\",\"start_time\":\"2018-11-14 00:00:00\",\"end_time\":\"2018-11-14 21:23:55\",\"checkbox\":\"1\",\"column\":\"\\u6d3b\\u52a8\\u7b80\\u4ecb\",\"sort\":\"1\",\"files\":null,\"markText\":null,\"template\":{\"1\":{\"title\":\"\\u6d3b\\u52a8\\u7b80\\u4ecb\",\"is_show_text\":null,\"is_new_add\":\"0\",\"template_text\":\"111\",\"sort\":\"1\",\"is_show_menu\":\"1\"},\"2\":{\"title\":\"\\u6d3b\\u52a8\\u76ee\\u7684\",\"is_show_text\":null,\"is_new_add\":\"0\",\"template_text\":\"222\",\"sort\":\"2\",\"is_show_menu\":\"1\"},\"3\":{\"title\":\"\\u6d3b\\u52a8\\u5185\\u5bb9\",\"is_show_text\":null,\"is_new_add\":\"0\",\"template_text\":\"333\",\"sort\":\"3\",\"is_show_menu\":\"1\"},\"4\":{\"title\":\"\\u6d3b\\u52a8\\u5b89\\u6392\",\"is_show_text\":null,\"is_new_add\":\"0\",\"template_text\":null,\"sort\":\"4\",\"is_show_menu\":\"1\"},\"5\":{\"title\":\"\\u6d3b\\u52a8\\u89c4\\u5219\",\"is_show_text\":null,\"is_new_add\":\"0\",\"template_text\":null,\"sort\":\"5\",\"is_show_menu\":\"1\"},\"6\":{\"title\":\"\\u6d3b\\u52a8\\u8bbe\\u7f6e\",\"is_show_text\":null,\"is_new_add\":\"0\",\"template_text\":null,\"sort\":\"6\",\"is_show_menu\":\"1\"},\"7\":{\"title\":\"\\u6d3b\\u52a8\\u5956\\u52b1\",\"is_show_text\":null,\"is_new_add\":\"0\",\"template_text\":null,\"sort\":\"7\",\"is_show_menu\":\"1\"},\"8\":{\"title\":\"\\u6d3b\\u52a8\\u610f\\u4e49\",\"is_show_text\":null,\"is_new_add\":\"0\",\"template_text\":null,\"sort\":\"8\",\"is_show_menu\":\"1\"},\"9\":{\"title\":\"\\u6d3b\\u52a8\\u65b9\\u5f0f\",\"is_show_text\":null,\"is_new_add\":\"0\",\"template_text\":null,\"sort\":\"9\",\"is_show_menu\":\"1\"},\"10\":{\"title\":\"\\u6d3b\\u52a8\\u8865\\u5145\",\"is_show_text\":null,\"is_new_add\":\"0\",\"template_text\":null,\"sort\":\"10\",\"is_show_menu\":\"1\"}},\"field\":{\"9387\":{\"id\":null,\"field_type\":\"text\",\"title\":\"\\u5fae\\u4fe1\"},\"2170\":{\"id\":null,\"field_type\":\"text\",\"title\":\"\\u516c\\u53f8\"}}}', '2018-11-14 21:24:33', '2018-11-14 21:24:33');
INSERT INTO `blog_admin_log` VALUES (217, 1, '::1', '', 'admin/tmp/create', 'POST', '{\"_token\":\"hi7pNV5m9syKegBQglGH980CNWowUzw2PFrssftU\",\"title\":\"1111\",\"tmp_title\":\"11\",\"file\":null,\"article_template\":\"1\",\"define_template\":null,\"number\":\"2\",\"click\":\"0\",\"start_time\":\"2018-11-14 00:00:00\",\"end_time\":\"2018-11-14 21:23:55\",\"checkbox\":\"1\",\"column\":\"\\u6d3b\\u52a8\\u7b80\\u4ecb\",\"sort\":\"1\",\"files\":null,\"markText\":null,\"template\":{\"1\":{\"title\":\"\\u6d3b\\u52a8\\u7b80\\u4ecb\",\"is_show_text\":null,\"is_new_add\":\"0\",\"template_text\":\"111\",\"sort\":\"1\",\"is_show_menu\":\"1\"},\"2\":{\"title\":\"\\u6d3b\\u52a8\\u76ee\\u7684\",\"is_show_text\":null,\"is_new_add\":\"0\",\"template_text\":\"222\",\"sort\":\"2\",\"is_show_menu\":\"1\"},\"3\":{\"title\":\"\\u6d3b\\u52a8\\u5185\\u5bb9\",\"is_show_text\":null,\"is_new_add\":\"0\",\"template_text\":\"333\",\"sort\":\"3\",\"is_show_menu\":\"1\"},\"4\":{\"title\":\"\\u6d3b\\u52a8\\u5b89\\u6392\",\"is_show_text\":null,\"is_new_add\":\"0\",\"template_text\":null,\"sort\":\"4\",\"is_show_menu\":\"1\"},\"5\":{\"title\":\"\\u6d3b\\u52a8\\u89c4\\u5219\",\"is_show_text\":null,\"is_new_add\":\"0\",\"template_text\":null,\"sort\":\"5\",\"is_show_menu\":\"1\"},\"6\":{\"title\":\"\\u6d3b\\u52a8\\u8bbe\\u7f6e\",\"is_show_text\":null,\"is_new_add\":\"0\",\"template_text\":null,\"sort\":\"6\",\"is_show_menu\":\"1\"},\"7\":{\"title\":\"\\u6d3b\\u52a8\\u5956\\u52b1\",\"is_show_text\":null,\"is_new_add\":\"0\",\"template_text\":null,\"sort\":\"7\",\"is_show_menu\":\"1\"},\"8\":{\"title\":\"\\u6d3b\\u52a8\\u610f\\u4e49\",\"is_show_text\":null,\"is_new_add\":\"0\",\"template_text\":null,\"sort\":\"8\",\"is_show_menu\":\"1\"},\"9\":{\"title\":\"\\u6d3b\\u52a8\\u65b9\\u5f0f\",\"is_show_text\":null,\"is_new_add\":\"0\",\"template_text\":null,\"sort\":\"9\",\"is_show_menu\":\"1\"},\"10\":{\"title\":\"\\u6d3b\\u52a8\\u8865\\u5145\",\"is_show_text\":null,\"is_new_add\":\"0\",\"template_text\":null,\"sort\":\"10\",\"is_show_menu\":\"1\"}},\"field\":{\"9387\":{\"id\":null,\"field_type\":\"text\",\"title\":\"\\u5fae\\u4fe1\"},\"2170\":{\"id\":null,\"field_type\":\"text\",\"title\":\"\\u516c\\u53f8\"}}}', '2018-11-14 21:25:33', '2018-11-14 21:25:33');
INSERT INTO `blog_admin_log` VALUES (218, 1, '::1', '', 'admin/tmp/create', 'POST', '{\"_token\":\"hi7pNV5m9syKegBQglGH980CNWowUzw2PFrssftU\",\"title\":\"1111\",\"tmp_title\":\"11\",\"file\":null,\"article_template\":\"1\",\"define_template\":null,\"number\":\"2\",\"click\":\"0\",\"start_time\":\"2018-11-14 00:00:00\",\"end_time\":\"2018-11-14 21:23:55\",\"checkbox\":\"1\",\"column\":\"\\u6d3b\\u52a8\\u7b80\\u4ecb\",\"sort\":\"1\",\"files\":null,\"markText\":null,\"template\":{\"1\":{\"title\":\"\\u6d3b\\u52a8\\u7b80\\u4ecb\",\"is_show_text\":null,\"is_new_add\":\"0\",\"template_text\":\"111\",\"sort\":\"1\",\"is_show_menu\":\"1\"},\"2\":{\"title\":\"\\u6d3b\\u52a8\\u76ee\\u7684\",\"is_show_text\":null,\"is_new_add\":\"0\",\"template_text\":\"222\",\"sort\":\"2\",\"is_show_menu\":\"1\"},\"3\":{\"title\":\"\\u6d3b\\u52a8\\u5185\\u5bb9\",\"is_show_text\":null,\"is_new_add\":\"0\",\"template_text\":\"333\",\"sort\":\"3\",\"is_show_menu\":\"1\"},\"4\":{\"title\":\"\\u6d3b\\u52a8\\u5b89\\u6392\",\"is_show_text\":null,\"is_new_add\":\"0\",\"template_text\":null,\"sort\":\"4\",\"is_show_menu\":\"1\"},\"5\":{\"title\":\"\\u6d3b\\u52a8\\u89c4\\u5219\",\"is_show_text\":null,\"is_new_add\":\"0\",\"template_text\":null,\"sort\":\"5\",\"is_show_menu\":\"1\"},\"6\":{\"title\":\"\\u6d3b\\u52a8\\u8bbe\\u7f6e\",\"is_show_text\":null,\"is_new_add\":\"0\",\"template_text\":null,\"sort\":\"6\",\"is_show_menu\":\"1\"},\"7\":{\"title\":\"\\u6d3b\\u52a8\\u5956\\u52b1\",\"is_show_text\":null,\"is_new_add\":\"0\",\"template_text\":null,\"sort\":\"7\",\"is_show_menu\":\"1\"},\"8\":{\"title\":\"\\u6d3b\\u52a8\\u610f\\u4e49\",\"is_show_text\":null,\"is_new_add\":\"0\",\"template_text\":null,\"sort\":\"8\",\"is_show_menu\":\"1\"},\"9\":{\"title\":\"\\u6d3b\\u52a8\\u65b9\\u5f0f\",\"is_show_text\":null,\"is_new_add\":\"0\",\"template_text\":null,\"sort\":\"9\",\"is_show_menu\":\"1\"},\"10\":{\"title\":\"\\u6d3b\\u52a8\\u8865\\u5145\",\"is_show_text\":null,\"is_new_add\":\"0\",\"template_text\":null,\"sort\":\"10\",\"is_show_menu\":\"1\"}},\"field\":{\"9387\":{\"id\":null,\"field_type\":\"text\",\"title\":\"\\u5fae\\u4fe1\"},\"2170\":{\"id\":null,\"field_type\":\"text\",\"title\":\"\\u516c\\u53f8\"}}}', '2018-11-14 21:26:18', '2018-11-14 21:26:18');
INSERT INTO `blog_admin_log` VALUES (219, 1, '::1', '', 'admin/tmp/create', 'POST', '{\"_token\":\"hi7pNV5m9syKegBQglGH980CNWowUzw2PFrssftU\",\"title\":\"1111\",\"tmp_title\":\"11\",\"file\":null,\"article_template\":\"1\",\"define_template\":null,\"number\":\"2\",\"click\":\"0\",\"start_time\":\"2018-11-14 00:00:00\",\"end_time\":\"2018-11-14 21:23:55\",\"checkbox\":\"1\",\"column\":\"\\u6d3b\\u52a8\\u7b80\\u4ecb\",\"sort\":\"1\",\"files\":null,\"markText\":null,\"template\":{\"1\":{\"title\":\"\\u6d3b\\u52a8\\u7b80\\u4ecb\",\"is_show_text\":null,\"is_new_add\":\"0\",\"template_text\":\"111\",\"sort\":\"1\",\"is_show_menu\":\"1\"},\"2\":{\"title\":\"\\u6d3b\\u52a8\\u76ee\\u7684\",\"is_show_text\":null,\"is_new_add\":\"0\",\"template_text\":\"222\",\"sort\":\"2\",\"is_show_menu\":\"1\"},\"3\":{\"title\":\"\\u6d3b\\u52a8\\u5185\\u5bb9\",\"is_show_text\":null,\"is_new_add\":\"0\",\"template_text\":\"333\",\"sort\":\"3\",\"is_show_menu\":\"1\"},\"4\":{\"title\":\"\\u6d3b\\u52a8\\u5b89\\u6392\",\"is_show_text\":null,\"is_new_add\":\"0\",\"template_text\":null,\"sort\":\"4\",\"is_show_menu\":\"1\"},\"5\":{\"title\":\"\\u6d3b\\u52a8\\u89c4\\u5219\",\"is_show_text\":null,\"is_new_add\":\"0\",\"template_text\":null,\"sort\":\"5\",\"is_show_menu\":\"1\"},\"6\":{\"title\":\"\\u6d3b\\u52a8\\u8bbe\\u7f6e\",\"is_show_text\":null,\"is_new_add\":\"0\",\"template_text\":null,\"sort\":\"6\",\"is_show_menu\":\"1\"},\"7\":{\"title\":\"\\u6d3b\\u52a8\\u5956\\u52b1\",\"is_show_text\":null,\"is_new_add\":\"0\",\"template_text\":null,\"sort\":\"7\",\"is_show_menu\":\"1\"},\"8\":{\"title\":\"\\u6d3b\\u52a8\\u610f\\u4e49\",\"is_show_text\":null,\"is_new_add\":\"0\",\"template_text\":null,\"sort\":\"8\",\"is_show_menu\":\"1\"},\"9\":{\"title\":\"\\u6d3b\\u52a8\\u65b9\\u5f0f\",\"is_show_text\":null,\"is_new_add\":\"0\",\"template_text\":null,\"sort\":\"9\",\"is_show_menu\":\"1\"},\"10\":{\"title\":\"\\u6d3b\\u52a8\\u8865\\u5145\",\"is_show_text\":null,\"is_new_add\":\"0\",\"template_text\":null,\"sort\":\"10\",\"is_show_menu\":\"1\"}},\"field\":{\"9387\":{\"id\":null,\"field_type\":\"text\",\"title\":\"\\u5fae\\u4fe1\"},\"2170\":{\"id\":null,\"field_type\":\"text\",\"title\":\"\\u516c\\u53f8\"}}}', '2018-11-14 21:27:53', '2018-11-14 21:27:53');
INSERT INTO `blog_admin_log` VALUES (220, 1, '::1', '', 'admin/tmp/create', 'POST', '{\"_token\":\"hi7pNV5m9syKegBQglGH980CNWowUzw2PFrssftU\",\"title\":\"1111\",\"tmp_title\":\"11\",\"file\":null,\"article_template\":\"1\",\"define_template\":null,\"number\":\"2\",\"click\":\"0\",\"start_time\":\"2018-11-14 00:00:00\",\"end_time\":\"2018-11-14 21:23:55\",\"checkbox\":\"1\",\"column\":\"\\u6d3b\\u52a8\\u7b80\\u4ecb\",\"sort\":\"1\",\"files\":null,\"markText\":null,\"template\":{\"1\":{\"title\":\"\\u6d3b\\u52a8\\u7b80\\u4ecb\",\"is_show_text\":null,\"is_new_add\":\"0\",\"template_text\":\"111\",\"sort\":\"1\",\"is_show_menu\":\"1\"},\"2\":{\"title\":\"\\u6d3b\\u52a8\\u76ee\\u7684\",\"is_show_text\":null,\"is_new_add\":\"0\",\"template_text\":\"222\",\"sort\":\"2\",\"is_show_menu\":\"1\"},\"3\":{\"title\":\"\\u6d3b\\u52a8\\u5185\\u5bb9\",\"is_show_text\":null,\"is_new_add\":\"0\",\"template_text\":\"333\",\"sort\":\"3\",\"is_show_menu\":\"1\"},\"4\":{\"title\":\"\\u6d3b\\u52a8\\u5b89\\u6392\",\"is_show_text\":null,\"is_new_add\":\"0\",\"template_text\":null,\"sort\":\"4\",\"is_show_menu\":\"1\"},\"5\":{\"title\":\"\\u6d3b\\u52a8\\u89c4\\u5219\",\"is_show_text\":null,\"is_new_add\":\"0\",\"template_text\":null,\"sort\":\"5\",\"is_show_menu\":\"1\"},\"6\":{\"title\":\"\\u6d3b\\u52a8\\u8bbe\\u7f6e\",\"is_show_text\":null,\"is_new_add\":\"0\",\"template_text\":null,\"sort\":\"6\",\"is_show_menu\":\"1\"},\"7\":{\"title\":\"\\u6d3b\\u52a8\\u5956\\u52b1\",\"is_show_text\":null,\"is_new_add\":\"0\",\"template_text\":null,\"sort\":\"7\",\"is_show_menu\":\"1\"},\"8\":{\"title\":\"\\u6d3b\\u52a8\\u610f\\u4e49\",\"is_show_text\":null,\"is_new_add\":\"0\",\"template_text\":null,\"sort\":\"8\",\"is_show_menu\":\"1\"},\"9\":{\"title\":\"\\u6d3b\\u52a8\\u65b9\\u5f0f\",\"is_show_text\":null,\"is_new_add\":\"0\",\"template_text\":null,\"sort\":\"9\",\"is_show_menu\":\"1\"},\"10\":{\"title\":\"\\u6d3b\\u52a8\\u8865\\u5145\",\"is_show_text\":null,\"is_new_add\":\"0\",\"template_text\":null,\"sort\":\"10\",\"is_show_menu\":\"1\"}},\"field\":{\"9387\":{\"id\":null,\"field_type\":\"text\",\"title\":\"\\u5fae\\u4fe1\"},\"2170\":{\"id\":null,\"field_type\":\"text\",\"title\":\"\\u516c\\u53f8\"}}}', '2018-11-14 21:28:11', '2018-11-14 21:28:11');
INSERT INTO `blog_admin_log` VALUES (221, 1, '::1', '', 'background/image', 'POST', '{\"DelFilePath\":null,\"id\":\"WU_FILE_0\",\"name\":\"timg (2).jpg\",\"type\":\"image\\/jpeg\",\"lastModifiedDate\":\"Tue Nov 13 2018 12:26:15 GMT+0800 (\\u4e2d\\u56fd\\u6807\\u51c6\\u65f6\\u95f4)\",\"size\":\"158038\",\"Filedata\":{}}', '2018-11-14 21:49:18', '2018-11-14 21:49:18');
INSERT INTO `blog_admin_log` VALUES (222, 1, '::1', '', 'background/image', 'POST', '{\"DelFilePath\":null,\"id\":\"WU_FILE_1\",\"name\":\"timg.jpg\",\"type\":\"image\\/jpeg\",\"lastModifiedDate\":\"Tue Nov 13 2018 12:25:36 GMT+0800 (\\u4e2d\\u56fd\\u6807\\u51c6\\u65f6\\u95f4)\",\"size\":\"237926\",\"Filedata\":{}}', '2018-11-14 21:49:18', '2018-11-14 21:49:18');
INSERT INTO `blog_admin_log` VALUES (223, 1, '::1', '', 'admin/tmp/create', 'POST', '{\"_token\":\"hi7pNV5m9syKegBQglGH980CNWowUzw2PFrssftU\",\"title\":\"\\u4e2d\",\"tmp_title\":\"11\",\"file\":null,\"photo\":{\"0.3484649420851864\":{\"path\":\"image\\/181114\\/wEP106QPMbT6GtWxspBOd3500RqSF4rRNW1T3fZ2.jpeg\",\"info\":\"timg (2).jpg\"},\"0.2119821264476669\":{\"path\":\"image\\/181114\\/whsL3A6eeduEth0mVKi012IOPFaKsWlIdgGPhicN.jpeg\",\"info\":\"timg.jpg\"}},\"logo\":{\"0.5909569307472688\":{\"filename\":\"timg (2).jpg\",\"filepath\":\"image\\/181114\\/wEP106QPMbT6GtWxspBOd3500RqSF4rRNW1T3fZ2.jpeg\",\"filesize\":\"154.333984375KB\",\"filetime\":\"2018-11-14\"},\"0.17626958563642225\":{\"filename\":\"timg.jpg\",\"filepath\":\"image\\/181114\\/whsL3A6eeduEth0mVKi012IOPFaKsWlIdgGPhicN.jpeg\",\"filesize\":\"232.349609375KB\",\"filetime\":\"2018-11-14\"}},\"article_template\":\"1\",\"define_template\":null,\"number\":\"2\",\"click\":\"0\",\"start_time\":\"2018-11-14 21:49:25\",\"end_time\":\"2018-11-14 21:49:35\",\"checkbox\":\"1\",\"column\":\"\\u6d3b\\u52a8\\u76ee\\u7684\",\"sort\":\"2\",\"files\":null,\"markText\":null,\"template\":{\"1\":{\"title\":\"\\u6d3b\\u52a8\\u7b80\\u4ecb\",\"is_show_text\":null,\"is_new_add\":\"0\",\"template_text\":\"11111111111\",\"sort\":\"1\",\"is_show_menu\":\"1\"},\"2\":{\"title\":\"\\u6d3b\\u52a8\\u76ee\\u7684\",\"is_show_text\":null,\"is_new_add\":\"0\",\"template_text\":\"222222222222\",\"sort\":\"2\",\"is_show_menu\":\"1\"},\"3\":{\"title\":\"\\u6d3b\\u52a8\\u5185\\u5bb9\",\"is_show_text\":null,\"is_new_add\":\"0\",\"template_text\":null,\"sort\":\"3\",\"is_show_menu\":\"1\"},\"4\":{\"title\":\"\\u6d3b\\u52a8\\u5b89\\u6392\",\"is_show_text\":null,\"is_new_add\":\"0\",\"template_text\":null,\"sort\":\"4\",\"is_show_menu\":\"1\"},\"5\":{\"title\":\"\\u6d3b\\u52a8\\u89c4\\u5219\",\"is_show_text\":null,\"is_new_add\":\"0\",\"template_text\":null,\"sort\":\"5\",\"is_show_menu\":\"1\"},\"6\":{\"title\":\"\\u6d3b\\u52a8\\u8bbe\\u7f6e\",\"is_show_text\":null,\"is_new_add\":\"0\",\"template_text\":null,\"sort\":\"6\",\"is_show_menu\":\"1\"},\"7\":{\"title\":\"\\u6d3b\\u52a8\\u5956\\u52b1\",\"is_show_text\":null,\"is_new_add\":\"0\",\"template_text\":null,\"sort\":\"7\",\"is_show_menu\":\"1\"},\"8\":{\"title\":\"\\u6d3b\\u52a8\\u610f\\u4e49\",\"is_show_text\":null,\"is_new_add\":\"0\",\"template_text\":null,\"sort\":\"8\",\"is_show_menu\":\"1\"},\"9\":{\"title\":\"\\u6d3b\\u52a8\\u65b9\\u5f0f\",\"is_show_text\":null,\"is_new_add\":\"0\",\"template_text\":null,\"sort\":\"9\",\"is_show_menu\":\"1\"},\"10\":{\"title\":\"\\u6d3b\\u52a8\\u8865\\u5145\",\"is_show_text\":null,\"is_new_add\":\"0\",\"template_text\":null,\"sort\":\"10\",\"is_show_menu\":\"1\"}}}', '2018-11-14 21:49:53', '2018-11-14 21:49:53');
INSERT INTO `blog_admin_log` VALUES (224, 1, '::1', '', 'admin/tmp/create', 'POST', '{\"_token\":\"hi7pNV5m9syKegBQglGH980CNWowUzw2PFrssftU\",\"title\":\"\\u4e2d\",\"tmp_title\":\"11\",\"file\":null,\"photo\":{\"0.3484649420851864\":{\"path\":\"image\\/181114\\/wEP106QPMbT6GtWxspBOd3500RqSF4rRNW1T3fZ2.jpeg\",\"info\":\"timg (2).jpg\"},\"0.2119821264476669\":{\"path\":\"image\\/181114\\/whsL3A6eeduEth0mVKi012IOPFaKsWlIdgGPhicN.jpeg\",\"info\":\"timg.jpg\"}},\"logo\":{\"0.5909569307472688\":{\"filename\":\"timg (2).jpg\",\"filepath\":\"image\\/181114\\/wEP106QPMbT6GtWxspBOd3500RqSF4rRNW1T3fZ2.jpeg\",\"filesize\":\"154.333984375KB\",\"filetime\":\"2018-11-14\"},\"0.17626958563642225\":{\"filename\":\"timg.jpg\",\"filepath\":\"image\\/181114\\/whsL3A6eeduEth0mVKi012IOPFaKsWlIdgGPhicN.jpeg\",\"filesize\":\"232.349609375KB\",\"filetime\":\"2018-11-14\"}},\"article_template\":\"1\",\"define_template\":null,\"number\":\"2\",\"click\":\"0\",\"start_time\":\"2018-11-14 21:49:25\",\"end_time\":\"2018-11-14 21:49:35\",\"checkbox\":\"1\",\"column\":\"\\u6d3b\\u52a8\\u76ee\\u7684\",\"sort\":\"2\",\"files\":null,\"markText\":null,\"template\":{\"1\":{\"title\":\"\\u6d3b\\u52a8\\u7b80\\u4ecb\",\"is_show_text\":null,\"is_new_add\":\"0\",\"template_text\":\"11111111111\",\"sort\":\"1\",\"is_show_menu\":\"1\"},\"2\":{\"title\":\"\\u6d3b\\u52a8\\u76ee\\u7684\",\"is_show_text\":null,\"is_new_add\":\"0\",\"template_text\":\"222222222222\",\"sort\":\"2\",\"is_show_menu\":\"1\"},\"3\":{\"title\":\"\\u6d3b\\u52a8\\u5185\\u5bb9\",\"is_show_text\":null,\"is_new_add\":\"0\",\"template_text\":null,\"sort\":\"3\",\"is_show_menu\":\"1\"},\"4\":{\"title\":\"\\u6d3b\\u52a8\\u5b89\\u6392\",\"is_show_text\":null,\"is_new_add\":\"0\",\"template_text\":null,\"sort\":\"4\",\"is_show_menu\":\"1\"},\"5\":{\"title\":\"\\u6d3b\\u52a8\\u89c4\\u5219\",\"is_show_text\":null,\"is_new_add\":\"0\",\"template_text\":null,\"sort\":\"5\",\"is_show_menu\":\"1\"},\"6\":{\"title\":\"\\u6d3b\\u52a8\\u8bbe\\u7f6e\",\"is_show_text\":null,\"is_new_add\":\"0\",\"template_text\":null,\"sort\":\"6\",\"is_show_menu\":\"1\"},\"7\":{\"title\":\"\\u6d3b\\u52a8\\u5956\\u52b1\",\"is_show_text\":null,\"is_new_add\":\"0\",\"template_text\":null,\"sort\":\"7\",\"is_show_menu\":\"1\"},\"8\":{\"title\":\"\\u6d3b\\u52a8\\u610f\\u4e49\",\"is_show_text\":null,\"is_new_add\":\"0\",\"template_text\":null,\"sort\":\"8\",\"is_show_menu\":\"1\"},\"9\":{\"title\":\"\\u6d3b\\u52a8\\u65b9\\u5f0f\",\"is_show_text\":null,\"is_new_add\":\"0\",\"template_text\":null,\"sort\":\"9\",\"is_show_menu\":\"1\"},\"10\":{\"title\":\"\\u6d3b\\u52a8\\u8865\\u5145\",\"is_show_text\":null,\"is_new_add\":\"0\",\"template_text\":null,\"sort\":\"10\",\"is_show_menu\":\"1\"}}}', '2018-11-14 21:53:59', '2018-11-14 21:53:59');
INSERT INTO `blog_admin_log` VALUES (225, 1, '::1', '', 'admin/tmp/create', 'POST', '{\"_token\":\"hi7pNV5m9syKegBQglGH980CNWowUzw2PFrssftU\",\"title\":\"\\u4e2d\",\"tmp_title\":\"11\",\"file\":null,\"photo\":{\"0.3484649420851864\":{\"path\":\"image\\/181114\\/wEP106QPMbT6GtWxspBOd3500RqSF4rRNW1T3fZ2.jpeg\",\"info\":\"timg (2).jpg\"},\"0.2119821264476669\":{\"path\":\"image\\/181114\\/whsL3A6eeduEth0mVKi012IOPFaKsWlIdgGPhicN.jpeg\",\"info\":\"timg.jpg\"}},\"logo\":{\"0.5909569307472688\":{\"filename\":\"timg (2).jpg\",\"filepath\":\"image\\/181114\\/wEP106QPMbT6GtWxspBOd3500RqSF4rRNW1T3fZ2.jpeg\",\"filesize\":\"154.333984375KB\",\"filetime\":\"2018-11-14\"},\"0.17626958563642225\":{\"filename\":\"timg.jpg\",\"filepath\":\"image\\/181114\\/whsL3A6eeduEth0mVKi012IOPFaKsWlIdgGPhicN.jpeg\",\"filesize\":\"232.349609375KB\",\"filetime\":\"2018-11-14\"}},\"article_template\":\"1\",\"define_template\":null,\"number\":\"2\",\"click\":\"0\",\"start_time\":\"2018-11-14 21:49:25\",\"end_time\":\"2018-11-14 21:49:35\",\"checkbox\":\"1\",\"column\":\"\\u6d3b\\u52a8\\u76ee\\u7684\",\"sort\":\"2\",\"files\":null,\"markText\":null,\"template\":{\"1\":{\"title\":\"\\u6d3b\\u52a8\\u7b80\\u4ecb\",\"is_show_text\":null,\"is_new_add\":\"0\",\"template_text\":\"11111111111\",\"sort\":\"1\",\"is_show_menu\":\"1\"},\"2\":{\"title\":\"\\u6d3b\\u52a8\\u76ee\\u7684\",\"is_show_text\":null,\"is_new_add\":\"0\",\"template_text\":\"222222222222\",\"sort\":\"2\",\"is_show_menu\":\"1\"},\"3\":{\"title\":\"\\u6d3b\\u52a8\\u5185\\u5bb9\",\"is_show_text\":null,\"is_new_add\":\"0\",\"template_text\":null,\"sort\":\"3\",\"is_show_menu\":\"1\"},\"4\":{\"title\":\"\\u6d3b\\u52a8\\u5b89\\u6392\",\"is_show_text\":null,\"is_new_add\":\"0\",\"template_text\":null,\"sort\":\"4\",\"is_show_menu\":\"1\"},\"5\":{\"title\":\"\\u6d3b\\u52a8\\u89c4\\u5219\",\"is_show_text\":null,\"is_new_add\":\"0\",\"template_text\":null,\"sort\":\"5\",\"is_show_menu\":\"1\"},\"6\":{\"title\":\"\\u6d3b\\u52a8\\u8bbe\\u7f6e\",\"is_show_text\":null,\"is_new_add\":\"0\",\"template_text\":null,\"sort\":\"6\",\"is_show_menu\":\"1\"},\"7\":{\"title\":\"\\u6d3b\\u52a8\\u5956\\u52b1\",\"is_show_text\":null,\"is_new_add\":\"0\",\"template_text\":null,\"sort\":\"7\",\"is_show_menu\":\"1\"},\"8\":{\"title\":\"\\u6d3b\\u52a8\\u610f\\u4e49\",\"is_show_text\":null,\"is_new_add\":\"0\",\"template_text\":null,\"sort\":\"8\",\"is_show_menu\":\"1\"},\"9\":{\"title\":\"\\u6d3b\\u52a8\\u65b9\\u5f0f\",\"is_show_text\":null,\"is_new_add\":\"0\",\"template_text\":null,\"sort\":\"9\",\"is_show_menu\":\"1\"},\"10\":{\"title\":\"\\u6d3b\\u52a8\\u8865\\u5145\",\"is_show_text\":null,\"is_new_add\":\"0\",\"template_text\":null,\"sort\":\"10\",\"is_show_menu\":\"1\"}}}', '2018-11-14 21:54:38', '2018-11-14 21:54:38');
INSERT INTO `blog_admin_log` VALUES (226, 1, '::1', '', 'admin/tmp/create', 'POST', '{\"_token\":\"hi7pNV5m9syKegBQglGH980CNWowUzw2PFrssftU\",\"title\":\"\\u4e2d\",\"tmp_title\":\"11\",\"file\":null,\"photo\":{\"0.3484649420851864\":{\"path\":\"image\\/181114\\/wEP106QPMbT6GtWxspBOd3500RqSF4rRNW1T3fZ2.jpeg\",\"info\":\"timg (2).jpg\"},\"0.2119821264476669\":{\"path\":\"image\\/181114\\/whsL3A6eeduEth0mVKi012IOPFaKsWlIdgGPhicN.jpeg\",\"info\":\"timg.jpg\"}},\"logo\":{\"0.5909569307472688\":{\"filename\":\"timg (2).jpg\",\"filepath\":\"image\\/181114\\/wEP106QPMbT6GtWxspBOd3500RqSF4rRNW1T3fZ2.jpeg\",\"filesize\":\"154.333984375KB\",\"filetime\":\"2018-11-14\"},\"0.17626958563642225\":{\"filename\":\"timg.jpg\",\"filepath\":\"image\\/181114\\/whsL3A6eeduEth0mVKi012IOPFaKsWlIdgGPhicN.jpeg\",\"filesize\":\"232.349609375KB\",\"filetime\":\"2018-11-14\"}},\"article_template\":\"1\",\"define_template\":null,\"number\":\"2\",\"click\":\"0\",\"start_time\":\"2018-11-14 21:49:25\",\"end_time\":\"2018-11-14 21:49:35\",\"checkbox\":\"1\",\"column\":\"\\u6d3b\\u52a8\\u76ee\\u7684\",\"sort\":\"2\",\"files\":null,\"markText\":null,\"template\":{\"1\":{\"title\":\"\\u6d3b\\u52a8\\u7b80\\u4ecb\",\"is_show_text\":null,\"is_new_add\":\"0\",\"template_text\":\"11111111111\",\"sort\":\"1\",\"is_show_menu\":\"1\"},\"2\":{\"title\":\"\\u6d3b\\u52a8\\u76ee\\u7684\",\"is_show_text\":null,\"is_new_add\":\"0\",\"template_text\":\"222222222222\",\"sort\":\"2\",\"is_show_menu\":\"1\"},\"3\":{\"title\":\"\\u6d3b\\u52a8\\u5185\\u5bb9\",\"is_show_text\":null,\"is_new_add\":\"0\",\"template_text\":null,\"sort\":\"3\",\"is_show_menu\":\"1\"},\"4\":{\"title\":\"\\u6d3b\\u52a8\\u5b89\\u6392\",\"is_show_text\":null,\"is_new_add\":\"0\",\"template_text\":null,\"sort\":\"4\",\"is_show_menu\":\"1\"},\"5\":{\"title\":\"\\u6d3b\\u52a8\\u89c4\\u5219\",\"is_show_text\":null,\"is_new_add\":\"0\",\"template_text\":null,\"sort\":\"5\",\"is_show_menu\":\"1\"},\"6\":{\"title\":\"\\u6d3b\\u52a8\\u8bbe\\u7f6e\",\"is_show_text\":null,\"is_new_add\":\"0\",\"template_text\":null,\"sort\":\"6\",\"is_show_menu\":\"1\"},\"7\":{\"title\":\"\\u6d3b\\u52a8\\u5956\\u52b1\",\"is_show_text\":null,\"is_new_add\":\"0\",\"template_text\":null,\"sort\":\"7\",\"is_show_menu\":\"1\"},\"8\":{\"title\":\"\\u6d3b\\u52a8\\u610f\\u4e49\",\"is_show_text\":null,\"is_new_add\":\"0\",\"template_text\":null,\"sort\":\"8\",\"is_show_menu\":\"1\"},\"9\":{\"title\":\"\\u6d3b\\u52a8\\u65b9\\u5f0f\",\"is_show_text\":null,\"is_new_add\":\"0\",\"template_text\":null,\"sort\":\"9\",\"is_show_menu\":\"1\"},\"10\":{\"title\":\"\\u6d3b\\u52a8\\u8865\\u5145\",\"is_show_text\":null,\"is_new_add\":\"0\",\"template_text\":null,\"sort\":\"10\",\"is_show_menu\":\"1\"}}}', '2018-11-14 21:54:56', '2018-11-14 21:54:56');
INSERT INTO `blog_admin_log` VALUES (227, 1, '::1', '', 'admin/tmp/create', 'POST', '{\"_token\":\"hi7pNV5m9syKegBQglGH980CNWowUzw2PFrssftU\",\"title\":\"1\",\"tmp_title\":\"1\",\"file\":null,\"article_template\":\"1\",\"define_template\":null,\"number\":\"1\",\"click\":\"0\",\"start_time\":\"2018-11-14 21:56:22\",\"end_time\":\"2018-11-14 21:56:27\",\"checkbox\":\"1\",\"column\":\"\\u6d3b\\u52a8\\u7b80\\u4ecb\",\"sort\":\"1\",\"files\":null,\"markText\":null,\"template\":{\"1\":{\"title\":\"\\u6d3b\\u52a8\\u7b80\\u4ecb\",\"is_show_text\":null,\"is_new_add\":\"0\",\"template_text\":null,\"sort\":\"1\",\"is_show_menu\":\"1\"},\"2\":{\"title\":\"\\u6d3b\\u52a8\\u76ee\\u7684\",\"is_show_text\":null,\"is_new_add\":\"0\",\"template_text\":null,\"sort\":\"2\",\"is_show_menu\":\"1\"},\"3\":{\"title\":\"\\u6d3b\\u52a8\\u5185\\u5bb9\",\"is_show_text\":null,\"is_new_add\":\"0\",\"template_text\":null,\"sort\":\"3\",\"is_show_menu\":\"1\"},\"4\":{\"title\":\"\\u6d3b\\u52a8\\u5b89\\u6392\",\"is_show_text\":null,\"is_new_add\":\"0\",\"template_text\":null,\"sort\":\"4\",\"is_show_menu\":\"1\"},\"5\":{\"title\":\"\\u6d3b\\u52a8\\u89c4\\u5219\",\"is_show_text\":null,\"is_new_add\":\"0\",\"template_text\":null,\"sort\":\"5\",\"is_show_menu\":\"1\"},\"6\":{\"title\":\"\\u6d3b\\u52a8\\u8bbe\\u7f6e\",\"is_show_text\":null,\"is_new_add\":\"0\",\"template_text\":null,\"sort\":\"6\",\"is_show_menu\":\"1\"},\"7\":{\"title\":\"\\u6d3b\\u52a8\\u5956\\u52b1\",\"is_show_text\":null,\"is_new_add\":\"0\",\"template_text\":null,\"sort\":\"7\",\"is_show_menu\":\"1\"},\"8\":{\"title\":\"\\u6d3b\\u52a8\\u610f\\u4e49\",\"is_show_text\":null,\"is_new_add\":\"0\",\"template_text\":null,\"sort\":\"8\",\"is_show_menu\":\"1\"},\"9\":{\"title\":\"\\u6d3b\\u52a8\\u65b9\\u5f0f\",\"is_show_text\":null,\"is_new_add\":\"0\",\"template_text\":null,\"sort\":\"9\",\"is_show_menu\":\"1\"},\"10\":{\"title\":\"\\u6d3b\\u52a8\\u8865\\u5145\",\"is_show_text\":null,\"is_new_add\":\"0\",\"template_text\":null,\"sort\":\"10\",\"is_show_menu\":\"1\"}}}', '2018-11-14 21:56:37', '2018-11-14 21:56:37');
INSERT INTO `blog_admin_log` VALUES (228, 1, '::1', '', 'admin/tmp/create', 'POST', '{\"_token\":\"hi7pNV5m9syKegBQglGH980CNWowUzw2PFrssftU\",\"title\":\"111\",\"tmp_title\":\"111\",\"article_template\":\"1\",\"define_template\":null,\"number\":\"1\",\"click\":\"0\",\"start_time\":\"2018-11-14 00:00:00\",\"end_time\":\"2018-11-14 21:58:19\",\"checkbox\":\"1\",\"column\":\"\\u6d3b\\u52a8\\u7b80\\u4ecb\",\"sort\":\"1\",\"markText\":null,\"template\":{\"1\":{\"title\":\"\\u6d3b\\u52a8\\u7b80\\u4ecb\",\"is_show_text\":null,\"is_new_add\":\"0\",\"template_text\":null,\"sort\":\"1\",\"is_show_menu\":\"1\"},\"2\":{\"title\":\"\\u6d3b\\u52a8\\u76ee\\u7684\",\"is_show_text\":null,\"is_new_add\":\"0\",\"template_text\":null,\"sort\":\"2\",\"is_show_menu\":\"1\"},\"3\":{\"title\":\"\\u6d3b\\u52a8\\u5185\\u5bb9\",\"is_show_text\":null,\"is_new_add\":\"0\",\"template_text\":null,\"sort\":\"3\",\"is_show_menu\":\"1\"},\"4\":{\"title\":\"\\u6d3b\\u52a8\\u5b89\\u6392\",\"is_show_text\":null,\"is_new_add\":\"0\",\"template_text\":null,\"sort\":\"4\",\"is_show_menu\":\"1\"},\"5\":{\"title\":\"\\u6d3b\\u52a8\\u89c4\\u5219\",\"is_show_text\":null,\"is_new_add\":\"0\",\"template_text\":null,\"sort\":\"5\",\"is_show_menu\":\"1\"},\"6\":{\"title\":\"\\u6d3b\\u52a8\\u8bbe\\u7f6e\",\"is_show_text\":null,\"is_new_add\":\"0\",\"template_text\":null,\"sort\":\"6\",\"is_show_menu\":\"1\"},\"7\":{\"title\":\"\\u6d3b\\u52a8\\u5956\\u52b1\",\"is_show_text\":null,\"is_new_add\":\"0\",\"template_text\":null,\"sort\":\"7\",\"is_show_menu\":\"1\"},\"8\":{\"title\":\"\\u6d3b\\u52a8\\u610f\\u4e49\",\"is_show_text\":null,\"is_new_add\":\"0\",\"template_text\":null,\"sort\":\"8\",\"is_show_menu\":\"1\"},\"9\":{\"title\":\"\\u6d3b\\u52a8\\u65b9\\u5f0f\",\"is_show_text\":null,\"is_new_add\":\"0\",\"template_text\":null,\"sort\":\"9\",\"is_show_menu\":\"1\"},\"10\":{\"title\":\"\\u6d3b\\u52a8\\u8865\\u5145\",\"is_show_text\":null,\"is_new_add\":\"0\",\"template_text\":null,\"sort\":\"10\",\"is_show_menu\":\"1\"}}}', '2018-11-14 21:58:23', '2018-11-14 21:58:23');
INSERT INTO `blog_admin_log` VALUES (229, 1, '::1', '', 'admin/tmp/create', 'POST', '{\"_token\":\"hi7pNV5m9syKegBQglGH980CNWowUzw2PFrssftU\",\"title\":\"111\",\"tmp_title\":\"111\",\"article_template\":\"1\",\"define_template\":null,\"number\":\"1\",\"click\":\"0\",\"start_time\":\"2018-11-14 00:00:00\",\"end_time\":\"2018-11-14 21:58:19\",\"checkbox\":\"1\",\"column\":\"\\u6d3b\\u52a8\\u7b80\\u4ecb\",\"sort\":\"1\",\"markText\":null,\"template\":{\"1\":{\"title\":\"\\u6d3b\\u52a8\\u7b80\\u4ecb\",\"is_show_text\":null,\"is_new_add\":\"0\",\"template_text\":null,\"sort\":\"1\",\"is_show_menu\":\"1\"},\"2\":{\"title\":\"\\u6d3b\\u52a8\\u76ee\\u7684\",\"is_show_text\":null,\"is_new_add\":\"0\",\"template_text\":null,\"sort\":\"2\",\"is_show_menu\":\"1\"},\"3\":{\"title\":\"\\u6d3b\\u52a8\\u5185\\u5bb9\",\"is_show_text\":null,\"is_new_add\":\"0\",\"template_text\":null,\"sort\":\"3\",\"is_show_menu\":\"1\"},\"4\":{\"title\":\"\\u6d3b\\u52a8\\u5b89\\u6392\",\"is_show_text\":null,\"is_new_add\":\"0\",\"template_text\":null,\"sort\":\"4\",\"is_show_menu\":\"1\"},\"5\":{\"title\":\"\\u6d3b\\u52a8\\u89c4\\u5219\",\"is_show_text\":null,\"is_new_add\":\"0\",\"template_text\":null,\"sort\":\"5\",\"is_show_menu\":\"1\"},\"6\":{\"title\":\"\\u6d3b\\u52a8\\u8bbe\\u7f6e\",\"is_show_text\":null,\"is_new_add\":\"0\",\"template_text\":null,\"sort\":\"6\",\"is_show_menu\":\"1\"},\"7\":{\"title\":\"\\u6d3b\\u52a8\\u5956\\u52b1\",\"is_show_text\":null,\"is_new_add\":\"0\",\"template_text\":null,\"sort\":\"7\",\"is_show_menu\":\"1\"},\"8\":{\"title\":\"\\u6d3b\\u52a8\\u610f\\u4e49\",\"is_show_text\":null,\"is_new_add\":\"0\",\"template_text\":null,\"sort\":\"8\",\"is_show_menu\":\"1\"},\"9\":{\"title\":\"\\u6d3b\\u52a8\\u65b9\\u5f0f\",\"is_show_text\":null,\"is_new_add\":\"0\",\"template_text\":null,\"sort\":\"9\",\"is_show_menu\":\"1\"},\"10\":{\"title\":\"\\u6d3b\\u52a8\\u8865\\u5145\",\"is_show_text\":null,\"is_new_add\":\"0\",\"template_text\":null,\"sort\":\"10\",\"is_show_menu\":\"1\"}}}', '2018-11-14 21:58:50', '2018-11-14 21:58:50');
INSERT INTO `blog_admin_log` VALUES (230, 1, '::1', '', 'admin/tmp/create', 'POST', '{\"_token\":\"hi7pNV5m9syKegBQglGH980CNWowUzw2PFrssftU\",\"title\":\"111\",\"tmp_title\":\"111\",\"article_template\":\"1\",\"define_template\":null,\"number\":\"1\",\"click\":\"0\",\"start_time\":\"2018-11-14 00:00:00\",\"end_time\":\"2018-11-14 21:58:19\",\"checkbox\":\"1\",\"column\":\"\\u6d3b\\u52a8\\u7b80\\u4ecb\",\"sort\":\"1\",\"markText\":null,\"template\":{\"1\":{\"title\":\"\\u6d3b\\u52a8\\u7b80\\u4ecb\",\"is_show_text\":null,\"is_new_add\":\"0\",\"template_text\":null,\"sort\":\"1\",\"is_show_menu\":\"1\"},\"2\":{\"title\":\"\\u6d3b\\u52a8\\u76ee\\u7684\",\"is_show_text\":null,\"is_new_add\":\"0\",\"template_text\":null,\"sort\":\"2\",\"is_show_menu\":\"1\"},\"3\":{\"title\":\"\\u6d3b\\u52a8\\u5185\\u5bb9\",\"is_show_text\":null,\"is_new_add\":\"0\",\"template_text\":null,\"sort\":\"3\",\"is_show_menu\":\"1\"},\"4\":{\"title\":\"\\u6d3b\\u52a8\\u5b89\\u6392\",\"is_show_text\":null,\"is_new_add\":\"0\",\"template_text\":null,\"sort\":\"4\",\"is_show_menu\":\"1\"},\"5\":{\"title\":\"\\u6d3b\\u52a8\\u89c4\\u5219\",\"is_show_text\":null,\"is_new_add\":\"0\",\"template_text\":null,\"sort\":\"5\",\"is_show_menu\":\"1\"},\"6\":{\"title\":\"\\u6d3b\\u52a8\\u8bbe\\u7f6e\",\"is_show_text\":null,\"is_new_add\":\"0\",\"template_text\":null,\"sort\":\"6\",\"is_show_menu\":\"1\"},\"7\":{\"title\":\"\\u6d3b\\u52a8\\u5956\\u52b1\",\"is_show_text\":null,\"is_new_add\":\"0\",\"template_text\":null,\"sort\":\"7\",\"is_show_menu\":\"1\"},\"8\":{\"title\":\"\\u6d3b\\u52a8\\u610f\\u4e49\",\"is_show_text\":null,\"is_new_add\":\"0\",\"template_text\":null,\"sort\":\"8\",\"is_show_menu\":\"1\"},\"9\":{\"title\":\"\\u6d3b\\u52a8\\u65b9\\u5f0f\",\"is_show_text\":null,\"is_new_add\":\"0\",\"template_text\":null,\"sort\":\"9\",\"is_show_menu\":\"1\"},\"10\":{\"title\":\"\\u6d3b\\u52a8\\u8865\\u5145\",\"is_show_text\":null,\"is_new_add\":\"0\",\"template_text\":null,\"sort\":\"10\",\"is_show_menu\":\"1\"}}}', '2018-11-14 21:59:09', '2018-11-14 21:59:09');
INSERT INTO `blog_admin_log` VALUES (231, 1, '::1', '', 'admin/tmp/create', 'POST', '{\"_token\":\"hi7pNV5m9syKegBQglGH980CNWowUzw2PFrssftU\",\"title\":\"111\",\"tmp_title\":\"111\",\"article_template\":\"1\",\"define_template\":null,\"number\":\"1\",\"click\":\"0\",\"start_time\":\"2018-11-14 00:00:00\",\"end_time\":\"2018-11-14 21:58:19\",\"checkbox\":\"1\",\"column\":\"\\u6d3b\\u52a8\\u7b80\\u4ecb\",\"sort\":\"1\",\"markText\":null,\"template\":{\"1\":{\"title\":\"\\u6d3b\\u52a8\\u7b80\\u4ecb\",\"is_show_text\":null,\"is_new_add\":\"0\",\"template_text\":null,\"sort\":\"1\",\"is_show_menu\":\"1\"},\"2\":{\"title\":\"\\u6d3b\\u52a8\\u76ee\\u7684\",\"is_show_text\":null,\"is_new_add\":\"0\",\"template_text\":null,\"sort\":\"2\",\"is_show_menu\":\"1\"},\"3\":{\"title\":\"\\u6d3b\\u52a8\\u5185\\u5bb9\",\"is_show_text\":null,\"is_new_add\":\"0\",\"template_text\":null,\"sort\":\"3\",\"is_show_menu\":\"1\"},\"4\":{\"title\":\"\\u6d3b\\u52a8\\u5b89\\u6392\",\"is_show_text\":null,\"is_new_add\":\"0\",\"template_text\":null,\"sort\":\"4\",\"is_show_menu\":\"1\"},\"5\":{\"title\":\"\\u6d3b\\u52a8\\u89c4\\u5219\",\"is_show_text\":null,\"is_new_add\":\"0\",\"template_text\":null,\"sort\":\"5\",\"is_show_menu\":\"1\"},\"6\":{\"title\":\"\\u6d3b\\u52a8\\u8bbe\\u7f6e\",\"is_show_text\":null,\"is_new_add\":\"0\",\"template_text\":null,\"sort\":\"6\",\"is_show_menu\":\"1\"},\"7\":{\"title\":\"\\u6d3b\\u52a8\\u5956\\u52b1\",\"is_show_text\":null,\"is_new_add\":\"0\",\"template_text\":null,\"sort\":\"7\",\"is_show_menu\":\"1\"},\"8\":{\"title\":\"\\u6d3b\\u52a8\\u610f\\u4e49\",\"is_show_text\":null,\"is_new_add\":\"0\",\"template_text\":null,\"sort\":\"8\",\"is_show_menu\":\"1\"},\"9\":{\"title\":\"\\u6d3b\\u52a8\\u65b9\\u5f0f\",\"is_show_text\":null,\"is_new_add\":\"0\",\"template_text\":null,\"sort\":\"9\",\"is_show_menu\":\"1\"},\"10\":{\"title\":\"\\u6d3b\\u52a8\\u8865\\u5145\",\"is_show_text\":null,\"is_new_add\":\"0\",\"template_text\":null,\"sort\":\"10\",\"is_show_menu\":\"1\"}}}', '2018-11-14 22:00:16', '2018-11-14 22:00:16');
INSERT INTO `blog_admin_log` VALUES (232, 1, '::1', '', 'admin/edit', 'POST', '{\"_token\":\"VNLWs9WjxAYB8r6nbcN6hI9wTyo0GGEulbi7EPbu\",\"id\":\"4\",\"title\":\"2222222\",\"tmp_title\":\"11\",\"article_template\":\"1\",\"define_template\":null,\"number\":\"2\",\"click\":\"0\",\"start_time\":\"2018-11-14\",\"end_time\":\"2018-11-14\",\"checkbox\":\"1\",\"column\":null,\"sort\":null,\"markText\":null,\"template\":{\"1\":{\"title\":\"\\u6d3b\\u52a8\\u7b80\\u4ecb\",\"is_show_text\":null,\"is_new_add\":\"0\",\"template_text\":null,\"sort\":\"1\",\"is_show_menu\":\"1\"},\"2\":{\"title\":\"\\u6d3b\\u52a8\\u76ee\\u7684\",\"is_show_text\":null,\"is_new_add\":\"0\",\"template_text\":null,\"sort\":\"2\",\"is_show_menu\":\"1\"},\"3\":{\"title\":\"\\u6d3b\\u52a8\\u5185\\u5bb9\",\"is_show_text\":null,\"is_new_add\":\"0\",\"template_text\":null,\"sort\":\"3\",\"is_show_menu\":\"1\"},\"4\":{\"title\":\"\\u6d3b\\u52a8\\u5b89\\u6392\",\"is_show_text\":null,\"is_new_add\":\"0\",\"template_text\":null,\"sort\":\"4\",\"is_show_menu\":\"1\"},\"5\":{\"title\":\"\\u6d3b\\u52a8\\u89c4\\u5219\",\"is_show_text\":null,\"is_new_add\":\"0\",\"template_text\":null,\"sort\":\"5\",\"is_show_menu\":\"1\"},\"6\":{\"title\":\"\\u6d3b\\u52a8\\u8bbe\\u7f6e\",\"is_show_text\":null,\"is_new_add\":\"0\",\"template_text\":null,\"sort\":\"6\",\"is_show_menu\":\"1\"},\"7\":{\"title\":\"\\u6d3b\\u52a8\\u5956\\u52b1\",\"is_show_text\":null,\"is_new_add\":\"0\",\"template_text\":null,\"sort\":\"7\",\"is_show_menu\":\"1\"},\"8\":{\"title\":\"\\u6d3b\\u52a8\\u610f\\u4e49\",\"is_show_text\":null,\"is_new_add\":\"0\",\"template_text\":null,\"sort\":\"8\",\"is_show_menu\":\"1\"},\"9\":{\"title\":\"\\u6d3b\\u52a8\\u65b9\\u5f0f\",\"is_show_text\":null,\"is_new_add\":\"0\",\"template_text\":null,\"sort\":\"9\",\"is_show_menu\":\"1\"},\"10\":{\"title\":\"\\u6d3b\\u52a8\\u8865\\u5145\",\"is_show_text\":null,\"is_new_add\":\"0\",\"template_text\":null,\"sort\":\"10\",\"is_show_menu\":\"1\"}},\"field\":[{\"id\":\"3\",\"field_type\":\"text\",\"title\":\"\\u5fae\\u4fe1\"},{\"id\":\"4\",\"field_type\":\"text\",\"title\":\"\\u516c\\u53f8\"}]}', '2018-11-15 10:23:19', '2018-11-15 10:23:19');
INSERT INTO `blog_admin_log` VALUES (233, 1, '::1', '', 'background/image', 'POST', '{\"DelFilePath\":null,\"id\":\"WU_FILE_0\",\"name\":\"timg (1).jpg\",\"type\":\"image\\/jpeg\",\"lastModifiedDate\":\"Tue Nov 13 2018 12:25:49 GMT+0800 (\\u4e2d\\u56fd\\u6807\\u51c6\\u65f6\\u95f4)\",\"size\":\"97142\",\"Filedata\":{}}', '2018-11-15 10:24:02', '2018-11-15 10:24:02');
INSERT INTO `blog_admin_log` VALUES (234, 1, '::1', '', 'admin/edit', 'POST', '{\"_token\":\"VNLWs9WjxAYB8r6nbcN6hI9wTyo0GGEulbi7EPbu\",\"id\":\"4\",\"title\":\"2222222\",\"tmp_title\":\"11\",\"logo\":{\"0.7838286534182011\":{\"filename\":\"timg (1).jpg\",\"filepath\":\"image\\/181115\\/sQzAvVXCaPjydgkFdqMzLlUoyldCWPdpH4mv9E7S.jpeg\",\"filesize\":\"94.865234375KB\",\"filetime\":\"2018-11-15\"}},\"article_template\":\"1\",\"define_template\":null,\"number\":\"2\",\"click\":\"0\",\"start_time\":\"2018-11-14\",\"end_time\":\"2018-11-14\",\"checkbox\":\"1\",\"column\":null,\"sort\":null,\"markText\":null,\"template\":{\"1\":{\"title\":\"\\u6d3b\\u52a8\\u7b80\\u4ecb\",\"is_show_text\":null,\"is_new_add\":\"0\",\"template_text\":null,\"sort\":\"1\",\"is_show_menu\":\"1\"},\"2\":{\"title\":\"\\u6d3b\\u52a8\\u76ee\\u7684\",\"is_show_text\":null,\"is_new_add\":\"0\",\"template_text\":null,\"sort\":\"2\",\"is_show_menu\":\"1\"},\"3\":{\"title\":\"\\u6d3b\\u52a8\\u5185\\u5bb9\",\"is_show_text\":null,\"is_new_add\":\"0\",\"template_text\":null,\"sort\":\"3\",\"is_show_menu\":\"1\"},\"4\":{\"title\":\"\\u6d3b\\u52a8\\u5b89\\u6392\",\"is_show_text\":null,\"is_new_add\":\"0\",\"template_text\":null,\"sort\":\"4\",\"is_show_menu\":\"1\"},\"5\":{\"title\":\"\\u6d3b\\u52a8\\u89c4\\u5219\",\"is_show_text\":null,\"is_new_add\":\"0\",\"template_text\":null,\"sort\":\"5\",\"is_show_menu\":\"1\"},\"6\":{\"title\":\"\\u6d3b\\u52a8\\u8bbe\\u7f6e\",\"is_show_text\":null,\"is_new_add\":\"0\",\"template_text\":null,\"sort\":\"6\",\"is_show_menu\":\"1\"},\"7\":{\"title\":\"\\u6d3b\\u52a8\\u5956\\u52b1\",\"is_show_text\":null,\"is_new_add\":\"0\",\"template_text\":null,\"sort\":\"7\",\"is_show_menu\":\"1\"},\"8\":{\"title\":\"\\u6d3b\\u52a8\\u610f\\u4e49\",\"is_show_text\":null,\"is_new_add\":\"0\",\"template_text\":null,\"sort\":\"8\",\"is_show_menu\":\"1\"},\"9\":{\"title\":\"\\u6d3b\\u52a8\\u65b9\\u5f0f\",\"is_show_text\":null,\"is_new_add\":\"0\",\"template_text\":null,\"sort\":\"9\",\"is_show_menu\":\"1\"},\"10\":{\"title\":\"\\u6d3b\\u52a8\\u8865\\u5145\",\"is_show_text\":null,\"is_new_add\":\"0\",\"template_text\":null,\"sort\":\"10\",\"is_show_menu\":\"1\"}},\"field\":[{\"id\":\"3\",\"field_type\":\"text\",\"title\":\"\\u5fae\\u4fe1\"},{\"id\":\"4\",\"field_type\":\"text\",\"title\":\"\\u516c\\u53f8\"}]}', '2018-11-15 10:24:08', '2018-11-15 10:24:08');
INSERT INTO `blog_admin_log` VALUES (235, 1, '::1', '', 'admin/edit', 'POST', '{\"_token\":\"VNLWs9WjxAYB8r6nbcN6hI9wTyo0GGEulbi7EPbu\",\"id\":\"4\",\"title\":\"2222222\",\"tmp_title\":\"11\",\"logo\":{\"0.7838286534182011\":{\"filename\":\"timg (1).jpg\",\"filepath\":\"image\\/181115\\/sQzAvVXCaPjydgkFdqMzLlUoyldCWPdpH4mv9E7S.jpeg\",\"filesize\":\"94.865234375KB\",\"filetime\":\"2018-11-15\"}},\"article_template\":\"1\",\"define_template\":null,\"number\":\"2\",\"click\":\"0\",\"start_time\":\"2018-11-14\",\"end_time\":\"2018-11-14\",\"checkbox\":\"1\",\"column\":null,\"sort\":null,\"markText\":null,\"template\":{\"1\":{\"title\":\"\\u6d3b\\u52a8\\u7b80\\u4ecb\",\"is_show_text\":null,\"is_new_add\":\"0\",\"template_text\":null,\"sort\":\"1\",\"is_show_menu\":\"1\"},\"2\":{\"title\":\"\\u6d3b\\u52a8\\u76ee\\u7684\",\"is_show_text\":null,\"is_new_add\":\"0\",\"template_text\":null,\"sort\":\"2\",\"is_show_menu\":\"1\"},\"3\":{\"title\":\"\\u6d3b\\u52a8\\u5185\\u5bb9\",\"is_show_text\":null,\"is_new_add\":\"0\",\"template_text\":null,\"sort\":\"3\",\"is_show_menu\":\"1\"},\"4\":{\"title\":\"\\u6d3b\\u52a8\\u5b89\\u6392\",\"is_show_text\":null,\"is_new_add\":\"0\",\"template_text\":null,\"sort\":\"4\",\"is_show_menu\":\"1\"},\"5\":{\"title\":\"\\u6d3b\\u52a8\\u89c4\\u5219\",\"is_show_text\":null,\"is_new_add\":\"0\",\"template_text\":null,\"sort\":\"5\",\"is_show_menu\":\"1\"},\"6\":{\"title\":\"\\u6d3b\\u52a8\\u8bbe\\u7f6e\",\"is_show_text\":null,\"is_new_add\":\"0\",\"template_text\":null,\"sort\":\"6\",\"is_show_menu\":\"1\"},\"7\":{\"title\":\"\\u6d3b\\u52a8\\u5956\\u52b1\",\"is_show_text\":null,\"is_new_add\":\"0\",\"template_text\":null,\"sort\":\"7\",\"is_show_menu\":\"1\"},\"8\":{\"title\":\"\\u6d3b\\u52a8\\u610f\\u4e49\",\"is_show_text\":null,\"is_new_add\":\"0\",\"template_text\":null,\"sort\":\"8\",\"is_show_menu\":\"1\"},\"9\":{\"title\":\"\\u6d3b\\u52a8\\u65b9\\u5f0f\",\"is_show_text\":null,\"is_new_add\":\"0\",\"template_text\":null,\"sort\":\"9\",\"is_show_menu\":\"1\"},\"10\":{\"title\":\"\\u6d3b\\u52a8\\u8865\\u5145\",\"is_show_text\":null,\"is_new_add\":\"0\",\"template_text\":null,\"sort\":\"10\",\"is_show_menu\":\"1\"}},\"field\":[{\"id\":\"3\",\"field_type\":\"text\",\"title\":\"\\u5fae\\u4fe1\"},{\"id\":\"4\",\"field_type\":\"text\",\"title\":\"\\u516c\\u53f8\"}]}', '2018-11-15 10:24:15', '2018-11-15 10:24:15');
INSERT INTO `blog_admin_log` VALUES (236, 1, '::1', '', 'admin/edit', 'POST', '{\"_token\":\"VNLWs9WjxAYB8r6nbcN6hI9wTyo0GGEulbi7EPbu\",\"id\":\"4\",\"title\":\"2222222\",\"tmp_title\":\"11\",\"logo\":{\"0.7838286534182011\":{\"filename\":\"timg (1).jpg\",\"filepath\":\"image\\/181115\\/sQzAvVXCaPjydgkFdqMzLlUoyldCWPdpH4mv9E7S.jpeg\",\"filesize\":\"94.865234375KB\",\"filetime\":\"2018-11-15\"}},\"article_template\":\"1\",\"define_template\":null,\"number\":\"2\",\"click\":\"0\",\"start_time\":\"2018-11-14\",\"end_time\":\"2018-11-14\",\"checkbox\":\"1\",\"column\":null,\"sort\":null,\"markText\":null,\"template\":{\"1\":{\"title\":\"\\u6d3b\\u52a8\\u7b80\\u4ecb\",\"is_show_text\":null,\"is_new_add\":\"0\",\"template_text\":null,\"sort\":\"1\",\"is_show_menu\":\"1\"},\"2\":{\"title\":\"\\u6d3b\\u52a8\\u76ee\\u7684\",\"is_show_text\":null,\"is_new_add\":\"0\",\"template_text\":null,\"sort\":\"2\",\"is_show_menu\":\"1\"},\"3\":{\"title\":\"\\u6d3b\\u52a8\\u5185\\u5bb9\",\"is_show_text\":null,\"is_new_add\":\"0\",\"template_text\":null,\"sort\":\"3\",\"is_show_menu\":\"1\"},\"4\":{\"title\":\"\\u6d3b\\u52a8\\u5b89\\u6392\",\"is_show_text\":null,\"is_new_add\":\"0\",\"template_text\":null,\"sort\":\"4\",\"is_show_menu\":\"1\"},\"5\":{\"title\":\"\\u6d3b\\u52a8\\u89c4\\u5219\",\"is_show_text\":null,\"is_new_add\":\"0\",\"template_text\":null,\"sort\":\"5\",\"is_show_menu\":\"1\"},\"6\":{\"title\":\"\\u6d3b\\u52a8\\u8bbe\\u7f6e\",\"is_show_text\":null,\"is_new_add\":\"0\",\"template_text\":null,\"sort\":\"6\",\"is_show_menu\":\"1\"},\"7\":{\"title\":\"\\u6d3b\\u52a8\\u5956\\u52b1\",\"is_show_text\":null,\"is_new_add\":\"0\",\"template_text\":null,\"sort\":\"7\",\"is_show_menu\":\"1\"},\"8\":{\"title\":\"\\u6d3b\\u52a8\\u610f\\u4e49\",\"is_show_text\":null,\"is_new_add\":\"0\",\"template_text\":null,\"sort\":\"8\",\"is_show_menu\":\"1\"},\"9\":{\"title\":\"\\u6d3b\\u52a8\\u65b9\\u5f0f\",\"is_show_text\":null,\"is_new_add\":\"0\",\"template_text\":null,\"sort\":\"9\",\"is_show_menu\":\"1\"},\"10\":{\"title\":\"\\u6d3b\\u52a8\\u8865\\u5145\",\"is_show_text\":null,\"is_new_add\":\"0\",\"template_text\":null,\"sort\":\"10\",\"is_show_menu\":\"1\"}},\"field\":[{\"id\":\"3\",\"field_type\":\"text\",\"title\":\"\\u5fae\\u4fe1\"},{\"id\":\"4\",\"field_type\":\"text\",\"title\":\"\\u516c\\u53f8\"}]}', '2018-11-15 10:27:10', '2018-11-15 10:27:10');
INSERT INTO `blog_admin_log` VALUES (237, 1, '::1', '', 'admin/edit', 'POST', '{\"_token\":\"VNLWs9WjxAYB8r6nbcN6hI9wTyo0GGEulbi7EPbu\",\"id\":\"4\",\"title\":\"3333333\",\"tmp_title\":\"11\",\"logo\":{\"0.0\":{\"filename\":\"timg (1).jpg\",\"filepath\":\"image\\/181115\\/sQzAvVXCaPjydgkFdqMzLlUoyldCWPdpH4mv9E7S.jpeg\",\"filesize\":\"94.865234375KB\",\"filetime\":\"2018-11-15\"}},\"article_template\":\"1\",\"define_template\":null,\"number\":\"2\",\"click\":\"0\",\"start_time\":\"2018-11-14\",\"end_time\":\"2018-11-14\",\"checkbox\":\"1\",\"column\":null,\"sort\":null,\"markText\":null,\"template\":{\"1\":{\"title\":\"\\u6d3b\\u52a8\\u7b80\\u4ecb\",\"is_show_text\":null,\"is_new_add\":\"0\",\"template_text\":null,\"sort\":\"1\",\"is_show_menu\":\"1\"},\"2\":{\"title\":\"\\u6d3b\\u52a8\\u76ee\\u7684\",\"is_show_text\":null,\"is_new_add\":\"0\",\"template_text\":null,\"sort\":\"2\",\"is_show_menu\":\"1\"},\"3\":{\"title\":\"\\u6d3b\\u52a8\\u5185\\u5bb9\",\"is_show_text\":null,\"is_new_add\":\"0\",\"template_text\":null,\"sort\":\"3\",\"is_show_menu\":\"1\"},\"4\":{\"title\":\"\\u6d3b\\u52a8\\u5b89\\u6392\",\"is_show_text\":null,\"is_new_add\":\"0\",\"template_text\":null,\"sort\":\"4\",\"is_show_menu\":\"1\"},\"5\":{\"title\":\"\\u6d3b\\u52a8\\u89c4\\u5219\",\"is_show_text\":null,\"is_new_add\":\"0\",\"template_text\":null,\"sort\":\"5\",\"is_show_menu\":\"1\"},\"6\":{\"title\":\"\\u6d3b\\u52a8\\u8bbe\\u7f6e\",\"is_show_text\":null,\"is_new_add\":\"0\",\"template_text\":null,\"sort\":\"6\",\"is_show_menu\":\"1\"},\"7\":{\"title\":\"\\u6d3b\\u52a8\\u5956\\u52b1\",\"is_show_text\":null,\"is_new_add\":\"0\",\"template_text\":null,\"sort\":\"7\",\"is_show_menu\":\"1\"},\"8\":{\"title\":\"\\u6d3b\\u52a8\\u610f\\u4e49\",\"is_show_text\":null,\"is_new_add\":\"0\",\"template_text\":null,\"sort\":\"8\",\"is_show_menu\":\"1\"},\"9\":{\"title\":\"\\u6d3b\\u52a8\\u65b9\\u5f0f\",\"is_show_text\":null,\"is_new_add\":\"0\",\"template_text\":null,\"sort\":\"9\",\"is_show_menu\":\"1\"},\"10\":{\"title\":\"\\u6d3b\\u52a8\\u8865\\u5145\",\"is_show_text\":null,\"is_new_add\":\"0\",\"template_text\":null,\"sort\":\"10\",\"is_show_menu\":\"1\"}},\"field\":[{\"id\":\"3\",\"field_type\":\"text\",\"title\":\"\\u5fae\\u4fe1\"},{\"id\":\"4\",\"field_type\":\"text\",\"title\":\"\\u516c\\u53f8\"}]}', '2018-11-15 10:30:10', '2018-11-15 10:30:10');
INSERT INTO `blog_admin_log` VALUES (238, 1, '::1', '', 'background/image', 'POST', '{\"DelFilePath\":null,\"id\":\"WU_FILE_0\",\"name\":\"timg.jpg\",\"type\":\"image\\/jpeg\",\"lastModifiedDate\":\"Tue Nov 13 2018 12:25:36 GMT+0800 (\\u4e2d\\u56fd\\u6807\\u51c6\\u65f6\\u95f4)\",\"size\":\"237926\",\"Filedata\":{}}', '2018-11-15 10:31:28', '2018-11-15 10:31:28');
INSERT INTO `blog_admin_log` VALUES (239, 1, '::1', '', 'background/image', 'POST', '{\"DelFilePath\":null,\"id\":\"WU_FILE_1\",\"name\":\"timg.jpg\",\"type\":\"image\\/jpeg\",\"lastModifiedDate\":\"Tue Nov 13 2018 12:25:36 GMT+0800 (\\u4e2d\\u56fd\\u6807\\u51c6\\u65f6\\u95f4)\",\"size\":\"237926\",\"Filedata\":{}}', '2018-11-15 10:31:36', '2018-11-15 10:31:36');
INSERT INTO `blog_admin_log` VALUES (240, 1, '::1', '', 'background/image', 'POST', '{\"DelFilePath\":null,\"id\":\"WU_FILE_0\",\"name\":\"timg (2).jpg\",\"type\":\"image\\/jpeg\",\"lastModifiedDate\":\"Tue Nov 13 2018 12:26:15 GMT+0800 (\\u4e2d\\u56fd\\u6807\\u51c6\\u65f6\\u95f4)\",\"size\":\"158038\",\"Filedata\":{}}', '2018-11-15 10:34:39', '2018-11-15 10:34:39');
INSERT INTO `blog_admin_log` VALUES (241, 1, '::1', '', 'background/image', 'POST', '{\"DelFilePath\":null,\"id\":\"WU_FILE_0\",\"name\":\"timg (1).jpg\",\"type\":\"image\\/jpeg\",\"lastModifiedDate\":\"Tue Nov 13 2018 12:25:49 GMT+0800 (\\u4e2d\\u56fd\\u6807\\u51c6\\u65f6\\u95f4)\",\"size\":\"97142\",\"Filedata\":{}}', '2018-11-15 10:35:03', '2018-11-15 10:35:03');
INSERT INTO `blog_admin_log` VALUES (242, 1, '::1', '', 'background/image', 'POST', '{\"DelFilePath\":null,\"id\":\"WU_FILE_0\",\"name\":\"timg.jpg\",\"type\":\"image\\/jpeg\",\"lastModifiedDate\":\"Tue Nov 13 2018 12:25:36 GMT+0800 (\\u4e2d\\u56fd\\u6807\\u51c6\\u65f6\\u95f4)\",\"size\":\"237926\",\"Filedata\":{}}', '2018-11-15 10:36:26', '2018-11-15 10:36:26');
INSERT INTO `blog_admin_log` VALUES (243, 1, '::1', '', 'admin/edit', 'POST', '{\"_token\":\"VNLWs9WjxAYB8r6nbcN6hI9wTyo0GGEulbi7EPbu\",\"id\":\"6\",\"title\":\"22222222222\",\"tmp_title\":\"11\",\"logo\":{\"0.0\":{\"filename\":\"timg (2).jpg\",\"filepath\":\"image\\/181114\\/wEP106QPMbT6GtWxspBOd3500RqSF4rRNW1T3fZ2.jpeg\",\"filesize\":\"154.333984375KB\",\"filetime\":\"2018-11-14\"},\"0.1\":{\"filename\":\"timg.jpg\",\"filepath\":\"image\\/181114\\/whsL3A6eeduEth0mVKi012IOPFaKsWlIdgGPhicN.jpeg\",\"filesize\":\"232.349609375KB\",\"filetime\":\"2018-11-14\"}},\"article_template\":\"1\",\"define_template\":null,\"number\":\"2\",\"click\":\"0\",\"start_time\":\"2018-11-14\",\"end_time\":\"2018-11-14\",\"checkbox\":\"1\",\"column\":null,\"sort\":null,\"markText\":null,\"template\":{\"1\":{\"title\":\"\\u6d3b\\u52a8\\u7b80\\u4ecb\",\"is_show_text\":null,\"is_new_add\":\"0\",\"template_text\":null,\"sort\":\"1\",\"is_show_menu\":\"1\"},\"2\":{\"title\":\"\\u6d3b\\u52a8\\u76ee\\u7684\",\"is_show_text\":null,\"is_new_add\":\"0\",\"template_text\":null,\"sort\":\"2\",\"is_show_menu\":\"1\"},\"3\":{\"title\":\"\\u6d3b\\u52a8\\u5185\\u5bb9\",\"is_show_text\":null,\"is_new_add\":\"0\",\"template_text\":null,\"sort\":\"3\",\"is_show_menu\":\"1\"},\"4\":{\"title\":\"\\u6d3b\\u52a8\\u5b89\\u6392\",\"is_show_text\":null,\"is_new_add\":\"0\",\"template_text\":null,\"sort\":\"4\",\"is_show_menu\":\"1\"},\"5\":{\"title\":\"\\u6d3b\\u52a8\\u89c4\\u5219\",\"is_show_text\":null,\"is_new_add\":\"0\",\"template_text\":null,\"sort\":\"5\",\"is_show_menu\":\"1\"},\"6\":{\"title\":\"\\u6d3b\\u52a8\\u8bbe\\u7f6e\",\"is_show_text\":null,\"is_new_add\":\"0\",\"template_text\":null,\"sort\":\"6\",\"is_show_menu\":\"1\"},\"7\":{\"title\":\"\\u6d3b\\u52a8\\u5956\\u52b1\",\"is_show_text\":null,\"is_new_add\":\"0\",\"template_text\":null,\"sort\":\"7\",\"is_show_menu\":\"1\"},\"8\":{\"title\":\"\\u6d3b\\u52a8\\u610f\\u4e49\",\"is_show_text\":null,\"is_new_add\":\"0\",\"template_text\":null,\"sort\":\"8\",\"is_show_menu\":\"1\"},\"9\":{\"title\":\"\\u6d3b\\u52a8\\u65b9\\u5f0f\",\"is_show_text\":null,\"is_new_add\":\"0\",\"template_text\":null,\"sort\":\"9\",\"is_show_menu\":\"1\"},\"10\":{\"title\":\"\\u6d3b\\u52a8\\u8865\\u5145\",\"is_show_text\":null,\"is_new_add\":\"0\",\"template_text\":null,\"sort\":\"10\",\"is_show_menu\":\"1\"}}}', '2018-11-15 10:37:40', '2018-11-15 10:37:40');
INSERT INTO `blog_admin_log` VALUES (244, 1, '::1', '', 'admin/tmp/check', 'POST', '{\"_token\":\"VNLWs9WjxAYB8r6nbcN6hI9wTyo0GGEulbi7EPbu\",\"id\":\"6\",\"state\":\"0\",\"comment\":\"1\",\"again_form\":null,\"is_open\":\"1\"}', '2018-11-15 10:53:53', '2018-11-15 10:53:53');
INSERT INTO `blog_admin_log` VALUES (245, 1, '::1', '', 'admin/tmp/check', 'POST', '{\"_token\":\"VNLWs9WjxAYB8r6nbcN6hI9wTyo0GGEulbi7EPbu\",\"id\":\"6\",\"state\":\"0\",\"comment\":null,\"again_form\":null}', '2018-11-15 11:12:24', '2018-11-15 11:12:24');
INSERT INTO `blog_admin_log` VALUES (246, 1, '::1', '', 'admin/tmp/check', 'POST', '{\"_token\":\"VNLWs9WjxAYB8r6nbcN6hI9wTyo0GGEulbi7EPbu\",\"id\":\"6\",\"state\":\"0\",\"comment\":null,\"is_open\":\"1\",\"again_form\":null}', '2018-11-15 11:13:05', '2018-11-15 11:13:05');
INSERT INTO `blog_admin_log` VALUES (247, 1, '::1', '', 'admin/edit', 'POST', '{\"_token\":\"VNLWs9WjxAYB8r6nbcN6hI9wTyo0GGEulbi7EPbu\",\"id\":\"4\",\"title\":\"3333333\",\"tmp_title\":\"11\",\"logo\":{\"0.0\":{\"filename\":\"timg (1).jpg\",\"filepath\":\"image\\/181115\\/sQzAvVXCaPjydgkFdqMzLlUoyldCWPdpH4mv9E7S.jpeg\",\"filesize\":\"94.865234375KB\",\"filetime\":\"2018-11-15\"}},\"article_template\":\"1\",\"define_template\":null,\"number\":\"2\",\"click\":\"0\",\"start_time\":\"2018-11-14\",\"end_time\":\"2018-11-14\",\"checkbox\":\"1\",\"column\":null,\"sort\":null,\"markText\":null,\"template\":{\"1\":{\"title\":\"\\u6d3b\\u52a8\\u7b80\\u4ecb\",\"is_show_text\":null,\"is_new_add\":\"0\",\"template_text\":null,\"sort\":\"1\",\"is_show_menu\":\"1\"},\"2\":{\"title\":\"\\u6d3b\\u52a8\\u76ee\\u7684\",\"is_show_text\":null,\"is_new_add\":\"0\",\"template_text\":null,\"sort\":\"2\",\"is_show_menu\":\"1\"},\"3\":{\"title\":\"\\u6d3b\\u52a8\\u5185\\u5bb9\",\"is_show_text\":null,\"is_new_add\":\"0\",\"template_text\":null,\"sort\":\"3\",\"is_show_menu\":\"1\"},\"4\":{\"title\":\"\\u6d3b\\u52a8\\u5b89\\u6392\",\"is_show_text\":null,\"is_new_add\":\"0\",\"template_text\":null,\"sort\":\"4\",\"is_show_menu\":\"1\"},\"5\":{\"title\":\"\\u6d3b\\u52a8\\u89c4\\u5219\",\"is_show_text\":null,\"is_new_add\":\"0\",\"template_text\":null,\"sort\":\"5\",\"is_show_menu\":\"1\"},\"6\":{\"title\":\"\\u6d3b\\u52a8\\u8bbe\\u7f6e\",\"is_show_text\":null,\"is_new_add\":\"0\",\"template_text\":null,\"sort\":\"6\",\"is_show_menu\":\"1\"},\"7\":{\"title\":\"\\u6d3b\\u52a8\\u5956\\u52b1\",\"is_show_text\":null,\"is_new_add\":\"0\",\"template_text\":null,\"sort\":\"7\",\"is_show_menu\":\"1\"},\"8\":{\"title\":\"\\u6d3b\\u52a8\\u610f\\u4e49\",\"is_show_text\":null,\"is_new_add\":\"0\",\"template_text\":null,\"sort\":\"8\",\"is_show_menu\":\"1\"},\"9\":{\"title\":\"\\u6d3b\\u52a8\\u65b9\\u5f0f\",\"is_show_text\":null,\"is_new_add\":\"0\",\"template_text\":null,\"sort\":\"9\",\"is_show_menu\":\"1\"},\"10\":{\"title\":\"\\u6d3b\\u52a8\\u8865\\u5145\",\"is_show_text\":null,\"is_new_add\":\"0\",\"template_text\":null,\"sort\":\"10\",\"is_show_menu\":\"1\"}},\"field\":[{\"id\":\"3\",\"field_type\":\"text\",\"title\":\"\\u5fae\\u4fe1\"}]}', '2018-11-15 11:29:20', '2018-11-15 11:29:20');
INSERT INTO `blog_admin_log` VALUES (248, 1, '::1', '', 'admin/edit', 'POST', '{\"_token\":\"VNLWs9WjxAYB8r6nbcN6hI9wTyo0GGEulbi7EPbu\",\"id\":\"4\",\"title\":\"3333333\",\"tmp_title\":\"11\",\"logo\":{\"0.0\":{\"filename\":\"timg (1).jpg\",\"filepath\":\"image\\/181115\\/sQzAvVXCaPjydgkFdqMzLlUoyldCWPdpH4mv9E7S.jpeg\",\"filesize\":\"94.865234375KB\",\"filetime\":\"2018-11-15\"}},\"article_template\":\"1\",\"define_template\":null,\"number\":\"2\",\"click\":\"0\",\"start_time\":\"2018-11-14\",\"end_time\":\"2018-11-14\",\"checkbox\":\"1\",\"column\":null,\"sort\":null,\"markText\":null,\"template\":{\"1\":{\"title\":\"\\u6d3b\\u52a8\\u7b80\\u4ecb\",\"is_show_text\":null,\"is_new_add\":\"0\",\"template_text\":null,\"sort\":\"1\",\"is_show_menu\":\"1\"},\"2\":{\"title\":\"\\u6d3b\\u52a8\\u76ee\\u7684\",\"is_show_text\":null,\"is_new_add\":\"0\",\"template_text\":null,\"sort\":\"2\",\"is_show_menu\":\"1\"},\"3\":{\"title\":\"\\u6d3b\\u52a8\\u5185\\u5bb9\",\"is_show_text\":null,\"is_new_add\":\"0\",\"template_text\":null,\"sort\":\"3\",\"is_show_menu\":\"1\"},\"4\":{\"title\":\"\\u6d3b\\u52a8\\u5b89\\u6392\",\"is_show_text\":null,\"is_new_add\":\"0\",\"template_text\":null,\"sort\":\"4\",\"is_show_menu\":\"1\"},\"5\":{\"title\":\"\\u6d3b\\u52a8\\u89c4\\u5219\",\"is_show_text\":null,\"is_new_add\":\"0\",\"template_text\":null,\"sort\":\"5\",\"is_show_menu\":\"1\"},\"6\":{\"title\":\"\\u6d3b\\u52a8\\u8bbe\\u7f6e\",\"is_show_text\":null,\"is_new_add\":\"0\",\"template_text\":null,\"sort\":\"6\",\"is_show_menu\":\"1\"},\"7\":{\"title\":\"\\u6d3b\\u52a8\\u5956\\u52b1\",\"is_show_text\":null,\"is_new_add\":\"0\",\"template_text\":null,\"sort\":\"7\",\"is_show_menu\":\"1\"},\"8\":{\"title\":\"\\u6d3b\\u52a8\\u610f\\u4e49\",\"is_show_text\":null,\"is_new_add\":\"0\",\"template_text\":null,\"sort\":\"8\",\"is_show_menu\":\"1\"},\"9\":{\"title\":\"\\u6d3b\\u52a8\\u65b9\\u5f0f\",\"is_show_text\":null,\"is_new_add\":\"0\",\"template_text\":null,\"sort\":\"9\",\"is_show_menu\":\"1\"},\"10\":{\"title\":\"\\u6d3b\\u52a8\\u8865\\u5145\",\"is_show_text\":null,\"is_new_add\":\"0\",\"template_text\":null,\"sort\":\"10\",\"is_show_menu\":\"1\"}},\"field\":[{\"id\":\"3\",\"field_type\":\"text\",\"title\":\"\\u5fae\\u4fe1\"}]}', '2018-11-15 11:32:32', '2018-11-15 11:32:32');
INSERT INTO `blog_admin_log` VALUES (249, 1, '::1', '', 'admin/edit', 'POST', '{\"_token\":\"VNLWs9WjxAYB8r6nbcN6hI9wTyo0GGEulbi7EPbu\",\"id\":\"4\",\"title\":\"3333333\",\"tmp_title\":\"11\",\"logo\":{\"0.0\":{\"filename\":\"timg (1).jpg\",\"filepath\":\"image\\/181115\\/sQzAvVXCaPjydgkFdqMzLlUoyldCWPdpH4mv9E7S.jpeg\",\"filesize\":\"94.865234375KB\",\"filetime\":\"2018-11-15\"}},\"article_template\":\"1\",\"define_template\":null,\"number\":\"2\",\"click\":\"0\",\"start_time\":\"2018-11-14\",\"end_time\":\"2018-11-14\",\"checkbox\":\"1\",\"column\":null,\"sort\":null,\"markText\":null,\"template\":{\"1\":{\"title\":\"\\u6d3b\\u52a8\\u7b80\\u4ecb\",\"is_show_text\":null,\"is_new_add\":\"0\",\"template_text\":null,\"sort\":\"1\",\"is_show_menu\":\"1\"},\"2\":{\"title\":\"\\u6d3b\\u52a8\\u76ee\\u7684\",\"is_show_text\":null,\"is_new_add\":\"0\",\"template_text\":null,\"sort\":\"2\",\"is_show_menu\":\"1\"},\"3\":{\"title\":\"\\u6d3b\\u52a8\\u5185\\u5bb9\",\"is_show_text\":null,\"is_new_add\":\"0\",\"template_text\":null,\"sort\":\"3\",\"is_show_menu\":\"1\"},\"4\":{\"title\":\"\\u6d3b\\u52a8\\u5b89\\u6392\",\"is_show_text\":null,\"is_new_add\":\"0\",\"template_text\":null,\"sort\":\"4\",\"is_show_menu\":\"1\"},\"5\":{\"title\":\"\\u6d3b\\u52a8\\u89c4\\u5219\",\"is_show_text\":null,\"is_new_add\":\"0\",\"template_text\":null,\"sort\":\"5\",\"is_show_menu\":\"1\"},\"6\":{\"title\":\"\\u6d3b\\u52a8\\u8bbe\\u7f6e\",\"is_show_text\":null,\"is_new_add\":\"0\",\"template_text\":null,\"sort\":\"6\",\"is_show_menu\":\"1\"},\"7\":{\"title\":\"\\u6d3b\\u52a8\\u5956\\u52b1\",\"is_show_text\":null,\"is_new_add\":\"0\",\"template_text\":null,\"sort\":\"7\",\"is_show_menu\":\"1\"},\"8\":{\"title\":\"\\u6d3b\\u52a8\\u610f\\u4e49\",\"is_show_text\":null,\"is_new_add\":\"0\",\"template_text\":null,\"sort\":\"8\",\"is_show_menu\":\"1\"},\"9\":{\"title\":\"\\u6d3b\\u52a8\\u65b9\\u5f0f\",\"is_show_text\":null,\"is_new_add\":\"0\",\"template_text\":null,\"sort\":\"9\",\"is_show_menu\":\"1\"},\"10\":{\"title\":\"\\u6d3b\\u52a8\\u8865\\u5145\",\"is_show_text\":null,\"is_new_add\":\"0\",\"template_text\":null,\"sort\":\"10\",\"is_show_menu\":\"1\"}},\"field\":[{\"id\":\"3\",\"field_type\":\"text\",\"title\":\"\\u5fae\\u4fe1\"}]}', '2018-11-15 11:32:39', '2018-11-15 11:32:39');
INSERT INTO `blog_admin_log` VALUES (250, 1, '::1', '', 'admin/edit', 'POST', '{\"_token\":\"VNLWs9WjxAYB8r6nbcN6hI9wTyo0GGEulbi7EPbu\",\"id\":\"4\",\"title\":\"3333333\",\"tmp_title\":\"11\",\"logo\":{\"0.0\":{\"filename\":\"timg (1).jpg\",\"filepath\":\"image\\/181115\\/sQzAvVXCaPjydgkFdqMzLlUoyldCWPdpH4mv9E7S.jpeg\",\"filesize\":\"94.865234375KB\",\"filetime\":\"2018-11-15\"}},\"article_template\":\"2\",\"define_template\":null,\"number\":\"2\",\"click\":\"0\",\"start_time\":\"2018-11-14\",\"end_time\":\"2018-11-14\",\"checkbox\":\"1\",\"column\":null,\"sort\":null,\"markText\":null,\"template\":{\"1\":{\"title\":\"\\u6d3b\\u52a8\\u7b80\\u4ecb\",\"is_show_text\":null,\"is_new_add\":\"0\",\"template_text\":null,\"sort\":\"1\",\"is_show_menu\":\"1\"},\"2\":{\"title\":\"\\u6d3b\\u52a8\\u76ee\\u7684\",\"is_show_text\":null,\"is_new_add\":\"0\",\"template_text\":null,\"sort\":\"2\",\"is_show_menu\":\"1\"},\"3\":{\"title\":\"\\u6d3b\\u52a8\\u5185\\u5bb9\",\"is_show_text\":null,\"is_new_add\":\"0\",\"template_text\":null,\"sort\":\"3\",\"is_show_menu\":\"1\"},\"4\":{\"title\":\"\\u6d3b\\u52a8\\u5b89\\u6392\",\"is_show_text\":null,\"is_new_add\":\"0\",\"template_text\":null,\"sort\":\"4\",\"is_show_menu\":\"1\"},\"5\":{\"title\":\"\\u6d3b\\u52a8\\u89c4\\u5219\",\"is_show_text\":null,\"is_new_add\":\"0\",\"template_text\":null,\"sort\":\"5\",\"is_show_menu\":\"1\"},\"6\":{\"title\":\"\\u6d3b\\u52a8\\u8bbe\\u7f6e\",\"is_show_text\":null,\"is_new_add\":\"0\",\"template_text\":null,\"sort\":\"6\",\"is_show_menu\":\"1\"},\"7\":{\"title\":\"\\u6d3b\\u52a8\\u5956\\u52b1\",\"is_show_text\":null,\"is_new_add\":\"0\",\"template_text\":null,\"sort\":\"7\",\"is_show_menu\":\"1\"},\"8\":{\"title\":\"\\u6d3b\\u52a8\\u610f\\u4e49\",\"is_show_text\":null,\"is_new_add\":\"0\",\"template_text\":null,\"sort\":\"8\",\"is_show_menu\":\"1\"},\"9\":{\"title\":\"\\u6d3b\\u52a8\\u65b9\\u5f0f\",\"is_show_text\":null,\"is_new_add\":\"0\",\"template_text\":null,\"sort\":\"9\",\"is_show_menu\":\"1\"},\"10\":{\"title\":\"\\u6d3b\\u52a8\\u8865\\u5145\",\"is_show_text\":null,\"is_new_add\":\"0\",\"template_text\":null,\"sort\":\"10\",\"is_show_menu\":\"1\"}},\"field\":[{\"id\":\"3\",\"field_type\":\"text\",\"title\":\"\\u5fae\\u4fe1\"}]}', '2018-11-15 11:32:54', '2018-11-15 11:32:54');
INSERT INTO `blog_admin_log` VALUES (251, 1, '::1', '', 'admin/edit', 'POST', '{\"_token\":\"VNLWs9WjxAYB8r6nbcN6hI9wTyo0GGEulbi7EPbu\",\"id\":\"4\",\"title\":\"3333333\",\"tmp_title\":\"11\",\"logo\":{\"0.0\":{\"filename\":\"timg (1).jpg\",\"filepath\":\"image\\/181115\\/sQzAvVXCaPjydgkFdqMzLlUoyldCWPdpH4mv9E7S.jpeg\",\"filesize\":\"94.865234375KB\",\"filetime\":\"2018-11-15\"}},\"article_template\":\"2\",\"define_template\":null,\"number\":\"2\",\"click\":\"0\",\"start_time\":\"2018-11-14\",\"end_time\":\"2018-11-14\",\"checkbox\":\"1\",\"column\":null,\"sort\":null,\"markText\":null,\"template\":{\"1\":{\"title\":\"\\u6d3b\\u52a8\\u7b80\\u4ecb\",\"is_show_text\":null,\"is_new_add\":\"0\",\"template_text\":null,\"sort\":\"1\",\"is_show_menu\":\"1\"},\"2\":{\"title\":\"\\u6d3b\\u52a8\\u76ee\\u7684\",\"is_show_text\":null,\"is_new_add\":\"0\",\"template_text\":null,\"sort\":\"2\",\"is_show_menu\":\"1\"},\"3\":{\"title\":\"\\u6d3b\\u52a8\\u5185\\u5bb9\",\"is_show_text\":null,\"is_new_add\":\"0\",\"template_text\":null,\"sort\":\"3\",\"is_show_menu\":\"1\"},\"4\":{\"title\":\"\\u6d3b\\u52a8\\u5b89\\u6392\",\"is_show_text\":null,\"is_new_add\":\"0\",\"template_text\":null,\"sort\":\"4\",\"is_show_menu\":\"1\"},\"5\":{\"title\":\"\\u6d3b\\u52a8\\u89c4\\u5219\",\"is_show_text\":null,\"is_new_add\":\"0\",\"template_text\":null,\"sort\":\"5\",\"is_show_menu\":\"1\"},\"6\":{\"title\":\"\\u6d3b\\u52a8\\u8bbe\\u7f6e\",\"is_show_text\":null,\"is_new_add\":\"0\",\"template_text\":null,\"sort\":\"6\",\"is_show_menu\":\"1\"},\"7\":{\"title\":\"\\u6d3b\\u52a8\\u5956\\u52b1\",\"is_show_text\":null,\"is_new_add\":\"0\",\"template_text\":null,\"sort\":\"7\",\"is_show_menu\":\"1\"},\"8\":{\"title\":\"\\u6d3b\\u52a8\\u610f\\u4e49\",\"is_show_text\":null,\"is_new_add\":\"0\",\"template_text\":null,\"sort\":\"8\",\"is_show_menu\":\"1\"},\"9\":{\"title\":\"\\u6d3b\\u52a8\\u65b9\\u5f0f\",\"is_show_text\":null,\"is_new_add\":\"0\",\"template_text\":null,\"sort\":\"9\",\"is_show_menu\":\"1\"},\"10\":{\"title\":\"\\u6d3b\\u52a8\\u8865\\u5145\",\"is_show_text\":null,\"is_new_add\":\"0\",\"template_text\":null,\"sort\":\"10\",\"is_show_menu\":\"1\"}},\"field\":[{\"id\":\"3\",\"field_type\":\"text\",\"title\":\"\\u5fae\\u4fe1\"}]}', '2018-11-15 11:34:48', '2018-11-15 11:34:48');
INSERT INTO `blog_admin_log` VALUES (252, 1, '::1', '', 'admin/edit', 'POST', '{\"_token\":\"VNLWs9WjxAYB8r6nbcN6hI9wTyo0GGEulbi7EPbu\",\"id\":\"4\",\"title\":\"3333333\",\"tmp_title\":\"11\",\"logo\":{\"0.0\":{\"filename\":\"timg (1).jpg\",\"filepath\":\"image\\/181115\\/sQzAvVXCaPjydgkFdqMzLlUoyldCWPdpH4mv9E7S.jpeg\",\"filesize\":\"94.865234375KB\",\"filetime\":\"2018-11-15\"}},\"article_template\":\"1\",\"define_template\":null,\"number\":\"2\",\"click\":\"0\",\"start_time\":\"2018-11-14\",\"end_time\":\"2018-11-14\",\"checkbox\":\"1\",\"column\":null,\"sort\":null,\"markText\":null,\"template\":{\"1\":{\"title\":\"\\u6d3b\\u52a8\\u7b80\\u4ecb\",\"is_show_text\":null,\"is_new_add\":\"0\",\"template_text\":null,\"sort\":\"1\",\"is_show_menu\":\"1\"},\"2\":{\"title\":\"\\u6d3b\\u52a8\\u76ee\\u7684\",\"is_show_text\":null,\"is_new_add\":\"0\",\"template_text\":null,\"sort\":\"2\",\"is_show_menu\":\"1\"},\"3\":{\"title\":\"\\u6d3b\\u52a8\\u5185\\u5bb9\",\"is_show_text\":null,\"is_new_add\":\"0\",\"template_text\":null,\"sort\":\"3\",\"is_show_menu\":\"1\"},\"4\":{\"title\":\"\\u6d3b\\u52a8\\u5b89\\u6392\",\"is_show_text\":null,\"is_new_add\":\"0\",\"template_text\":null,\"sort\":\"4\",\"is_show_menu\":\"1\"},\"5\":{\"title\":\"\\u6d3b\\u52a8\\u89c4\\u5219\",\"is_show_text\":null,\"is_new_add\":\"0\",\"template_text\":null,\"sort\":\"5\",\"is_show_menu\":\"1\"},\"6\":{\"title\":\"\\u6d3b\\u52a8\\u8bbe\\u7f6e\",\"is_show_text\":null,\"is_new_add\":\"0\",\"template_text\":null,\"sort\":\"6\",\"is_show_menu\":\"1\"},\"7\":{\"title\":\"\\u6d3b\\u52a8\\u5956\\u52b1\",\"is_show_text\":null,\"is_new_add\":\"0\",\"template_text\":null,\"sort\":\"7\",\"is_show_menu\":\"1\"},\"8\":{\"title\":\"\\u6d3b\\u52a8\\u610f\\u4e49\",\"is_show_text\":null,\"is_new_add\":\"0\",\"template_text\":null,\"sort\":\"8\",\"is_show_menu\":\"1\"},\"9\":{\"title\":\"\\u6d3b\\u52a8\\u65b9\\u5f0f\",\"is_show_text\":null,\"is_new_add\":\"0\",\"template_text\":null,\"sort\":\"9\",\"is_show_menu\":\"1\"},\"10\":{\"title\":\"\\u6d3b\\u52a8\\u8865\\u5145\",\"is_show_text\":null,\"is_new_add\":\"0\",\"template_text\":null,\"sort\":\"10\",\"is_show_menu\":\"1\"}},\"field\":[{\"id\":\"3\",\"field_type\":\"text\",\"title\":\"\\u5fae\\u4fe1\"}]}', '2018-11-15 11:35:06', '2018-11-15 11:35:06');
INSERT INTO `blog_admin_log` VALUES (253, 1, '::1', '', 'admin/edit', 'POST', '{\"_token\":\"VNLWs9WjxAYB8r6nbcN6hI9wTyo0GGEulbi7EPbu\",\"id\":\"4\",\"title\":\"3333333\",\"tmp_title\":\"11\",\"logo\":{\"0.0\":{\"filename\":\"timg (1).jpg\",\"filepath\":\"image\\/181115\\/sQzAvVXCaPjydgkFdqMzLlUoyldCWPdpH4mv9E7S.jpeg\",\"filesize\":\"94.865234375KB\",\"filetime\":\"2018-11-15\"}},\"article_template\":\"1\",\"define_template\":null,\"number\":\"2\",\"click\":\"0\",\"start_time\":\"2018-11-14\",\"end_time\":\"2018-11-14\",\"checkbox\":\"1\",\"column\":\"\\u6d3b\\u52a8\\u7b80\\u4ecb\",\"sort\":\"1\",\"markText\":null,\"template\":{\"1\":{\"title\":\"\\u6d3b\\u52a8\\u7b80\\u4ecb\",\"is_show_text\":null,\"is_new_add\":\"0\",\"template_text\":\"\\u54c8\\u54c8\",\"sort\":\"1\",\"is_show_menu\":\"1\"},\"2\":{\"title\":\"\\u6d3b\\u52a8\\u76ee\\u7684\",\"is_show_text\":null,\"is_new_add\":\"0\",\"template_text\":\"\\u563b\\u563b\",\"sort\":\"2\",\"is_show_menu\":\"1\"},\"3\":{\"title\":\"\\u6d3b\\u52a8\\u5185\\u5bb9\",\"is_show_text\":null,\"is_new_add\":\"0\",\"template_text\":\"\\u55ef\\u55ef\",\"sort\":\"3\",\"is_show_menu\":\"1\"},\"4\":{\"title\":\"\\u6d3b\\u52a8\\u5b89\\u6392\",\"is_show_text\":null,\"is_new_add\":\"0\",\"template_text\":\"\\u989d\\u989d\",\"sort\":\"4\",\"is_show_menu\":\"1\"},\"5\":{\"title\":\"\\u6d3b\\u52a8\\u89c4\\u5219\",\"is_show_text\":null,\"is_new_add\":\"0\",\"template_text\":\"\\u65e0\\u8bed\",\"sort\":\"5\",\"is_show_menu\":\"1\"},\"6\":{\"title\":\"\\u6d3b\\u52a8\\u8bbe\\u7f6e\",\"is_show_text\":null,\"is_new_add\":\"0\",\"template_text\":\"\\u4ec0\\u4e48\",\"sort\":\"6\",\"is_show_menu\":\"1\"},\"7\":{\"title\":\"\\u6d3b\\u52a8\\u5956\\u52b1\",\"is_show_text\":null,\"is_new_add\":\"0\",\"template_text\":\"\\u5927\\u4f6c\",\"sort\":\"7\",\"is_show_menu\":\"1\"},\"8\":{\"title\":\"\\u6d3b\\u52a8\\u610f\\u4e49\",\"is_show_text\":null,\"is_new_add\":\"0\",\"template_text\":\"\\u8c01\\u554a\",\"sort\":\"8\",\"is_show_menu\":\"1\"},\"9\":{\"title\":\"\\u6d3b\\u52a8\\u65b9\\u5f0f\",\"is_show_text\":null,\"is_new_add\":\"0\",\"template_text\":\"\\u5728\\u5417\",\"sort\":\"9\",\"is_show_menu\":\"1\"},\"10\":{\"title\":\"\\u6d3b\\u52a8\\u8865\\u5145\",\"is_show_text\":null,\"is_new_add\":\"0\",\"template_text\":\"\\u5389\\u5bb3\",\"sort\":\"10\",\"is_show_menu\":\"1\"}},\"field\":[{\"id\":\"3\",\"field_type\":\"text\",\"title\":\"\\u5fae\\u4fe1\"}]}', '2018-11-15 13:41:22', '2018-11-15 13:41:22');
INSERT INTO `blog_admin_log` VALUES (254, 1, '::1', '', 'admin/edit', 'POST', '{\"_token\":\"VNLWs9WjxAYB8r6nbcN6hI9wTyo0GGEulbi7EPbu\",\"id\":\"4\",\"title\":\"3333333\",\"tmp_title\":\"11\",\"logo\":{\"0.0\":{\"filename\":\"timg (1).jpg\",\"filepath\":\"image\\/181115\\/sQzAvVXCaPjydgkFdqMzLlUoyldCWPdpH4mv9E7S.jpeg\",\"filesize\":\"94.865234375KB\",\"filetime\":\"2018-11-15\"}},\"article_template\":\"1\",\"define_template\":null,\"number\":\"2\",\"click\":\"0\",\"start_time\":\"2018-11-14\",\"end_time\":\"2018-11-14\",\"checkbox\":\"1\",\"column\":\"\\u6d3b\\u52a8\\u8865\\u5145\",\"sort\":\"10\",\"markText\":null,\"template\":{\"1\":{\"title\":\"\\u6d3b\\u52a8\\u7b80\\u4ecb\",\"is_show_text\":null,\"is_new_add\":\"0\",\"template_text\":\"\\u54c8\\u54c8\",\"sort\":\"1\",\"is_show_menu\":\"1\"},\"2\":{\"title\":\"\\u6d3b\\u52a8\\u76ee\\u7684\",\"is_show_text\":null,\"is_new_add\":\"0\",\"template_text\":\"\\u563b\\u563b\",\"sort\":\"2\",\"is_show_menu\":\"1\"},\"3\":{\"title\":\"\\u6d3b\\u52a8\\u5185\\u5bb9\",\"is_show_text\":null,\"is_new_add\":\"0\",\"template_text\":\"\\u55ef\\u55ef\",\"sort\":\"3\",\"is_show_menu\":\"1\"},\"4\":{\"title\":\"\\u6d3b\\u52a8\\u5b89\\u6392\",\"is_show_text\":null,\"is_new_add\":\"0\",\"template_text\":\"\\u989d\\u989d\",\"sort\":\"4\",\"is_show_menu\":\"1\"},\"5\":{\"title\":\"\\u6d3b\\u52a8\\u89c4\\u5219\",\"is_show_text\":null,\"is_new_add\":\"0\",\"template_text\":\"\\u65e0\\u8bed\",\"sort\":\"5\",\"is_show_menu\":\"1\"},\"6\":{\"title\":\"\\u6d3b\\u52a8\\u8bbe\\u7f6e\",\"is_show_text\":null,\"is_new_add\":\"0\",\"template_text\":\"\\u4ec0\\u4e48\",\"sort\":\"6\",\"is_show_menu\":\"1\"},\"7\":{\"title\":\"\\u6d3b\\u52a8\\u5956\\u52b1\",\"is_show_text\":null,\"is_new_add\":\"0\",\"template_text\":\"\\u5927\\u4f6c\",\"sort\":\"7\",\"is_show_menu\":\"1\"},\"8\":{\"title\":\"\\u6d3b\\u52a8\\u610f\\u4e49\",\"is_show_text\":null,\"is_new_add\":\"0\",\"template_text\":\"\\u8c01\\u554a\",\"sort\":\"8\",\"is_show_menu\":\"1\"},\"9\":{\"title\":\"\\u6d3b\\u52a8\\u65b9\\u5f0f\",\"is_show_text\":null,\"is_new_add\":\"0\",\"template_text\":\"\\u5728\\u5417\",\"sort\":\"9\",\"is_show_menu\":\"1\"},\"10\":{\"title\":\"\\u6d3b\\u52a8\\u8865\\u5145\",\"is_show_text\":null,\"is_new_add\":\"0\",\"template_text\":\"\\u5389\\u5bb3\",\"sort\":\"10\",\"is_show_menu\":\"1\"}},\"field\":[{\"id\":\"3\",\"field_type\":\"text\",\"title\":\"wx227\"}]}', '2018-11-15 17:03:29', '2018-11-15 17:03:29');
INSERT INTO `blog_admin_log` VALUES (255, 1, '::1', '', 'admin/tmp/edit', 'POST', '{\"_token\":\"VNLWs9WjxAYB8r6nbcN6hI9wTyo0GGEulbi7EPbu\",\"id\":\"4\",\"title\":\"3333333\",\"tmp_title\":\"11\",\"logo\":{\"0.0\":{\"filename\":\"timg (1).jpg\",\"filepath\":\"image\\/181115\\/sQzAvVXCaPjydgkFdqMzLlUoyldCWPdpH4mv9E7S.jpeg\",\"filesize\":\"94.865234375KB\",\"filetime\":\"2018-11-15\"}},\"article_template\":\"1\",\"define_template\":null,\"number\":\"2\",\"click\":\"0\",\"start_time\":\"2018-11-14\",\"end_time\":\"2018-11-14\",\"checkbox\":\"1\",\"column\":null,\"sort\":null,\"markText\":null,\"template\":{\"1\":{\"title\":\"\\u6d3b\\u52a8\\u7b80\\u4ecb\",\"is_show_text\":null,\"is_new_add\":\"0\",\"template_text\":\"\\u54c8\\u54c8\",\"sort\":\"1\",\"is_show_menu\":\"1\"},\"2\":{\"title\":\"\\u6d3b\\u52a8\\u76ee\\u7684\",\"is_show_text\":null,\"is_new_add\":\"0\",\"template_text\":\"\\u563b\\u563b\",\"sort\":\"2\",\"is_show_menu\":\"1\"},\"3\":{\"title\":\"\\u6d3b\\u52a8\\u5185\\u5bb9\",\"is_show_text\":null,\"is_new_add\":\"0\",\"template_text\":\"\\u55ef\\u55ef\",\"sort\":\"3\",\"is_show_menu\":\"1\"},\"4\":{\"title\":\"\\u6d3b\\u52a8\\u5b89\\u6392\",\"is_show_text\":null,\"is_new_add\":\"0\",\"template_text\":\"\\u989d\\u989d\",\"sort\":\"4\",\"is_show_menu\":\"1\"},\"5\":{\"title\":\"\\u6d3b\\u52a8\\u89c4\\u5219\",\"is_show_text\":null,\"is_new_add\":\"0\",\"template_text\":\"\\u65e0\\u8bed\",\"sort\":\"5\",\"is_show_menu\":\"1\"},\"6\":{\"title\":\"\\u6d3b\\u52a8\\u8bbe\\u7f6e\",\"is_show_text\":null,\"is_new_add\":\"0\",\"template_text\":\"\\u4ec0\\u4e48\",\"sort\":\"6\",\"is_show_menu\":\"1\"},\"7\":{\"title\":\"\\u6d3b\\u52a8\\u5956\\u52b1\",\"is_show_text\":null,\"is_new_add\":\"0\",\"template_text\":\"\\u5927\\u4f6c\",\"sort\":\"7\",\"is_show_menu\":\"1\"},\"8\":{\"title\":\"\\u6d3b\\u52a8\\u610f\\u4e49\",\"is_show_text\":null,\"is_new_add\":\"0\",\"template_text\":\"\\u8c01\\u554a\",\"sort\":\"8\",\"is_show_menu\":\"1\"},\"9\":{\"title\":\"\\u6d3b\\u52a8\\u65b9\\u5f0f\",\"is_show_text\":null,\"is_new_add\":\"0\",\"template_text\":\"\\u5728\\u5417\",\"sort\":\"9\",\"is_show_menu\":\"1\"},\"10\":{\"title\":\"\\u6d3b\\u52a8\\u8865\\u5145\",\"is_show_text\":null,\"is_new_add\":\"0\",\"template_text\":\"\\u5389\\u5bb3\",\"sort\":\"10\",\"is_show_menu\":\"1\"}},\"field\":{\"0\":{\"id\":\"3\",\"field_type\":\"text\",\"title\":\"wx227\"},\"5286\":{\"id\":null,\"field_type\":\"text\",\"title\":\"\\u5fae\\u4fe1\"},\"504\":{\"id\":null,\"field_type\":\"text\",\"title\":\"\\u516c\\u53f8\"},\"1305\":{\"id\":null,\"field_type\":\"text\",\"title\":\"\\u804c\\u4f4d\"},\"4666\":{\"id\":null,\"field_type\":\"text\",\"title\":\"\\u884c\\u4e1a\"},\"6077\":{\"id\":null,\"field_type\":\"text\",\"title\":\"QQ\"},\"6886\":{\"id\":null,\"field_type\":\"text\",\"title\":\"\\u90ae\\u4ef6\"}}}', '2018-11-15 17:56:47', '2018-11-15 17:56:47');
INSERT INTO `blog_admin_log` VALUES (256, 1, '::1', '', 'admin/tmp/check', 'POST', '{\"_token\":\"VNLWs9WjxAYB8r6nbcN6hI9wTyo0GGEulbi7EPbu\",\"id\":\"4\",\"state\":\"0\",\"comment\":null,\"is_open\":\"1\",\"again_form\":null}', '2018-11-15 17:56:59', '2018-11-15 17:56:59');
INSERT INTO `blog_admin_log` VALUES (257, 1, '::1', '', 'admin/tmp/to_activity', 'POST', '{\"_token\":\"VNLWs9WjxAYB8r6nbcN6hI9wTyo0GGEulbi7EPbu\",\"extra_field\":[{\"id\":null},{\"value\":\"1\"},{\"id\":null},{\"value\":\"1\"},{\"id\":null},{\"value\":\"1\"},{\"id\":null},{\"value\":null},{\"id\":null},{\"value\":null},{\"id\":null},{\"value\":null},{\"id\":null},{\"value\":null}]}', '2018-11-15 18:50:00', '2018-11-15 18:50:00');
INSERT INTO `blog_admin_log` VALUES (258, 1, '::1', '', 'admin/tmp/to_activity', 'POST', '{\"_token\":\"VNLWs9WjxAYB8r6nbcN6hI9wTyo0GGEulbi7EPbu\",\"extra_field\":[{\"id\":null},{\"value\":\"\\u54c8\\u54c8\"},{\"id\":null},{\"value\":\"\\u5965\\u672f\\u5927\\u5e08\"},{\"id\":null},{\"value\":\"\\u963f\\u8428\\u5fb7\\u6492\"},{\"id\":null},{\"value\":\"\\u963f\\u8428\\u5fb7\"},{\"id\":null},{\"value\":\"\\u6492\\u7684\"},{\"id\":null},{\"value\":\"\\u554a\"},{\"id\":null},{\"value\":\"\\u6492\\u7684\"}]}', '2018-11-15 18:50:53', '2018-11-15 18:50:53');
INSERT INTO `blog_admin_log` VALUES (259, 1, '::1', '', 'admin/tmp/to_activity', 'POST', '{\"_token\":\"VNLWs9WjxAYB8r6nbcN6hI9wTyo0GGEulbi7EPbu\",\"extra_field\":{\"3\":{\"id\":\"3\",\"value\":\"11\"},\"5\":{\"id\":\"5\",\"value\":\"22\"},\"6\":{\"id\":\"6\",\"value\":\"33\"},\"7\":{\"id\":\"7\",\"value\":\"44\"},\"8\":{\"id\":\"8\",\"value\":\"55\"},\"9\":{\"id\":\"9\",\"value\":\"66\"},\"10\":{\"id\":\"10\",\"value\":\"77\"}}}', '2018-11-15 19:41:38', '2018-11-15 19:41:38');
INSERT INTO `blog_admin_log` VALUES (260, 1, '::1', '', 'admin/tmp/to_activity', 'POST', '{\"_token\":\"VNLWs9WjxAYB8r6nbcN6hI9wTyo0GGEulbi7EPbu\",\"extra_field\":{\"3\":{\"id\":\"3\",\"value\":null},\"5\":{\"id\":\"5\",\"value\":null},\"6\":{\"id\":\"6\",\"value\":null},\"7\":{\"id\":\"7\",\"value\":null},\"8\":{\"id\":\"8\",\"value\":null},\"9\":{\"id\":\"9\",\"value\":null},\"10\":{\"id\":\"10\",\"value\":null}}}', '2018-11-15 19:42:36', '2018-11-15 19:42:36');
INSERT INTO `blog_admin_log` VALUES (261, 1, '::1', '', 'admin/tmp/to_activity', 'POST', '{\"_token\":\"VNLWs9WjxAYB8r6nbcN6hI9wTyo0GGEulbi7EPbu\",\"id\":\"4\",\"extra_field\":{\"3\":{\"id\":\"3\",\"value\":null},\"5\":{\"id\":\"5\",\"value\":null},\"6\":{\"id\":\"6\",\"value\":null},\"7\":{\"id\":\"7\",\"value\":null},\"8\":{\"id\":\"8\",\"value\":null},\"9\":{\"id\":\"9\",\"value\":null},\"10\":{\"id\":\"10\",\"value\":null}}}', '2018-11-15 19:46:46', '2018-11-15 19:46:46');
INSERT INTO `blog_admin_log` VALUES (262, 1, '::1', '', 'admin/tmp/to_activity', 'POST', '{\"_token\":\"VNLWs9WjxAYB8r6nbcN6hI9wTyo0GGEulbi7EPbu\",\"id\":\"4\",\"extra_field\":{\"3\":{\"id\":\"3\",\"value\":null},\"5\":{\"id\":\"5\",\"value\":null},\"6\":{\"id\":\"6\",\"value\":null},\"7\":{\"id\":\"7\",\"value\":null},\"8\":{\"id\":\"8\",\"value\":null},\"9\":{\"id\":\"9\",\"value\":null},\"10\":{\"id\":\"10\",\"value\":null}}}', '2018-11-15 19:48:44', '2018-11-15 19:48:44');
INSERT INTO `blog_admin_log` VALUES (263, 1, '::1', '', 'admin/tmp/to_activity', 'POST', '{\"_token\":\"VNLWs9WjxAYB8r6nbcN6hI9wTyo0GGEulbi7EPbu\",\"id\":\"4\",\"extra_field\":{\"3\":{\"id\":\"3\",\"value\":\"111\"},\"5\":{\"id\":\"5\",\"value\":\"222\"},\"6\":{\"id\":\"6\",\"value\":\"333\"},\"7\":{\"id\":\"7\",\"value\":\"444\"},\"8\":{\"id\":\"8\",\"value\":\"5555\"},\"9\":{\"id\":\"9\",\"value\":\"666\"},\"10\":{\"id\":\"10\",\"value\":\"7777\"}}}', '2018-11-15 19:52:15', '2018-11-15 19:52:15');
INSERT INTO `blog_admin_log` VALUES (264, 1, '::1', '', 'admin/tmp/to_activity', 'POST', '{\"_token\":\"VNLWs9WjxAYB8r6nbcN6hI9wTyo0GGEulbi7EPbu\",\"id\":\"4\",\"extra_field\":{\"3\":{\"id\":\"3\",\"value\":\"111\"},\"5\":{\"id\":\"5\",\"value\":\"222\"},\"6\":{\"id\":\"6\",\"value\":\"333\"},\"7\":{\"id\":\"7\",\"value\":\"444\"},\"8\":{\"id\":\"8\",\"value\":\"5555\"},\"9\":{\"id\":\"9\",\"value\":\"666\"},\"10\":{\"id\":\"10\",\"value\":\"7777\"}}}', '2018-11-15 19:52:22', '2018-11-15 19:52:22');
INSERT INTO `blog_admin_log` VALUES (265, 1, '::1', '', 'admin/tmp/to_activity', 'POST', '{\"_token\":\"VNLWs9WjxAYB8r6nbcN6hI9wTyo0GGEulbi7EPbu\",\"id\":\"4\",\"extra_field\":{\"3\":{\"id\":\"3\",\"value\":\"111\"},\"5\":{\"id\":\"5\",\"value\":\"222\"},\"6\":{\"id\":\"6\",\"value\":\"333\"},\"7\":{\"id\":\"7\",\"value\":\"444\"},\"8\":{\"id\":\"8\",\"value\":\"5555\"},\"9\":{\"id\":\"9\",\"value\":\"666\"},\"10\":{\"id\":\"10\",\"value\":\"7777\"}}}', '2018-11-15 19:56:30', '2018-11-15 19:56:30');
INSERT INTO `blog_admin_log` VALUES (266, 1, '::1', '', 'admin/tmp/to_activity', 'POST', '{\"_token\":\"VNLWs9WjxAYB8r6nbcN6hI9wTyo0GGEulbi7EPbu\",\"id\":\"4\",\"extra_field\":{\"3\":{\"id\":\"3\",\"value\":\"111\"},\"5\":{\"id\":\"5\",\"value\":\"222\"},\"6\":{\"id\":\"6\",\"value\":\"333\"},\"7\":{\"id\":\"7\",\"value\":\"444\"},\"8\":{\"id\":\"8\",\"value\":\"5555\"},\"9\":{\"id\":\"9\",\"value\":\"666\"},\"10\":{\"id\":\"10\",\"value\":\"7777\"}}}', '2018-11-15 19:57:33', '2018-11-15 19:57:33');
INSERT INTO `blog_admin_log` VALUES (267, 1, '::1', '', 'admin/tmp/to_activity', 'POST', '{\"_token\":\"VNLWs9WjxAYB8r6nbcN6hI9wTyo0GGEulbi7EPbu\",\"id\":\"4\",\"extra_field\":{\"3\":{\"id\":\"3\",\"value\":\"111\"},\"5\":{\"id\":\"5\",\"value\":\"222\"},\"6\":{\"id\":\"6\",\"value\":\"333\"},\"7\":{\"id\":\"7\",\"value\":\"444\"},\"8\":{\"id\":\"8\",\"value\":\"5555\"},\"9\":{\"id\":\"9\",\"value\":\"666\"},\"10\":{\"id\":\"10\",\"value\":\"7777\"}}}', '2018-11-15 19:58:56', '2018-11-15 19:58:56');
INSERT INTO `blog_admin_log` VALUES (268, 1, '::1', '', 'admin/tmp/to_activity', 'POST', '{\"_token\":\"VNLWs9WjxAYB8r6nbcN6hI9wTyo0GGEulbi7EPbu\",\"id\":\"4\",\"extra_field\":{\"3\":{\"id\":\"3\",\"value\":\"111\"},\"5\":{\"id\":\"5\",\"value\":\"222\"},\"6\":{\"id\":\"6\",\"value\":\"333\"},\"7\":{\"id\":\"7\",\"value\":\"444\"},\"8\":{\"id\":\"8\",\"value\":\"5555\"},\"9\":{\"id\":\"9\",\"value\":\"666\"},\"10\":{\"id\":\"10\",\"value\":\"7777\"}}}', '2018-11-15 19:59:01', '2018-11-15 19:59:01');
INSERT INTO `blog_admin_log` VALUES (269, 1, '::1', '', 'admin/tmp/to_activity', 'POST', '{\"_token\":\"VNLWs9WjxAYB8r6nbcN6hI9wTyo0GGEulbi7EPbu\",\"id\":\"4\",\"extra_field\":{\"3\":{\"id\":\"3\",\"value\":\"111\"},\"5\":{\"id\":\"5\",\"value\":\"222\"},\"6\":{\"id\":\"6\",\"value\":\"333\"},\"7\":{\"id\":\"7\",\"value\":\"444\"},\"8\":{\"id\":\"8\",\"value\":\"5555\"},\"9\":{\"id\":\"9\",\"value\":\"666\"},\"10\":{\"id\":\"10\",\"value\":\"7777\"}}}', '2018-11-15 20:00:28', '2018-11-15 20:00:28');
INSERT INTO `blog_admin_log` VALUES (270, 1, '::1', '', 'admin/tmp/to_activity', 'POST', '{\"_token\":\"VNLWs9WjxAYB8r6nbcN6hI9wTyo0GGEulbi7EPbu\",\"id\":\"4\",\"extra_field\":{\"3\":{\"id\":\"3\",\"value\":\"111\"},\"5\":{\"id\":\"5\",\"value\":\"222\"},\"6\":{\"id\":\"6\",\"value\":\"333\"},\"7\":{\"id\":\"7\",\"value\":\"444\"},\"8\":{\"id\":\"8\",\"value\":\"5555\"},\"9\":{\"id\":\"9\",\"value\":\"666\"},\"10\":{\"id\":\"10\",\"value\":\"7777\"}}}', '2018-11-15 20:01:12', '2018-11-15 20:01:12');
INSERT INTO `blog_admin_log` VALUES (271, 1, '::1', '', 'admin/tmp/to_activity', 'POST', '{\"_token\":\"VNLWs9WjxAYB8r6nbcN6hI9wTyo0GGEulbi7EPbu\",\"id\":\"4\",\"extra_field\":{\"3\":{\"id\":\"3\",\"value\":null},\"5\":{\"id\":\"5\",\"value\":null},\"6\":{\"id\":\"6\",\"value\":null},\"7\":{\"id\":\"7\",\"value\":null},\"8\":{\"id\":\"8\",\"value\":null},\"9\":{\"id\":\"9\",\"value\":null},\"10\":{\"id\":\"10\",\"value\":null}}}', '2018-11-15 20:01:34', '2018-11-15 20:01:34');
INSERT INTO `blog_admin_log` VALUES (272, 1, '::1', '', 'admin/tmp/to_activity', 'POST', '{\"_token\":\"VNLWs9WjxAYB8r6nbcN6hI9wTyo0GGEulbi7EPbu\",\"id\":\"4\",\"extra_field\":{\"3\":{\"id\":\"3\",\"value\":null},\"5\":{\"id\":\"5\",\"value\":null},\"6\":{\"id\":\"6\",\"value\":null},\"7\":{\"id\":\"7\",\"value\":null},\"8\":{\"id\":\"8\",\"value\":null},\"9\":{\"id\":\"9\",\"value\":null},\"10\":{\"id\":\"10\",\"value\":null}}}', '2018-11-15 20:03:49', '2018-11-15 20:03:49');
INSERT INTO `blog_admin_log` VALUES (273, 1, '::1', '', 'admin/tmp/to_activity', 'POST', '{\"_token\":\"VNLWs9WjxAYB8r6nbcN6hI9wTyo0GGEulbi7EPbu\",\"id\":\"4\",\"extra_field\":{\"3\":{\"id\":\"3\",\"value\":\"\\u6211\"},\"5\":{\"id\":\"5\",\"value\":\"\\u4eec\"},\"6\":{\"id\":\"6\",\"value\":\"\\u90fd\"},\"7\":{\"id\":\"7\",\"value\":\"\\u6709\"},\"8\":{\"id\":\"8\",\"value\":\"\\u4e00\"},\"9\":{\"id\":\"9\",\"value\":\"\\u4e2a\"},\"10\":{\"id\":\"10\",\"value\":\"\\u5bb6\"}}}', '2018-11-15 20:04:32', '2018-11-15 20:04:32');
INSERT INTO `blog_admin_log` VALUES (274, 1, '::1', '', 'admin/tmp/to_activity', 'POST', '{\"_token\":\"VNLWs9WjxAYB8r6nbcN6hI9wTyo0GGEulbi7EPbu\",\"id\":\"4\",\"extra_field\":{\"3\":{\"id\":\"3\",\"value\":\"\\u611f\"},\"5\":{\"id\":\"5\",\"value\":\"\\u8c22\"},\"6\":{\"id\":\"6\",\"value\":\"\\u672a\"},\"7\":{\"id\":\"7\",\"value\":\"\\u6765\"},\"8\":{\"id\":\"8\",\"value\":\"\\u7684\"},\"9\":{\"id\":\"9\",\"value\":\"\\u81ea\"},\"10\":{\"id\":\"10\",\"value\":\"\\u5df1\"}}}', '2018-11-15 20:10:01', '2018-11-15 20:10:01');
INSERT INTO `blog_admin_log` VALUES (275, 1, '::1', '', 'admin/tmp/activity/del', 'POST', '{\"_token\":\"VNLWs9WjxAYB8r6nbcN6hI9wTyo0GGEulbi7EPbu\",\"keywords\":null,\"id\":[\"on\"]}', '2018-11-15 22:15:16', '2018-11-15 22:15:16');
INSERT INTO `blog_admin_log` VALUES (276, 1, '::1', '', 'admin/tmp/activity/del', 'POST', '{\"_token\":\"VNLWs9WjxAYB8r6nbcN6hI9wTyo0GGEulbi7EPbu\",\"keywords\":null,\"id\":{\"user_id\":\"1\",\"tmp_id\":\"4\"}}', '2018-11-15 22:18:32', '2018-11-15 22:18:32');
INSERT INTO `blog_admin_log` VALUES (277, 1, '::1', '', 'admin/tmp/activity/del', 'POST', '{\"_token\":\"VNLWs9WjxAYB8r6nbcN6hI9wTyo0GGEulbi7EPbu\",\"keywords\":null,\"id\":{\"user_id\":\"1\"}}', '2018-11-15 22:18:46', '2018-11-15 22:18:46');
INSERT INTO `blog_admin_log` VALUES (278, 1, '::1', '', 'admin/tmp/activity/del', 'POST', '{\"_token\":\"VNLWs9WjxAYB8r6nbcN6hI9wTyo0GGEulbi7EPbu\",\"keywords\":null,\"id\":{\"user_id\":\"1\"}}', '2018-11-15 22:20:59', '2018-11-15 22:20:59');
INSERT INTO `blog_admin_log` VALUES (279, 1, '::1', '', 'admin/tmp/activity/del', 'POST', '{\"_token\":\"VNLWs9WjxAYB8r6nbcN6hI9wTyo0GGEulbi7EPbu\",\"keywords\":null,\"id\":{\"1\":\"4\"}}', '2018-11-15 22:21:06', '2018-11-15 22:21:06');
INSERT INTO `blog_admin_log` VALUES (280, 1, '::1', '', 'admin/tmp/activity/del', 'POST', '{\"_token\":\"VNLWs9WjxAYB8r6nbcN6hI9wTyo0GGEulbi7EPbu\",\"keywords\":null,\"id\":{\"1\":\"4\"}}', '2018-11-15 22:21:24', '2018-11-15 22:21:24');
INSERT INTO `blog_admin_log` VALUES (281, 1, '::1', '', 'admin/tmp/to_activity', 'POST', '{\"_token\":\"VNLWs9WjxAYB8r6nbcN6hI9wTyo0GGEulbi7EPbu\",\"id\":\"4\",\"extra_field\":{\"3\":{\"id\":\"3\",\"value\":\"1\"},\"5\":{\"id\":\"5\",\"value\":\"2\"},\"6\":{\"id\":\"6\",\"value\":\"3\"},\"7\":{\"id\":\"7\",\"value\":\"4\"},\"8\":{\"id\":\"8\",\"value\":\"5\"},\"9\":{\"id\":\"9\",\"value\":\"6\"},\"10\":{\"id\":\"10\",\"value\":\"7\"}}}', '2018-11-15 22:28:57', '2018-11-15 22:28:57');
INSERT INTO `blog_admin_log` VALUES (282, 1, '::1', '', 'admin/tmp/to_activity', 'POST', '{\"_token\":\"VNLWs9WjxAYB8r6nbcN6hI9wTyo0GGEulbi7EPbu\",\"id\":\"4\",\"extra_field\":{\"3\":{\"id\":\"3\",\"value\":\"a\"},\"5\":{\"id\":\"5\",\"value\":\"b\"},\"6\":{\"id\":\"6\",\"value\":\"c\"},\"7\":{\"id\":\"7\",\"value\":\"d\"},\"8\":{\"id\":\"8\",\"value\":\"e\"},\"9\":{\"id\":\"9\",\"value\":\"f\"},\"10\":{\"id\":\"10\",\"value\":\"g\"}}}', '2018-11-15 22:29:20', '2018-11-15 22:29:20');
INSERT INTO `blog_admin_log` VALUES (283, 1, '::1', '', 'admin/tmp/activity/del', 'POST', '{\"_token\":\"VNLWs9WjxAYB8r6nbcN6hI9wTyo0GGEulbi7EPbu\",\"keywords\":null,\"id\":{\"77\":\"4\",\"23\":\"4\",\"1\":\"4\"}}', '2018-11-15 22:29:45', '2018-11-15 22:29:45');
INSERT INTO `blog_admin_log` VALUES (284, 1, '::1', '', 'admin/tmp/activity/del', 'POST', '{\"_token\":\"VNLWs9WjxAYB8r6nbcN6hI9wTyo0GGEulbi7EPbu\",\"keywords\":null,\"id\":{\"77\":\"4\",\"23\":\"4\",\"1\":\"4\"}}', '2018-11-15 22:31:38', '2018-11-15 22:31:38');
INSERT INTO `blog_admin_log` VALUES (285, 1, '::1', '', 'admin/tmp/activity/del', 'POST', '{\"_token\":\"VNLWs9WjxAYB8r6nbcN6hI9wTyo0GGEulbi7EPbu\",\"keywords\":null,\"id\":{\"77\":\"4\"}}', '2018-11-15 22:40:36', '2018-11-15 22:40:36');
INSERT INTO `blog_admin_log` VALUES (286, 1, '::1', '', 'admin/tmp/activity/del', 'POST', '{\"_token\":\"VNLWs9WjxAYB8r6nbcN6hI9wTyo0GGEulbi7EPbu\",\"keywords\":null,\"id\":{\"23\":\"4\"}}', '2018-11-15 22:42:35', '2018-11-15 22:42:35');
INSERT INTO `blog_admin_log` VALUES (287, 1, '::1', '', 'admin/tmp/to_activity', 'POST', '{\"_token\":\"LaV5QlMOFwvnUwa0caH4PatZgeJuYDtQ2Swewsqq\",\"id\":\"6\"}', '2018-11-16 08:49:09', '2018-11-16 08:49:09');
INSERT INTO `blog_admin_log` VALUES (288, 1, '::1', '', 'admin/tmp/to_activity', 'POST', '{\"_token\":\"LaV5QlMOFwvnUwa0caH4PatZgeJuYDtQ2Swewsqq\",\"id\":\"6\"}', '2018-11-16 08:49:32', '2018-11-16 08:49:32');
INSERT INTO `blog_admin_log` VALUES (289, 1, '::1', '', 'admin/tmp/to_activity', 'POST', '{\"_token\":\"LaV5QlMOFwvnUwa0caH4PatZgeJuYDtQ2Swewsqq\",\"id\":\"6\"}', '2018-11-16 08:49:35', '2018-11-16 08:49:35');
INSERT INTO `blog_admin_log` VALUES (290, 1, '::1', '', 'admin/tmp/to_activity', 'POST', '{\"_token\":\"LaV5QlMOFwvnUwa0caH4PatZgeJuYDtQ2Swewsqq\",\"id\":\"6\"}', '2018-11-16 08:50:28', '2018-11-16 08:50:28');
INSERT INTO `blog_admin_log` VALUES (291, 1, '::1', '', 'admin/tmp/to_activity', 'POST', '{\"_token\":\"LaV5QlMOFwvnUwa0caH4PatZgeJuYDtQ2Swewsqq\",\"id\":\"4\",\"extra_field\":{\"3\":{\"id\":\"3\",\"value\":\"1\"},\"5\":{\"id\":\"5\",\"value\":\"1\"},\"6\":{\"id\":\"6\",\"value\":\"1\"},\"7\":{\"id\":\"7\",\"value\":\"2\"},\"8\":{\"id\":\"8\",\"value\":\"3\"},\"9\":{\"id\":\"9\",\"value\":\"4\"},\"10\":{\"id\":\"10\",\"value\":\"5\"}}}', '2018-11-16 08:51:09', '2018-11-16 08:51:09');
INSERT INTO `blog_admin_log` VALUES (292, 1, '::1', '', 'admin/tmp/to_activity', 'POST', '{\"_token\":\"LaV5QlMOFwvnUwa0caH4PatZgeJuYDtQ2Swewsqq\",\"id\":\"6\"}', '2018-11-16 08:54:36', '2018-11-16 08:54:36');
INSERT INTO `blog_admin_log` VALUES (293, 1, '::1', '', 'admin/tmp/to_activity', 'POST', '{\"_token\":\"LaV5QlMOFwvnUwa0caH4PatZgeJuYDtQ2Swewsqq\",\"id\":\"6\"}', '2018-11-16 08:54:54', '2018-11-16 08:54:54');
INSERT INTO `blog_admin_log` VALUES (294, 1, '::1', '', 'admin/tmp/to_activity', 'POST', '{\"_token\":\"LaV5QlMOFwvnUwa0caH4PatZgeJuYDtQ2Swewsqq\",\"id\":\"6\"}', '2018-11-16 08:54:59', '2018-11-16 08:54:59');
INSERT INTO `blog_admin_log` VALUES (295, 1, '::1', '', 'admin/tmp/create', 'POST', '{\"_token\":\"LaV5QlMOFwvnUwa0caH4PatZgeJuYDtQ2Swewsqq\",\"title\":\"\\u4e2d\",\"tmp_title\":\"1\",\"article_template\":\"1\",\"define_template\":null,\"number\":\"1\",\"click\":\"0\",\"start_time\":\"2018-11-16 00:00:00\",\"end_time\":\"2018-11-22 00:00:00\",\"checkbox\":\"1\",\"column\":null,\"sort\":null,\"markText\":null,\"template\":{\"1\":{\"title\":\"\\u6d3b\\u52a8\\u7b80\\u4ecb\",\"is_show_text\":null,\"is_new_add\":\"0\",\"template_text\":null,\"sort\":\"1\",\"is_show_menu\":\"1\"},\"2\":{\"title\":\"\\u6d3b\\u52a8\\u76ee\\u7684\",\"is_show_text\":null,\"is_new_add\":\"0\",\"template_text\":null,\"sort\":\"2\",\"is_show_menu\":\"1\"},\"3\":{\"title\":\"\\u6d3b\\u52a8\\u5185\\u5bb9\",\"is_show_text\":null,\"is_new_add\":\"0\",\"template_text\":null,\"sort\":\"3\",\"is_show_menu\":\"1\"},\"4\":{\"title\":\"\\u6d3b\\u52a8\\u5b89\\u6392\",\"is_show_text\":null,\"is_new_add\":\"0\",\"template_text\":null,\"sort\":\"4\",\"is_show_menu\":\"1\"},\"5\":{\"title\":\"\\u6d3b\\u52a8\\u89c4\\u5219\",\"is_show_text\":null,\"is_new_add\":\"0\",\"template_text\":null,\"sort\":\"5\",\"is_show_menu\":\"1\"},\"6\":{\"title\":\"\\u6d3b\\u52a8\\u8bbe\\u7f6e\",\"is_show_text\":null,\"is_new_add\":\"0\",\"template_text\":null,\"sort\":\"6\",\"is_show_menu\":\"1\"},\"7\":{\"title\":\"\\u6d3b\\u52a8\\u5956\\u52b1\",\"is_show_text\":null,\"is_new_add\":\"0\",\"template_text\":null,\"sort\":\"7\",\"is_show_menu\":\"1\"},\"8\":{\"title\":\"\\u6d3b\\u52a8\\u610f\\u4e49\",\"is_show_text\":null,\"is_new_add\":\"0\",\"template_text\":null,\"sort\":\"8\",\"is_show_menu\":\"1\"},\"9\":{\"title\":\"\\u6d3b\\u52a8\\u65b9\\u5f0f\",\"is_show_text\":null,\"is_new_add\":\"0\",\"template_text\":null,\"sort\":\"9\",\"is_show_menu\":\"1\"},\"10\":{\"title\":\"\\u6d3b\\u52a8\\u8865\\u5145\",\"is_show_text\":null,\"is_new_add\":\"0\",\"template_text\":null,\"sort\":\"10\",\"is_show_menu\":\"1\"}}}', '2018-11-16 09:16:28', '2018-11-16 09:16:28');
INSERT INTO `blog_admin_log` VALUES (296, 1, '::1', '', 'admin/tmp/create', 'POST', '{\"_token\":\"LaV5QlMOFwvnUwa0caH4PatZgeJuYDtQ2Swewsqq\",\"title\":\"\\u4e2d\",\"tmp_title\":\"1\",\"article_template\":\"1\",\"define_template\":null,\"number\":\"1\",\"click\":\"0\",\"start_time\":\"2018-11-16 00:00:00\",\"end_time\":\"2018-11-22 00:00:00\",\"checkbox\":\"1\",\"column\":null,\"sort\":null,\"markText\":null,\"template\":{\"1\":{\"title\":\"\\u6d3b\\u52a8\\u7b80\\u4ecb\",\"is_show_text\":null,\"is_new_add\":\"0\",\"template_text\":null,\"sort\":\"1\",\"is_show_menu\":\"1\"},\"2\":{\"title\":\"\\u6d3b\\u52a8\\u76ee\\u7684\",\"is_show_text\":null,\"is_new_add\":\"0\",\"template_text\":null,\"sort\":\"2\",\"is_show_menu\":\"1\"},\"3\":{\"title\":\"\\u6d3b\\u52a8\\u5185\\u5bb9\",\"is_show_text\":null,\"is_new_add\":\"0\",\"template_text\":null,\"sort\":\"3\",\"is_show_menu\":\"1\"},\"4\":{\"title\":\"\\u6d3b\\u52a8\\u5b89\\u6392\",\"is_show_text\":null,\"is_new_add\":\"0\",\"template_text\":null,\"sort\":\"4\",\"is_show_menu\":\"1\"},\"5\":{\"title\":\"\\u6d3b\\u52a8\\u89c4\\u5219\",\"is_show_text\":null,\"is_new_add\":\"0\",\"template_text\":null,\"sort\":\"5\",\"is_show_menu\":\"1\"},\"6\":{\"title\":\"\\u6d3b\\u52a8\\u8bbe\\u7f6e\",\"is_show_text\":null,\"is_new_add\":\"0\",\"template_text\":null,\"sort\":\"6\",\"is_show_menu\":\"1\"},\"7\":{\"title\":\"\\u6d3b\\u52a8\\u5956\\u52b1\",\"is_show_text\":null,\"is_new_add\":\"0\",\"template_text\":null,\"sort\":\"7\",\"is_show_menu\":\"1\"},\"8\":{\"title\":\"\\u6d3b\\u52a8\\u610f\\u4e49\",\"is_show_text\":null,\"is_new_add\":\"0\",\"template_text\":null,\"sort\":\"8\",\"is_show_menu\":\"1\"},\"9\":{\"title\":\"\\u6d3b\\u52a8\\u65b9\\u5f0f\",\"is_show_text\":null,\"is_new_add\":\"0\",\"template_text\":null,\"sort\":\"9\",\"is_show_menu\":\"1\"},\"10\":{\"title\":\"\\u6d3b\\u52a8\\u8865\\u5145\",\"is_show_text\":null,\"is_new_add\":\"0\",\"template_text\":null,\"sort\":\"10\",\"is_show_menu\":\"1\"}}}', '2018-11-16 09:16:32', '2018-11-16 09:16:32');
INSERT INTO `blog_admin_log` VALUES (297, 1, '::1', '', 'admin/tmp/create', 'POST', '{\"_token\":\"LaV5QlMOFwvnUwa0caH4PatZgeJuYDtQ2Swewsqq\",\"title\":\"\\u4e2d\",\"tmp_title\":\"1\",\"article_template\":\"1\",\"define_template\":null,\"number\":\"1\",\"click\":\"0\",\"start_time\":\"2018-11-16 00:00:00\",\"end_time\":\"2018-11-16 09:16:47\",\"checkbox\":\"1\",\"column\":null,\"sort\":null,\"markText\":null,\"template\":{\"1\":{\"title\":\"\\u6d3b\\u52a8\\u7b80\\u4ecb\",\"is_show_text\":null,\"is_new_add\":\"0\",\"template_text\":null,\"sort\":\"1\",\"is_show_menu\":\"1\"},\"2\":{\"title\":\"\\u6d3b\\u52a8\\u76ee\\u7684\",\"is_show_text\":null,\"is_new_add\":\"0\",\"template_text\":null,\"sort\":\"2\",\"is_show_menu\":\"1\"},\"3\":{\"title\":\"\\u6d3b\\u52a8\\u5185\\u5bb9\",\"is_show_text\":null,\"is_new_add\":\"0\",\"template_text\":null,\"sort\":\"3\",\"is_show_menu\":\"1\"},\"4\":{\"title\":\"\\u6d3b\\u52a8\\u5b89\\u6392\",\"is_show_text\":null,\"is_new_add\":\"0\",\"template_text\":null,\"sort\":\"4\",\"is_show_menu\":\"1\"},\"5\":{\"title\":\"\\u6d3b\\u52a8\\u89c4\\u5219\",\"is_show_text\":null,\"is_new_add\":\"0\",\"template_text\":null,\"sort\":\"5\",\"is_show_menu\":\"1\"},\"6\":{\"title\":\"\\u6d3b\\u52a8\\u8bbe\\u7f6e\",\"is_show_text\":null,\"is_new_add\":\"0\",\"template_text\":null,\"sort\":\"6\",\"is_show_menu\":\"1\"},\"7\":{\"title\":\"\\u6d3b\\u52a8\\u5956\\u52b1\",\"is_show_text\":null,\"is_new_add\":\"0\",\"template_text\":null,\"sort\":\"7\",\"is_show_menu\":\"1\"},\"8\":{\"title\":\"\\u6d3b\\u52a8\\u610f\\u4e49\",\"is_show_text\":null,\"is_new_add\":\"0\",\"template_text\":null,\"sort\":\"8\",\"is_show_menu\":\"1\"},\"9\":{\"title\":\"\\u6d3b\\u52a8\\u65b9\\u5f0f\",\"is_show_text\":null,\"is_new_add\":\"0\",\"template_text\":null,\"sort\":\"9\",\"is_show_menu\":\"1\"},\"10\":{\"title\":\"\\u6d3b\\u52a8\\u8865\\u5145\",\"is_show_text\":null,\"is_new_add\":\"0\",\"template_text\":null,\"sort\":\"10\",\"is_show_menu\":\"1\"}}}', '2018-11-16 09:16:52', '2018-11-16 09:16:52');
INSERT INTO `blog_admin_log` VALUES (298, 1, '::1', '', 'admin/tmp/create', 'POST', '{\"_token\":\"LaV5QlMOFwvnUwa0caH4PatZgeJuYDtQ2Swewsqq\",\"title\":\"\\u4e2d\",\"tmp_title\":\"1\",\"article_template\":\"1\",\"define_template\":null,\"number\":\"1\",\"click\":\"0\",\"start_time\":\"2018-11-16 09:16:58\",\"end_time\":\"2018-11-16 09:16:47\",\"checkbox\":\"1\",\"column\":null,\"sort\":null,\"markText\":null,\"template\":{\"1\":{\"title\":\"\\u6d3b\\u52a8\\u7b80\\u4ecb\",\"is_show_text\":null,\"is_new_add\":\"0\",\"template_text\":null,\"sort\":\"1\",\"is_show_menu\":\"1\"},\"2\":{\"title\":\"\\u6d3b\\u52a8\\u76ee\\u7684\",\"is_show_text\":null,\"is_new_add\":\"0\",\"template_text\":null,\"sort\":\"2\",\"is_show_menu\":\"1\"},\"3\":{\"title\":\"\\u6d3b\\u52a8\\u5185\\u5bb9\",\"is_show_text\":null,\"is_new_add\":\"0\",\"template_text\":null,\"sort\":\"3\",\"is_show_menu\":\"1\"},\"4\":{\"title\":\"\\u6d3b\\u52a8\\u5b89\\u6392\",\"is_show_text\":null,\"is_new_add\":\"0\",\"template_text\":null,\"sort\":\"4\",\"is_show_menu\":\"1\"},\"5\":{\"title\":\"\\u6d3b\\u52a8\\u89c4\\u5219\",\"is_show_text\":null,\"is_new_add\":\"0\",\"template_text\":null,\"sort\":\"5\",\"is_show_menu\":\"1\"},\"6\":{\"title\":\"\\u6d3b\\u52a8\\u8bbe\\u7f6e\",\"is_show_text\":null,\"is_new_add\":\"0\",\"template_text\":null,\"sort\":\"6\",\"is_show_menu\":\"1\"},\"7\":{\"title\":\"\\u6d3b\\u52a8\\u5956\\u52b1\",\"is_show_text\":null,\"is_new_add\":\"0\",\"template_text\":null,\"sort\":\"7\",\"is_show_menu\":\"1\"},\"8\":{\"title\":\"\\u6d3b\\u52a8\\u610f\\u4e49\",\"is_show_text\":null,\"is_new_add\":\"0\",\"template_text\":null,\"sort\":\"8\",\"is_show_menu\":\"1\"},\"9\":{\"title\":\"\\u6d3b\\u52a8\\u65b9\\u5f0f\",\"is_show_text\":null,\"is_new_add\":\"0\",\"template_text\":null,\"sort\":\"9\",\"is_show_menu\":\"1\"},\"10\":{\"title\":\"\\u6d3b\\u52a8\\u8865\\u5145\",\"is_show_text\":null,\"is_new_add\":\"0\",\"template_text\":null,\"sort\":\"10\",\"is_show_menu\":\"1\"}}}', '2018-11-16 09:17:02', '2018-11-16 09:17:02');
INSERT INTO `blog_admin_log` VALUES (299, 1, '::1', '', 'admin/tmp/create', 'POST', '{\"_token\":\"LaV5QlMOFwvnUwa0caH4PatZgeJuYDtQ2Swewsqq\",\"title\":\"666\",\"tmp_title\":\"666\",\"article_template\":\"1\",\"define_template\":null,\"number\":\"6\",\"click\":\"0\",\"start_time\":\"2018-11-16 00:00:00\",\"end_time\":\"2018-11-16 09:49:23\",\"checkbox\":\"1\",\"column\":null,\"sort\":null,\"markText\":null,\"template\":{\"1\":{\"title\":\"\\u6d3b\\u52a8\\u7b80\\u4ecb\",\"is_show_text\":null,\"is_new_add\":\"0\",\"template_text\":null,\"sort\":\"1\",\"is_show_menu\":\"1\"},\"2\":{\"title\":\"\\u6d3b\\u52a8\\u76ee\\u7684\",\"is_show_text\":null,\"is_new_add\":\"0\",\"template_text\":null,\"sort\":\"2\",\"is_show_menu\":\"1\"},\"3\":{\"title\":\"\\u6d3b\\u52a8\\u5185\\u5bb9\",\"is_show_text\":null,\"is_new_add\":\"0\",\"template_text\":null,\"sort\":\"3\",\"is_show_menu\":\"1\"},\"4\":{\"title\":\"\\u6d3b\\u52a8\\u5b89\\u6392\",\"is_show_text\":null,\"is_new_add\":\"0\",\"template_text\":null,\"sort\":\"4\",\"is_show_menu\":\"1\"},\"5\":{\"title\":\"\\u6d3b\\u52a8\\u89c4\\u5219\",\"is_show_text\":null,\"is_new_add\":\"0\",\"template_text\":null,\"sort\":\"5\",\"is_show_menu\":\"1\"},\"6\":{\"title\":\"\\u6d3b\\u52a8\\u8bbe\\u7f6e\",\"is_show_text\":null,\"is_new_add\":\"0\",\"template_text\":null,\"sort\":\"6\",\"is_show_menu\":\"1\"},\"7\":{\"title\":\"\\u6d3b\\u52a8\\u5956\\u52b1\",\"is_show_text\":null,\"is_new_add\":\"0\",\"template_text\":null,\"sort\":\"7\",\"is_show_menu\":\"1\"},\"8\":{\"title\":\"\\u6d3b\\u52a8\\u610f\\u4e49\",\"is_show_text\":null,\"is_new_add\":\"0\",\"template_text\":null,\"sort\":\"8\",\"is_show_menu\":\"1\"},\"9\":{\"title\":\"\\u6d3b\\u52a8\\u65b9\\u5f0f\",\"is_show_text\":null,\"is_new_add\":\"0\",\"template_text\":null,\"sort\":\"9\",\"is_show_menu\":\"1\"},\"10\":{\"title\":\"\\u6d3b\\u52a8\\u8865\\u5145\",\"is_show_text\":null,\"is_new_add\":\"0\",\"template_text\":null,\"sort\":\"10\",\"is_show_menu\":\"1\"}}}', '2018-11-16 09:49:28', '2018-11-16 09:49:28');
INSERT INTO `blog_admin_log` VALUES (300, 1, '::1', '', 'admin/tmp/create', 'POST', '{\"_token\":\"LaV5QlMOFwvnUwa0caH4PatZgeJuYDtQ2Swewsqq\",\"title\":\"888\",\"tmp_title\":\"888\",\"article_template\":\"1\",\"define_template\":null,\"number\":\"8\",\"click\":\"0\",\"start_time\":\"2018-11-16 09:52:01\",\"end_time\":\"2018-11-16 09:52:06\",\"checkbox\":\"1\",\"column\":null,\"sort\":null,\"markText\":null,\"template\":{\"1\":{\"title\":\"\\u6d3b\\u52a8\\u7b80\\u4ecb\",\"is_show_text\":null,\"is_new_add\":\"0\",\"template_text\":null,\"sort\":\"1\",\"is_show_menu\":\"1\"},\"2\":{\"title\":\"\\u6d3b\\u52a8\\u76ee\\u7684\",\"is_show_text\":null,\"is_new_add\":\"0\",\"template_text\":null,\"sort\":\"2\",\"is_show_menu\":\"1\"},\"3\":{\"title\":\"\\u6d3b\\u52a8\\u5185\\u5bb9\",\"is_show_text\":null,\"is_new_add\":\"0\",\"template_text\":null,\"sort\":\"3\",\"is_show_menu\":\"1\"},\"4\":{\"title\":\"\\u6d3b\\u52a8\\u5b89\\u6392\",\"is_show_text\":null,\"is_new_add\":\"0\",\"template_text\":null,\"sort\":\"4\",\"is_show_menu\":\"1\"},\"5\":{\"title\":\"\\u6d3b\\u52a8\\u89c4\\u5219\",\"is_show_text\":null,\"is_new_add\":\"0\",\"template_text\":null,\"sort\":\"5\",\"is_show_menu\":\"1\"},\"6\":{\"title\":\"\\u6d3b\\u52a8\\u8bbe\\u7f6e\",\"is_show_text\":null,\"is_new_add\":\"0\",\"template_text\":null,\"sort\":\"6\",\"is_show_menu\":\"1\"},\"7\":{\"title\":\"\\u6d3b\\u52a8\\u5956\\u52b1\",\"is_show_text\":null,\"is_new_add\":\"0\",\"template_text\":null,\"sort\":\"7\",\"is_show_menu\":\"1\"},\"8\":{\"title\":\"\\u6d3b\\u52a8\\u610f\\u4e49\",\"is_show_text\":null,\"is_new_add\":\"0\",\"template_text\":null,\"sort\":\"8\",\"is_show_menu\":\"1\"},\"9\":{\"title\":\"\\u6d3b\\u52a8\\u65b9\\u5f0f\",\"is_show_text\":null,\"is_new_add\":\"0\",\"template_text\":null,\"sort\":\"9\",\"is_show_menu\":\"1\"},\"10\":{\"title\":\"\\u6d3b\\u52a8\\u8865\\u5145\",\"is_show_text\":null,\"is_new_add\":\"0\",\"template_text\":null,\"sort\":\"10\",\"is_show_menu\":\"1\"}}}', '2018-11-16 09:52:10', '2018-11-16 09:52:10');
INSERT INTO `blog_admin_log` VALUES (301, 1, '::1', '', 'admin/tmp/create', 'POST', '{\"_token\":\"LaV5QlMOFwvnUwa0caH4PatZgeJuYDtQ2Swewsqq\",\"title\":\"1\",\"tmp_title\":\"1\",\"article_template\":\"1\",\"define_template\":null,\"number\":\"1\",\"click\":\"0\",\"start_time\":\"2018-11-16 00:00:00\",\"end_time\":\"2018-11-16 00:00:00\",\"checkbox\":\"1\",\"column\":null,\"sort\":null,\"markText\":null,\"template\":{\"1\":{\"title\":\"\\u6d3b\\u52a8\\u7b80\\u4ecb\",\"is_show_text\":null,\"is_new_add\":\"0\",\"template_text\":null,\"sort\":\"1\",\"is_show_menu\":\"1\"},\"2\":{\"title\":\"\\u6d3b\\u52a8\\u76ee\\u7684\",\"is_show_text\":null,\"is_new_add\":\"0\",\"template_text\":null,\"sort\":\"2\",\"is_show_menu\":\"1\"},\"3\":{\"title\":\"\\u6d3b\\u52a8\\u5185\\u5bb9\",\"is_show_text\":null,\"is_new_add\":\"0\",\"template_text\":null,\"sort\":\"3\",\"is_show_menu\":\"1\"},\"4\":{\"title\":\"\\u6d3b\\u52a8\\u5b89\\u6392\",\"is_show_text\":null,\"is_new_add\":\"0\",\"template_text\":null,\"sort\":\"4\",\"is_show_menu\":\"1\"},\"5\":{\"title\":\"\\u6d3b\\u52a8\\u89c4\\u5219\",\"is_show_text\":null,\"is_new_add\":\"0\",\"template_text\":null,\"sort\":\"5\",\"is_show_menu\":\"1\"},\"6\":{\"title\":\"\\u6d3b\\u52a8\\u8bbe\\u7f6e\",\"is_show_text\":null,\"is_new_add\":\"0\",\"template_text\":null,\"sort\":\"6\",\"is_show_menu\":\"1\"},\"7\":{\"title\":\"\\u6d3b\\u52a8\\u5956\\u52b1\",\"is_show_text\":null,\"is_new_add\":\"0\",\"template_text\":null,\"sort\":\"7\",\"is_show_menu\":\"1\"},\"8\":{\"title\":\"\\u6d3b\\u52a8\\u610f\\u4e49\",\"is_show_text\":null,\"is_new_add\":\"0\",\"template_text\":null,\"sort\":\"8\",\"is_show_menu\":\"1\"},\"9\":{\"title\":\"\\u6d3b\\u52a8\\u65b9\\u5f0f\",\"is_show_text\":null,\"is_new_add\":\"0\",\"template_text\":null,\"sort\":\"9\",\"is_show_menu\":\"1\"},\"10\":{\"title\":\"\\u6d3b\\u52a8\\u8865\\u5145\",\"is_show_text\":null,\"is_new_add\":\"0\",\"template_text\":null,\"sort\":\"10\",\"is_show_menu\":\"1\"}}}', '2018-11-16 09:54:34', '2018-11-16 09:54:34');
INSERT INTO `blog_admin_log` VALUES (302, 1, '::1', '', 'admin/tmp/create', 'POST', '{\"_token\":\"LaV5QlMOFwvnUwa0caH4PatZgeJuYDtQ2Swewsqq\",\"title\":\"999\",\"tmp_title\":\"999\",\"article_template\":\"1\",\"define_template\":null,\"number\":\"9\",\"click\":\"0\",\"start_time\":\"2018-11-16 00:00:00\",\"end_time\":\"2018-11-30 00:00:00\",\"checkbox\":\"1\",\"column\":null,\"sort\":null,\"markText\":null,\"template\":{\"1\":{\"title\":\"\\u6d3b\\u52a8\\u7b80\\u4ecb\",\"is_show_text\":null,\"is_new_add\":\"0\",\"template_text\":null,\"sort\":\"1\",\"is_show_menu\":\"1\"},\"2\":{\"title\":\"\\u6d3b\\u52a8\\u76ee\\u7684\",\"is_show_text\":null,\"is_new_add\":\"0\",\"template_text\":null,\"sort\":\"2\",\"is_show_menu\":\"1\"},\"3\":{\"title\":\"\\u6d3b\\u52a8\\u5185\\u5bb9\",\"is_show_text\":null,\"is_new_add\":\"0\",\"template_text\":null,\"sort\":\"3\",\"is_show_menu\":\"1\"},\"4\":{\"title\":\"\\u6d3b\\u52a8\\u5b89\\u6392\",\"is_show_text\":null,\"is_new_add\":\"0\",\"template_text\":null,\"sort\":\"4\",\"is_show_menu\":\"1\"},\"5\":{\"title\":\"\\u6d3b\\u52a8\\u89c4\\u5219\",\"is_show_text\":null,\"is_new_add\":\"0\",\"template_text\":null,\"sort\":\"5\",\"is_show_menu\":\"1\"},\"6\":{\"title\":\"\\u6d3b\\u52a8\\u8bbe\\u7f6e\",\"is_show_text\":null,\"is_new_add\":\"0\",\"template_text\":null,\"sort\":\"6\",\"is_show_menu\":\"1\"},\"7\":{\"title\":\"\\u6d3b\\u52a8\\u5956\\u52b1\",\"is_show_text\":null,\"is_new_add\":\"0\",\"template_text\":null,\"sort\":\"7\",\"is_show_menu\":\"1\"},\"8\":{\"title\":\"\\u6d3b\\u52a8\\u610f\\u4e49\",\"is_show_text\":null,\"is_new_add\":\"0\",\"template_text\":null,\"sort\":\"8\",\"is_show_menu\":\"1\"},\"9\":{\"title\":\"\\u6d3b\\u52a8\\u65b9\\u5f0f\",\"is_show_text\":null,\"is_new_add\":\"0\",\"template_text\":null,\"sort\":\"9\",\"is_show_menu\":\"1\"},\"10\":{\"title\":\"\\u6d3b\\u52a8\\u8865\\u5145\",\"is_show_text\":null,\"is_new_add\":\"0\",\"template_text\":null,\"sort\":\"10\",\"is_show_menu\":\"1\"}}}', '2018-11-16 09:55:24', '2018-11-16 09:55:24');
INSERT INTO `blog_admin_log` VALUES (303, 1, '::1', '', 'admin/tmp/edit', 'POST', '{\"_token\":\"LaV5QlMOFwvnUwa0caH4PatZgeJuYDtQ2Swewsqq\",\"id\":\"15\",\"title\":\"999\",\"tmp_title\":\"999\",\"article_template\":\"1\",\"define_template\":null,\"number\":\"10\",\"click\":\"0\",\"start_time\":\"2018-11-16 00:00:00\",\"end_time\":\"2018-11-30 00:00:00\",\"checkbox\":\"1\",\"column\":null,\"sort\":null,\"markText\":null,\"template\":{\"1\":{\"title\":\"\\u6d3b\\u52a8\\u7b80\\u4ecb\",\"is_show_text\":null,\"is_new_add\":\"0\",\"template_text\":null,\"sort\":\"1\",\"is_show_menu\":\"1\"},\"2\":{\"title\":\"\\u6d3b\\u52a8\\u76ee\\u7684\",\"is_show_text\":null,\"is_new_add\":\"0\",\"template_text\":null,\"sort\":\"2\",\"is_show_menu\":\"1\"},\"3\":{\"title\":\"\\u6d3b\\u52a8\\u5185\\u5bb9\",\"is_show_text\":null,\"is_new_add\":\"0\",\"template_text\":null,\"sort\":\"3\",\"is_show_menu\":\"1\"},\"4\":{\"title\":\"\\u6d3b\\u52a8\\u5b89\\u6392\",\"is_show_text\":null,\"is_new_add\":\"0\",\"template_text\":null,\"sort\":\"4\",\"is_show_menu\":\"1\"},\"5\":{\"title\":\"\\u6d3b\\u52a8\\u89c4\\u5219\",\"is_show_text\":null,\"is_new_add\":\"0\",\"template_text\":null,\"sort\":\"5\",\"is_show_menu\":\"1\"},\"6\":{\"title\":\"\\u6d3b\\u52a8\\u8bbe\\u7f6e\",\"is_show_text\":null,\"is_new_add\":\"0\",\"template_text\":null,\"sort\":\"6\",\"is_show_menu\":\"1\"},\"7\":{\"title\":\"\\u6d3b\\u52a8\\u5956\\u52b1\",\"is_show_text\":null,\"is_new_add\":\"0\",\"template_text\":null,\"sort\":\"7\",\"is_show_menu\":\"1\"},\"8\":{\"title\":\"\\u6d3b\\u52a8\\u610f\\u4e49\",\"is_show_text\":null,\"is_new_add\":\"0\",\"template_text\":null,\"sort\":\"8\",\"is_show_menu\":\"1\"},\"9\":{\"title\":\"\\u6d3b\\u52a8\\u65b9\\u5f0f\",\"is_show_text\":null,\"is_new_add\":\"0\",\"template_text\":null,\"sort\":\"9\",\"is_show_menu\":\"1\"},\"10\":{\"title\":\"\\u6d3b\\u52a8\\u8865\\u5145\",\"is_show_text\":null,\"is_new_add\":\"0\",\"template_text\":null,\"sort\":\"10\",\"is_show_menu\":\"1\"}}}', '2018-11-16 09:56:43', '2018-11-16 09:56:43');
INSERT INTO `blog_admin_log` VALUES (304, 1, '::1', '', 'admin/tmp/edit', 'POST', '{\"_token\":\"LaV5QlMOFwvnUwa0caH4PatZgeJuYDtQ2Swewsqq\",\"id\":\"15\",\"title\":\"999\",\"tmp_title\":\"999\",\"article_template\":\"1\",\"define_template\":null,\"number\":\"10\",\"click\":\"0\",\"start_time\":\"2018-11-16 00:00:00\",\"end_time\":\"2018-11-30 00:00:00\",\"checkbox\":\"1\",\"column\":null,\"sort\":null,\"markText\":null,\"template\":{\"1\":{\"title\":\"\\u6d3b\\u52a8\\u7b80\\u4ecb\",\"is_show_text\":null,\"is_new_add\":\"0\",\"template_text\":null,\"sort\":\"1\",\"is_show_menu\":\"1\"},\"2\":{\"title\":\"\\u6d3b\\u52a8\\u76ee\\u7684\",\"is_show_text\":null,\"is_new_add\":\"0\",\"template_text\":null,\"sort\":\"2\",\"is_show_menu\":\"1\"},\"3\":{\"title\":\"\\u6d3b\\u52a8\\u5185\\u5bb9\",\"is_show_text\":null,\"is_new_add\":\"0\",\"template_text\":null,\"sort\":\"3\",\"is_show_menu\":\"1\"},\"4\":{\"title\":\"\\u6d3b\\u52a8\\u5b89\\u6392\",\"is_show_text\":null,\"is_new_add\":\"0\",\"template_text\":null,\"sort\":\"4\",\"is_show_menu\":\"1\"},\"5\":{\"title\":\"\\u6d3b\\u52a8\\u89c4\\u5219\",\"is_show_text\":null,\"is_new_add\":\"0\",\"template_text\":null,\"sort\":\"5\",\"is_show_menu\":\"1\"},\"6\":{\"title\":\"\\u6d3b\\u52a8\\u8bbe\\u7f6e\",\"is_show_text\":null,\"is_new_add\":\"0\",\"template_text\":null,\"sort\":\"6\",\"is_show_menu\":\"1\"},\"7\":{\"title\":\"\\u6d3b\\u52a8\\u5956\\u52b1\",\"is_show_text\":null,\"is_new_add\":\"0\",\"template_text\":null,\"sort\":\"7\",\"is_show_menu\":\"1\"},\"8\":{\"title\":\"\\u6d3b\\u52a8\\u610f\\u4e49\",\"is_show_text\":null,\"is_new_add\":\"0\",\"template_text\":null,\"sort\":\"8\",\"is_show_menu\":\"1\"},\"9\":{\"title\":\"\\u6d3b\\u52a8\\u65b9\\u5f0f\",\"is_show_text\":null,\"is_new_add\":\"0\",\"template_text\":null,\"sort\":\"9\",\"is_show_menu\":\"1\"},\"10\":{\"title\":\"\\u6d3b\\u52a8\\u8865\\u5145\",\"is_show_text\":null,\"is_new_add\":\"0\",\"template_text\":null,\"sort\":\"10\",\"is_show_menu\":\"1\"}}}', '2018-11-16 09:56:57', '2018-11-16 09:56:57');
INSERT INTO `blog_admin_log` VALUES (305, 1, '::1', '', 'admin/tmp/create', 'POST', '{\"_token\":\"LaV5QlMOFwvnUwa0caH4PatZgeJuYDtQ2Swewsqq\",\"title\":\"121\",\"tmp_title\":\"12\",\"article_template\":\"1\",\"define_template\":null,\"number\":\"1\",\"click\":\"0\",\"start_time\":\"2018-11-16 00:00:00\",\"end_time\":\"2018-11-16 10:00:29\",\"checkbox\":\"1\",\"column\":null,\"sort\":null,\"markText\":null,\"template\":{\"1\":{\"title\":\"\\u6d3b\\u52a8\\u7b80\\u4ecb\",\"is_show_text\":null,\"is_new_add\":\"0\",\"template_text\":null,\"sort\":\"1\",\"is_show_menu\":\"1\"},\"2\":{\"title\":\"\\u6d3b\\u52a8\\u76ee\\u7684\",\"is_show_text\":null,\"is_new_add\":\"0\",\"template_text\":null,\"sort\":\"2\",\"is_show_menu\":\"1\"},\"3\":{\"title\":\"\\u6d3b\\u52a8\\u5185\\u5bb9\",\"is_show_text\":null,\"is_new_add\":\"0\",\"template_text\":null,\"sort\":\"3\",\"is_show_menu\":\"1\"},\"4\":{\"title\":\"\\u6d3b\\u52a8\\u5b89\\u6392\",\"is_show_text\":null,\"is_new_add\":\"0\",\"template_text\":null,\"sort\":\"4\",\"is_show_menu\":\"1\"},\"5\":{\"title\":\"\\u6d3b\\u52a8\\u89c4\\u5219\",\"is_show_text\":null,\"is_new_add\":\"0\",\"template_text\":null,\"sort\":\"5\",\"is_show_menu\":\"1\"},\"6\":{\"title\":\"\\u6d3b\\u52a8\\u8bbe\\u7f6e\",\"is_show_text\":null,\"is_new_add\":\"0\",\"template_text\":null,\"sort\":\"6\",\"is_show_menu\":\"1\"},\"7\":{\"title\":\"\\u6d3b\\u52a8\\u5956\\u52b1\",\"is_show_text\":null,\"is_new_add\":\"0\",\"template_text\":null,\"sort\":\"7\",\"is_show_menu\":\"1\"},\"8\":{\"title\":\"\\u6d3b\\u52a8\\u610f\\u4e49\",\"is_show_text\":null,\"is_new_add\":\"0\",\"template_text\":null,\"sort\":\"8\",\"is_show_menu\":\"1\"},\"9\":{\"title\":\"\\u6d3b\\u52a8\\u65b9\\u5f0f\",\"is_show_text\":null,\"is_new_add\":\"0\",\"template_text\":null,\"sort\":\"9\",\"is_show_menu\":\"1\"},\"10\":{\"title\":\"\\u6d3b\\u52a8\\u8865\\u5145\",\"is_show_text\":null,\"is_new_add\":\"0\",\"template_text\":null,\"sort\":\"10\",\"is_show_menu\":\"1\"}}}', '2018-11-16 10:00:30', '2018-11-16 10:00:30');
INSERT INTO `blog_admin_log` VALUES (306, 1, '::1', '', 'admin/tmp/create', 'POST', '{\"_token\":\"LaV5QlMOFwvnUwa0caH4PatZgeJuYDtQ2Swewsqq\",\"title\":\"121\",\"tmp_title\":\"12\",\"article_template\":\"1\",\"define_template\":null,\"number\":\"1\",\"click\":\"0\",\"start_time\":\"2018-11-16 00:00:00\",\"end_time\":\"2018-11-16 10:00:29\",\"checkbox\":\"1\",\"column\":null,\"sort\":null,\"markText\":null,\"template\":{\"1\":{\"title\":\"\\u6d3b\\u52a8\\u7b80\\u4ecb\",\"is_show_text\":null,\"is_new_add\":\"0\",\"template_text\":null,\"sort\":\"1\",\"is_show_menu\":\"1\"},\"2\":{\"title\":\"\\u6d3b\\u52a8\\u76ee\\u7684\",\"is_show_text\":null,\"is_new_add\":\"0\",\"template_text\":null,\"sort\":\"2\",\"is_show_menu\":\"1\"},\"3\":{\"title\":\"\\u6d3b\\u52a8\\u5185\\u5bb9\",\"is_show_text\":null,\"is_new_add\":\"0\",\"template_text\":null,\"sort\":\"3\",\"is_show_menu\":\"1\"},\"4\":{\"title\":\"\\u6d3b\\u52a8\\u5b89\\u6392\",\"is_show_text\":null,\"is_new_add\":\"0\",\"template_text\":null,\"sort\":\"4\",\"is_show_menu\":\"1\"},\"5\":{\"title\":\"\\u6d3b\\u52a8\\u89c4\\u5219\",\"is_show_text\":null,\"is_new_add\":\"0\",\"template_text\":null,\"sort\":\"5\",\"is_show_menu\":\"1\"},\"6\":{\"title\":\"\\u6d3b\\u52a8\\u8bbe\\u7f6e\",\"is_show_text\":null,\"is_new_add\":\"0\",\"template_text\":null,\"sort\":\"6\",\"is_show_menu\":\"1\"},\"7\":{\"title\":\"\\u6d3b\\u52a8\\u5956\\u52b1\",\"is_show_text\":null,\"is_new_add\":\"0\",\"template_text\":null,\"sort\":\"7\",\"is_show_menu\":\"1\"},\"8\":{\"title\":\"\\u6d3b\\u52a8\\u610f\\u4e49\",\"is_show_text\":null,\"is_new_add\":\"0\",\"template_text\":null,\"sort\":\"8\",\"is_show_menu\":\"1\"},\"9\":{\"title\":\"\\u6d3b\\u52a8\\u65b9\\u5f0f\",\"is_show_text\":null,\"is_new_add\":\"0\",\"template_text\":null,\"sort\":\"9\",\"is_show_menu\":\"1\"},\"10\":{\"title\":\"\\u6d3b\\u52a8\\u8865\\u5145\",\"is_show_text\":null,\"is_new_add\":\"0\",\"template_text\":null,\"sort\":\"10\",\"is_show_menu\":\"1\"}}}', '2018-11-16 10:00:43', '2018-11-16 10:00:43');
INSERT INTO `blog_admin_log` VALUES (307, 1, '::1', '', 'admin/tmp/create', 'POST', '{\"_token\":\"LaV5QlMOFwvnUwa0caH4PatZgeJuYDtQ2Swewsqq\",\"title\":\"121\",\"tmp_title\":\"12\",\"article_template\":\"1\",\"define_template\":null,\"number\":\"1\",\"click\":\"0\",\"start_time\":\"2018-11-16 00:00:00\",\"end_time\":\"2018-11-16 10:00:29\",\"checkbox\":\"1\",\"column\":null,\"sort\":null,\"markText\":null,\"template\":{\"1\":{\"title\":\"\\u6d3b\\u52a8\\u7b80\\u4ecb\",\"is_show_text\":null,\"is_new_add\":\"0\",\"template_text\":null,\"sort\":\"1\",\"is_show_menu\":\"1\"},\"2\":{\"title\":\"\\u6d3b\\u52a8\\u76ee\\u7684\",\"is_show_text\":null,\"is_new_add\":\"0\",\"template_text\":null,\"sort\":\"2\",\"is_show_menu\":\"1\"},\"3\":{\"title\":\"\\u6d3b\\u52a8\\u5185\\u5bb9\",\"is_show_text\":null,\"is_new_add\":\"0\",\"template_text\":null,\"sort\":\"3\",\"is_show_menu\":\"1\"},\"4\":{\"title\":\"\\u6d3b\\u52a8\\u5b89\\u6392\",\"is_show_text\":null,\"is_new_add\":\"0\",\"template_text\":null,\"sort\":\"4\",\"is_show_menu\":\"1\"},\"5\":{\"title\":\"\\u6d3b\\u52a8\\u89c4\\u5219\",\"is_show_text\":null,\"is_new_add\":\"0\",\"template_text\":null,\"sort\":\"5\",\"is_show_menu\":\"1\"},\"6\":{\"title\":\"\\u6d3b\\u52a8\\u8bbe\\u7f6e\",\"is_show_text\":null,\"is_new_add\":\"0\",\"template_text\":null,\"sort\":\"6\",\"is_show_menu\":\"1\"},\"7\":{\"title\":\"\\u6d3b\\u52a8\\u5956\\u52b1\",\"is_show_text\":null,\"is_new_add\":\"0\",\"template_text\":null,\"sort\":\"7\",\"is_show_menu\":\"1\"},\"8\":{\"title\":\"\\u6d3b\\u52a8\\u610f\\u4e49\",\"is_show_text\":null,\"is_new_add\":\"0\",\"template_text\":null,\"sort\":\"8\",\"is_show_menu\":\"1\"},\"9\":{\"title\":\"\\u6d3b\\u52a8\\u65b9\\u5f0f\",\"is_show_text\":null,\"is_new_add\":\"0\",\"template_text\":null,\"sort\":\"9\",\"is_show_menu\":\"1\"},\"10\":{\"title\":\"\\u6d3b\\u52a8\\u8865\\u5145\",\"is_show_text\":null,\"is_new_add\":\"0\",\"template_text\":null,\"sort\":\"10\",\"is_show_menu\":\"1\"}}}', '2018-11-16 10:01:31', '2018-11-16 10:01:31');
INSERT INTO `blog_admin_log` VALUES (308, 1, '::1', '', 'admin/tmp/create', 'POST', '{\"_token\":\"LaV5QlMOFwvnUwa0caH4PatZgeJuYDtQ2Swewsqq\",\"title\":\"121\",\"tmp_title\":\"12\",\"article_template\":\"1\",\"define_template\":null,\"number\":\"1\",\"click\":\"0\",\"start_time\":\"2018-11-16 00:00:00\",\"end_time\":\"2018-11-16 10:00:29\",\"checkbox\":\"1\",\"column\":null,\"sort\":null,\"markText\":null,\"template\":{\"1\":{\"title\":\"\\u6d3b\\u52a8\\u7b80\\u4ecb\",\"is_show_text\":null,\"is_new_add\":\"0\",\"template_text\":null,\"sort\":\"1\",\"is_show_menu\":\"1\"},\"2\":{\"title\":\"\\u6d3b\\u52a8\\u76ee\\u7684\",\"is_show_text\":null,\"is_new_add\":\"0\",\"template_text\":null,\"sort\":\"2\",\"is_show_menu\":\"1\"},\"3\":{\"title\":\"\\u6d3b\\u52a8\\u5185\\u5bb9\",\"is_show_text\":null,\"is_new_add\":\"0\",\"template_text\":null,\"sort\":\"3\",\"is_show_menu\":\"1\"},\"4\":{\"title\":\"\\u6d3b\\u52a8\\u5b89\\u6392\",\"is_show_text\":null,\"is_new_add\":\"0\",\"template_text\":null,\"sort\":\"4\",\"is_show_menu\":\"1\"},\"5\":{\"title\":\"\\u6d3b\\u52a8\\u89c4\\u5219\",\"is_show_text\":null,\"is_new_add\":\"0\",\"template_text\":null,\"sort\":\"5\",\"is_show_menu\":\"1\"},\"6\":{\"title\":\"\\u6d3b\\u52a8\\u8bbe\\u7f6e\",\"is_show_text\":null,\"is_new_add\":\"0\",\"template_text\":null,\"sort\":\"6\",\"is_show_menu\":\"1\"},\"7\":{\"title\":\"\\u6d3b\\u52a8\\u5956\\u52b1\",\"is_show_text\":null,\"is_new_add\":\"0\",\"template_text\":null,\"sort\":\"7\",\"is_show_menu\":\"1\"},\"8\":{\"title\":\"\\u6d3b\\u52a8\\u610f\\u4e49\",\"is_show_text\":null,\"is_new_add\":\"0\",\"template_text\":null,\"sort\":\"8\",\"is_show_menu\":\"1\"},\"9\":{\"title\":\"\\u6d3b\\u52a8\\u65b9\\u5f0f\",\"is_show_text\":null,\"is_new_add\":\"0\",\"template_text\":null,\"sort\":\"9\",\"is_show_menu\":\"1\"},\"10\":{\"title\":\"\\u6d3b\\u52a8\\u8865\\u5145\",\"is_show_text\":null,\"is_new_add\":\"0\",\"template_text\":null,\"sort\":\"10\",\"is_show_menu\":\"1\"}}}', '2018-11-16 10:03:33', '2018-11-16 10:03:33');
INSERT INTO `blog_admin_log` VALUES (309, 1, '::1', '', 'admin/tmp/create', 'POST', '{\"_token\":\"LaV5QlMOFwvnUwa0caH4PatZgeJuYDtQ2Swewsqq\",\"title\":\"555\",\"tmp_title\":\"555\",\"article_template\":\"1\",\"define_template\":null,\"number\":\"5\",\"click\":\"0\",\"start_time\":\"2018-11-16 00:00:00\",\"end_time\":\"2018-11-20 00:00:00\",\"checkbox\":\"1\",\"column\":null,\"sort\":null,\"markText\":null,\"template\":{\"1\":{\"title\":\"\\u6d3b\\u52a8\\u7b80\\u4ecb\",\"is_show_text\":null,\"is_new_add\":\"0\",\"template_text\":null,\"sort\":\"1\",\"is_show_menu\":\"1\"},\"2\":{\"title\":\"\\u6d3b\\u52a8\\u76ee\\u7684\",\"is_show_text\":null,\"is_new_add\":\"0\",\"template_text\":null,\"sort\":\"2\",\"is_show_menu\":\"1\"},\"3\":{\"title\":\"\\u6d3b\\u52a8\\u5185\\u5bb9\",\"is_show_text\":null,\"is_new_add\":\"0\",\"template_text\":null,\"sort\":\"3\",\"is_show_menu\":\"1\"},\"4\":{\"title\":\"\\u6d3b\\u52a8\\u5b89\\u6392\",\"is_show_text\":null,\"is_new_add\":\"0\",\"template_text\":null,\"sort\":\"4\",\"is_show_menu\":\"1\"},\"5\":{\"title\":\"\\u6d3b\\u52a8\\u89c4\\u5219\",\"is_show_text\":null,\"is_new_add\":\"0\",\"template_text\":null,\"sort\":\"5\",\"is_show_menu\":\"1\"},\"6\":{\"title\":\"\\u6d3b\\u52a8\\u8bbe\\u7f6e\",\"is_show_text\":null,\"is_new_add\":\"0\",\"template_text\":null,\"sort\":\"6\",\"is_show_menu\":\"1\"},\"7\":{\"title\":\"\\u6d3b\\u52a8\\u5956\\u52b1\",\"is_show_text\":null,\"is_new_add\":\"0\",\"template_text\":null,\"sort\":\"7\",\"is_show_menu\":\"1\"},\"8\":{\"title\":\"\\u6d3b\\u52a8\\u610f\\u4e49\",\"is_show_text\":null,\"is_new_add\":\"0\",\"template_text\":null,\"sort\":\"8\",\"is_show_menu\":\"1\"},\"9\":{\"title\":\"\\u6d3b\\u52a8\\u65b9\\u5f0f\",\"is_show_text\":null,\"is_new_add\":\"0\",\"template_text\":null,\"sort\":\"9\",\"is_show_menu\":\"1\"},\"10\":{\"title\":\"\\u6d3b\\u52a8\\u8865\\u5145\",\"is_show_text\":null,\"is_new_add\":\"0\",\"template_text\":null,\"sort\":\"10\",\"is_show_menu\":\"1\"}}}', '2018-11-16 10:04:09', '2018-11-16 10:04:09');
INSERT INTO `blog_admin_log` VALUES (310, 1, '::1', '', 'background/image', 'POST', '{\"DelFilePath\":null,\"id\":\"WU_FILE_0\",\"name\":\"u=4153972067,267454648&fm=27&gp=0.jpg\",\"type\":\"image\\/jpeg\",\"lastModifiedDate\":\"Fri Dec 01 2017 13:50:01 GMT+0800 (\\u4e2d\\u56fd\\u6807\\u51c6\\u65f6\\u95f4)\",\"size\":\"5942\",\"Filedata\":{}}', '2018-12-10 08:31:28', '2018-12-10 08:31:28');
INSERT INTO `blog_admin_log` VALUES (311, 1, '::1', '', 'background/admin_navigation/edit', 'POST', '{\"_token\":\"D8AnoLFwxCluvVfFr52OhcYE3XI2ekyER9QrMlWW\",\"id\":\"1\",\"parent_id\":null,\"sort\":\"99\",\"is_show\":\"1\",\"is_sys\":\"1\",\"title\":\"\\u9996\\u9875\",\"ico\":null,\"node\":{\"0\":{\"id\":\"1\",\"title\":\"index\",\"route_action\":\"Admin\\\\IndexController@index\",\"parameter\":null,\"sort\":\"99\"},\"1\":{\"id\":\"2\",\"title\":\"info\",\"route_action\":\"Admin\\\\IndexController@info\",\"parameter\":null,\"sort\":\"99\"},\"2\":{\"id\":\"3\",\"title\":\"\\u4fee\\u6539\\u5bc6\\u7801\",\"route_action\":\"Admin\\\\IndexController@pass\",\"parameter\":null,\"sort\":\"99\"},\"3\":{\"id\":\"4\",\"title\":\"\\u9000\\u51fa\",\"route_action\":\"Admin\\\\LoginController@quit\",\"parameter\":null,\"sort\":\"99\"},\"6616\":{\"title\":\"\\u6e05\\u7406\\u7f13\\u5b58\",\"route_action\":\"Admin\\\\IndexController@getClear\",\"parameter\":null,\"sort\":\"99\"}}}', '2018-12-11 17:30:34', '2018-12-11 17:30:34');
INSERT INTO `blog_admin_log` VALUES (312, 1, '::1', '', 'background/admin_role/edit', 'POST', '{\"_token\":\"D8AnoLFwxCluvVfFr52OhcYE3XI2ekyER9QrMlWW\",\"id\":\"2\",\"role_type\":\"1\",\"role_name\":\"\\u6d4b\\u8bd5\\u4eba\\u5458\",\"is_sys\":\"1\",\"route\":[\"1\",\"2\",\"3\",\"4\",\"8\",\"5\",\"6\",\"7\"],\"all\":\"1\"}', '2018-12-11 17:30:42', '2018-12-11 17:30:42');
INSERT INTO `blog_admin_log` VALUES (313, 17, '::1', '', 'admin/pass', 'POST', '{\"_token\":\"D8AnoLFwxCluvVfFr52OhcYE3XI2ekyER9QrMlWW\",\"password_o\":null,\"password\":null,\"password_confirmation\":null}', '2018-12-11 17:42:25', '2018-12-11 17:42:25');
INSERT INTO `blog_admin_log` VALUES (314, 1, '::1', '', 'admin/mobile/login', 'POST', '{\"account\":\"15217033171\",\"password\":\"123456\",\"validate_code\":\"xfhm\",\"_token\":\"6x6YIMX5B23aQh0qwMaC7TTXSJfOv0hqu0WxcAKB\"}', '2019-01-25 14:38:06', '2019-01-25 14:38:06');
INSERT INTO `blog_admin_log` VALUES (315, 1, '::1', '', 'admin/cate/changeOrder', 'POST', '{\"_token\":\"P1mU1NLDNsxeic8qOgvr65EtFWLyXWxmT5udCfrl\",\"cate_id\":\"9\",\"cate_order\":\"2\"}', '2019-02-11 14:11:17', '2019-02-11 14:11:17');
INSERT INTO `blog_admin_log` VALUES (316, 1, '::1', '', 'admin/mobile/login', 'POST', '{\"account\":\"15217033171\",\"password\":\"123456\",\"validate_code\":\"ksgg\",\"_token\":\"oph0XyYtkGGEBjGzlStCZkSzUiFL2Kru1qSrL99v\"}', '2019-04-13 10:03:34', '2019-04-13 10:03:34');
INSERT INTO `blog_admin_log` VALUES (317, 1, '::1', '', 'admin/mobile/login', 'POST', '{\"account\":\"15217033171\",\"password\":\"123456\",\"validate_code\":\"ehgx\",\"_token\":\"oph0XyYtkGGEBjGzlStCZkSzUiFL2Kru1qSrL99v\"}', '2019-04-13 10:03:44', '2019-04-13 10:03:44');
INSERT INTO `blog_admin_log` VALUES (318, 1, '::1', '', 'background/sms/create', 'POST', '{\"_token\":\"oph0XyYtkGGEBjGzlStCZkSzUiFL2Kru1qSrL99v\",\"name\":\"\\u4e91\\u7247\",\"sign\":\"\\u6d4b\\u8bd5\",\"key\":\"YunPian\",\"is_enable\":\"1\"}', '2019-04-13 12:46:30', '2019-04-13 12:46:30');
INSERT INTO `blog_admin_log` VALUES (319, 1, '::1', '', 'background/sms/set_key', 'POST', '{\"_token\":\"oph0XyYtkGGEBjGzlStCZkSzUiFL2Kru1qSrL99v\",\"sms_id\":\"1\",\"data\":{\"33\":{\"name\":\"yunpian.apikey\",\"key\":\"81e2d7ae56e5f6ccd66319c9de48195a\"},\"769\":{\"name\":\"YunPian.validtime\",\"key\":\"300\"},\"993\":{\"name\":\"YunPian.minnumber\",\"key\":\"10000\"},\"503\":{\"name\":\"YunPian.maxnumber\",\"key\":\"99999\"},\"283\":{\"name\":\"YunPian.intervaltime\",\"key\":\"60\"}}}', '2019-04-13 12:48:36', '2019-04-13 12:48:36');

-- ----------------------------
-- Table structure for blog_admin_navigation
-- ----------------------------
DROP TABLE IF EXISTS `blog_admin_navigation`;
CREATE TABLE `blog_admin_navigation`  (
  `id` int(10) UNSIGNED NOT NULL AUTO_INCREMENT,
  `parent_id` bigint(20) DEFAULT NULL,
  `site_id` bigint(20) DEFAULT NULL,
  `site_channel_id` bigint(20) DEFAULT NULL,
  `title` varchar(255) CHARACTER SET utf8mb4 COLLATE utf8mb4_unicode_ci NOT NULL,
  `ico` varchar(255) CHARACTER SET utf8mb4 COLLATE utf8mb4_unicode_ci DEFAULT NULL,
  `sort` int(11) NOT NULL DEFAULT 99,
  `is_show` tinyint(1) NOT NULL DEFAULT 0,
  `is_sys` tinyint(1) NOT NULL DEFAULT 0,
  `created_at` timestamp DEFAULT NULL,
  `updated_at` timestamp DEFAULT NULL,
  PRIMARY KEY (`id`) USING BTREE
) ENGINE = InnoDB AUTO_INCREMENT = 3 CHARACTER SET = utf8mb4 COLLATE = utf8mb4_unicode_ci ROW_FORMAT = Compact;

-- ----------------------------
-- Records of blog_admin_navigation
-- ----------------------------
INSERT INTO `blog_admin_navigation` VALUES (1, NULL, NULL, NULL, '首页', NULL, 99, 1, 1, '2018-10-12 17:52:30', '2018-12-11 17:30:34');
INSERT INTO `blog_admin_navigation` VALUES (2, NULL, NULL, NULL, '分类列表', NULL, 99, 1, 1, '2018-10-12 20:12:22', '2018-10-12 20:13:10');

-- ----------------------------
-- Table structure for blog_admin_navigation_node
-- ----------------------------
DROP TABLE IF EXISTS `blog_admin_navigation_node`;
CREATE TABLE `blog_admin_navigation_node`  (
  `id` bigint(20) UNSIGNED NOT NULL AUTO_INCREMENT,
  `admin_navigation_id` bigint(20) DEFAULT NULL,
  `route_action` varchar(255) CHARACTER SET utf8mb4 COLLATE utf8mb4_unicode_ci NOT NULL,
  `parameter` varchar(255) CHARACTER SET utf8mb4 COLLATE utf8mb4_unicode_ci DEFAULT NULL,
  `title` varchar(255) CHARACTER SET utf8mb4 COLLATE utf8mb4_unicode_ci NOT NULL,
  `sort` int(11) NOT NULL DEFAULT 99,
  `created_at` timestamp DEFAULT NULL,
  `updated_at` timestamp DEFAULT NULL,
  PRIMARY KEY (`id`) USING BTREE
) ENGINE = InnoDB AUTO_INCREMENT = 9 CHARACTER SET = utf8mb4 COLLATE = utf8mb4_unicode_ci ROW_FORMAT = Compact;

-- ----------------------------
-- Records of blog_admin_navigation_node
-- ----------------------------
INSERT INTO `blog_admin_navigation_node` VALUES (1, 1, 'Admin\\IndexController@index', NULL, 'index', 99, NULL, NULL);
INSERT INTO `blog_admin_navigation_node` VALUES (2, 1, 'Admin\\IndexController@info', NULL, 'info', 99, '2018-10-12 17:53:50', '2018-10-12 17:53:50');
INSERT INTO `blog_admin_navigation_node` VALUES (3, 1, 'Admin\\IndexController@pass', NULL, '修改密码', 99, '2018-10-12 17:53:50', '2018-10-12 20:09:50');
INSERT INTO `blog_admin_navigation_node` VALUES (4, 1, 'Admin\\LoginController@quit', NULL, '退出', 99, '2018-10-12 20:09:50', '2018-10-12 20:09:50');
INSERT INTO `blog_admin_navigation_node` VALUES (5, 2, 'Admin\\CategoryController@index', NULL, '列表', 99, NULL, NULL);
INSERT INTO `blog_admin_navigation_node` VALUES (6, 2, 'Admin\\CategoryController@create', NULL, '新增', 99, '2018-10-12 20:13:10', '2018-10-12 20:13:10');
INSERT INTO `blog_admin_navigation_node` VALUES (7, 2, 'Admin\\CategoryController@store', NULL, '添加', 99, '2018-10-12 20:13:10', '2018-10-12 20:13:10');
INSERT INTO `blog_admin_navigation_node` VALUES (8, 1, 'Admin\\IndexController@getClear', NULL, '清理缓存', 99, '2018-12-11 17:30:34', '2018-12-11 17:30:34');

-- ----------------------------
-- Table structure for blog_admin_role
-- ----------------------------
DROP TABLE IF EXISTS `blog_admin_role`;
CREATE TABLE `blog_admin_role`  (
  `id` int(10) UNSIGNED NOT NULL AUTO_INCREMENT,
  `role_name` varchar(32) CHARACTER SET utf8mb4 COLLATE utf8mb4_unicode_ci NOT NULL COMMENT '角色名称',
  `is_super` tinyint(1) NOT NULL DEFAULT 0 COMMENT '是否为超级管理员',
  `is_sys` tinyint(1) NOT NULL DEFAULT 0 COMMENT '是否是系统默认，系统默认不可以删除',
  `created_at` timestamp DEFAULT NULL,
  `updated_at` timestamp DEFAULT NULL,
  PRIMARY KEY (`id`) USING BTREE
) ENGINE = InnoDB AUTO_INCREMENT = 5 CHARACTER SET = utf8mb4 COLLATE = utf8mb4_unicode_ci ROW_FORMAT = Compact;

-- ----------------------------
-- Records of blog_admin_role
-- ----------------------------
INSERT INTO `blog_admin_role` VALUES (1, '超级管理员', 1, 0, '2018-10-08 17:53:44', '2018-10-08 17:53:44');
INSERT INTO `blog_admin_role` VALUES (2, '测试人员', 0, 1, '2018-10-08 17:58:48', '2018-12-11 17:30:42');
INSERT INTO `blog_admin_role` VALUES (3, '运营人员', 0, 0, '2018-10-08 18:02:53', '2018-10-10 16:45:00');
INSERT INTO `blog_admin_role` VALUES (4, '审核人员', 0, 0, '2018-10-09 16:13:06', '2018-10-09 17:23:33');

-- ----------------------------
-- Table structure for blog_admin_role_node
-- ----------------------------
DROP TABLE IF EXISTS `blog_admin_role_node`;
CREATE TABLE `blog_admin_role_node`  (
  `id` int(10) UNSIGNED NOT NULL AUTO_INCREMENT,
  `admin_role_id` bigint(20) NOT NULL,
  `admin_navigation_id` bigint(20) NOT NULL,
  `created_at` timestamp DEFAULT NULL,
  `updated_at` timestamp DEFAULT NULL,
  PRIMARY KEY (`id`) USING BTREE
) ENGINE = InnoDB AUTO_INCREMENT = 6 CHARACTER SET = utf8mb4 COLLATE = utf8mb4_unicode_ci ROW_FORMAT = Compact;

-- ----------------------------
-- Records of blog_admin_role_node
-- ----------------------------
INSERT INTO `blog_admin_role_node` VALUES (4, 2, 1, NULL, NULL);
INSERT INTO `blog_admin_role_node` VALUES (5, 2, 2, NULL, NULL);

-- ----------------------------
-- Table structure for blog_admin_role_node_routes
-- ----------------------------
DROP TABLE IF EXISTS `blog_admin_role_node_routes`;
CREATE TABLE `blog_admin_role_node_routes`  (
  `id` int(10) UNSIGNED NOT NULL AUTO_INCREMENT,
  `admin_role_id` bigint(20) NOT NULL,
  `admin_navigation_node_id` bigint(20) NOT NULL,
  `created_at` timestamp DEFAULT NULL,
  `updated_at` timestamp DEFAULT NULL,
  PRIMARY KEY (`id`) USING BTREE
) ENGINE = InnoDB AUTO_INCREMENT = 18 CHARACTER SET = utf8mb4 COLLATE = utf8mb4_unicode_ci ROW_FORMAT = Compact;

-- ----------------------------
-- Records of blog_admin_role_node_routes
-- ----------------------------
INSERT INTO `blog_admin_role_node_routes` VALUES (10, 2, 1, NULL, NULL);
INSERT INTO `blog_admin_role_node_routes` VALUES (11, 2, 2, NULL, NULL);
INSERT INTO `blog_admin_role_node_routes` VALUES (12, 2, 3, NULL, NULL);
INSERT INTO `blog_admin_role_node_routes` VALUES (13, 2, 4, NULL, NULL);
INSERT INTO `blog_admin_role_node_routes` VALUES (14, 2, 8, NULL, NULL);
INSERT INTO `blog_admin_role_node_routes` VALUES (15, 2, 5, NULL, NULL);
INSERT INTO `blog_admin_role_node_routes` VALUES (16, 2, 6, NULL, NULL);
INSERT INTO `blog_admin_role_node_routes` VALUES (17, 2, 7, NULL, NULL);

-- ----------------------------
-- Table structure for blog_article
-- ----------------------------
DROP TABLE IF EXISTS `blog_article`;
CREATE TABLE `blog_article`  (
  `art_id` int(10) UNSIGNED NOT NULL AUTO_INCREMENT,
  `art_title` varchar(100) CHARACTER SET utf8mb4 COLLATE utf8mb4_unicode_ci NOT NULL,
  `art_tag` varchar(100) CHARACTER SET utf8mb4 COLLATE utf8mb4_unicode_ci DEFAULT NULL,
  `art_discription` varchar(255) CHARACTER SET utf8mb4 COLLATE utf8mb4_unicode_ci DEFAULT NULL,
  `art_thumb` varchar(255) CHARACTER SET utf8mb4 COLLATE utf8mb4_unicode_ci NOT NULL DEFAULT 'default.jpg',
  `art_content` text CHARACTER SET utf8mb4 COLLATE utf8mb4_unicode_ci NOT NULL,
  `art_author` varchar(11) CHARACTER SET utf8mb4 COLLATE utf8mb4_unicode_ci NOT NULL,
  `art_view` int(11) DEFAULT 0,
  `art_time` int(11) DEFAULT NULL,
  `art_order` int(5) NOT NULL DEFAULT 99,
  `cate_id` int(11) NOT NULL,
  `deleted_at` timestamp DEFAULT NULL,
  `created_at` timestamp DEFAULT NULL,
  `updated_at` timestamp DEFAULT NULL,
  PRIMARY KEY (`art_id`) USING BTREE
) ENGINE = InnoDB AUTO_INCREMENT = 13 CHARACTER SET = utf8mb4 COLLATE = utf8mb4_unicode_ci ROW_FORMAT = Compact;

-- ----------------------------
-- Records of blog_article
-- ----------------------------
INSERT INTO `blog_article` VALUES (1, '今日头条千元机大数据报告：联想Z5刷新骁龙636机型性价比纪录', '新闻', NULL, 'uploads/default.jpg', '<p style=\"margin-top: 0px; margin-bottom: 0px; padding: 10px 0px; color: rgb(66, 66, 66); font-size: 1pc; line-height: 30px; font-family: &quot;Microsoft Yahei&quot;, &quot;PingFang SC&quot;, &quot;HanHei SC&quot;, Arial; text-align: justify; white-space: normal; background-color: rgb(255, 255, 255);\">基于海量用户阅读行为数据，今日头条指数近日发布了《千元机大数据洞察报告》。该报告指出，6月刚刚发布的联想Z5刷新了性价比纪录，在6月热门千元机机型中跻身TOP5榜单第二位。</p><p style=\"margin-top: 0px; margin-bottom: 0px; padding: 10px 0px; color: rgb(66, 66, 66); font-size: 1pc; line-height: 30px; font-family: &quot;Microsoft Yahei&quot;, &quot;PingFang SC&quot;, &quot;HanHei SC&quot;, Arial; text-align: justify; white-space: normal; background-color: rgb(255, 255, 255);\">该报告指出，6月份千元机市场呈现出更为多元、百花齐放的品牌格局。联想、诺基亚机型表现出色成为黑马，其中联想Z5以1299元的超值价格，刷新了骁龙636机型的性价比纪录。</p><p style=\"margin-top: 0px; margin-bottom: 0px; padding: 10px 0px; color: rgb(66, 66, 66); font-size: 1pc; line-height: 30px; font-family: &quot;Microsoft Yahei&quot;, &quot;PingFang SC&quot;, &quot;HanHei SC&quot;, Arial; text-align: justify; white-space: normal; background-color: rgb(255, 255, 255);\">该报告同时对比了红米note5和联想Z5、诺基亚X6三款千元机机型在发布会前后的热度。数据显示，联想的品牌关注度最高，联想Z5发售之后超值1299元及90%亮眼屏占比的差异化产品力，让消费者有了更多期待，而在第八天真机发售期间又引发了第二波热议。</p><p style=\"margin-top: 0px; margin-bottom: 0px; padding: 10px 0px; color: rgb(66, 66, 66); font-size: 1pc; line-height: 30px; font-family: &quot;Microsoft Yahei&quot;, &quot;PingFang SC&quot;, &quot;HanHei SC&quot;, Arial; text-align: justify; white-space: normal; background-color: rgb(255, 255, 255);\">此外，该报告还综合消费者对于外观、拍照、新能、游戏、续航等关键关注因素，对联想Z5、红米note5以及诺基亚X6做了与品牌相关度排行。排行显示，联想Z5在各方面都有着均衡的表现——高颜值及出色的性能表现让其在千元机机海汇总脱颖而出。该报告还指出，联想Z5丰富的配色、高屏占比成为国民优品的颜值保障，性能方面超长待机也受到人们的青睐。</p><p><br/></p>', '若风', 0, 1531120754, 99, 1, NULL, '2018-07-09 15:19:14', '2018-07-13 20:32:07');
INSERT INTO `blog_article` VALUES (2, '世界杯快结束了，VAR的故事才刚刚开始呀', '新闻', NULL, 'uploads/default.jpg', '<p style=\"margin-top: 0px; margin-bottom: 0px; padding: 10px 0px; color: rgb(66, 66, 66); font-size: 1pc; line-height: 30px; font-family: &quot;Microsoft Yahei&quot;, &quot;PingFang SC&quot;, &quot;HanHei SC&quot;, Arial; text-align: justify; white-space: normal; background-color: rgb(255, 255, 255);\">其实每一届世界杯，都是“史上最科技的一届”。但俄罗斯世界杯的科技主角，毫无疑问是VAR。</p><p style=\"margin-top: 0px; margin-bottom: 0px; padding: 10px 0px; color: rgb(66, 66, 66); font-size: 1pc; line-height: 30px; font-family: &quot;Microsoft Yahei&quot;, &quot;PingFang SC&quot;, &quot;HanHei SC&quot;, Arial; text-align: justify; white-space: normal; background-color: rgb(255, 255, 255);\">更多的点球、决定胜负的判罚、球迷们开始习惯“VAR时间”，这些变化毫无疑问让VAR技术变成了体育科技绝对的年度焦点。下个赛季，五大联赛中法甲和西甲也会开始使用VAR，这样除了英超之外，欧洲主流联赛基本都会进入“VAR”时代。</p><p style=\"margin-top: 0px; margin-bottom: 0px; padding: 10px 0px; color: rgb(66, 66, 66); font-size: 1pc; line-height: 30px; font-family: &quot;Microsoft Yahei&quot;, &quot;PingFang SC&quot;, &quot;HanHei SC&quot;, Arial; text-align: justify; white-space: normal; background-color: rgb(255, 255, 255);\">但萦绕左右的，却不仅仅是掌声和欢呼，还有争议，甚至谩骂。不久前，摩洛哥球员阿姆拉巴特在西班牙绝杀扳平之后，对着转播摄像头喊出了“VAR就是一坨屎”。这种极端现象背后，是大量名宿、足球评论员，甚至裁判公开批评VAR，而欧冠和英超这两个流量焦点，直到今天还是不愿意对VAR敞开怀抱。</p><p style=\"margin-top: 0px; margin-bottom: 0px; padding: 10px 0px; color: rgb(66, 66, 66); font-size: 1pc; line-height: 30px; font-family: &quot;Microsoft Yahei&quot;, &quot;PingFang SC&quot;, &quot;HanHei SC&quot;, Arial; text-align: justify; white-space: normal; background-color: rgb(255, 255, 255);\">眼看世界杯只剩下不到十场比赛，VAR的争议却似乎刚刚开始。</p>', '白衣少侠', 0, 1531121436, 99, 4, NULL, '2018-07-09 15:30:36', '2018-07-13 20:31:56');
INSERT INTO `blog_article` VALUES (3, '1', NULL, NULL, 'uploads/default.jpg', '<p>1</p>', '白衣少侠', 0, 1531121520, 99, 21, '2018-07-09 17:11:48', '2018-07-09 15:32:00', '2018-07-09 17:11:48');
INSERT INTO `blog_article` VALUES (4, '2', NULL, NULL, 'uploads/default.jpg', '<p>2</p>', '白衣少侠', 0, 1531121574, 99, 21, '2018-07-09 17:11:48', '2018-07-09 15:32:54', '2018-07-09 17:11:48');
INSERT INTO `blog_article` VALUES (5, '4', NULL, NULL, 'uploads/default.jpg', '<p>4</p>', '白衣少侠', 0, 1531121598, 99, 21, '2018-07-09 17:11:48', '2018-07-09 15:33:18', '2018-07-09 17:11:48');
INSERT INTO `blog_article` VALUES (6, '5', NULL, NULL, 'uploads/default.jpg', '<p>5</p>', '白衣少侠', 0, 1531121608, 99, 21, '2018-07-09 17:11:48', '2018-07-09 15:33:28', '2018-07-09 17:11:48');
INSERT INTO `blog_article` VALUES (10, '学霸君CEO张凯磊出席“AI与大数据助力教与学论坛”', NULL, NULL, 'uploads/20180713/20180713210551953.jpg', '<p style=\"margin-top: 0px; margin-bottom: 0px; padding: 10px 0px; color: rgb(66, 66, 66); font-size: 1pc; line-height: 30px; font-family: &quot;Microsoft Yahei&quot;, &quot;PingFang SC&quot;, &quot;HanHei SC&quot;, Arial; text-align: justify; white-space: normal; background-color: rgb(255, 255, 255);\">2018年4月16日，由中国教育学会联合在线教育平台学霸君共同举办的“AI与大数据助力教与学论坛”在北京国家会议中心举行。学霸君创始人张凯磊出席了本次活动，带来了“人工智能如何提升教学效率”的主题分享。</p><p style=\"margin-top: 0px; margin-bottom: 0px; padding: 10px 0px; color: rgb(66, 66, 66); font-size: 1pc; line-height: 30px; font-family: &quot;Microsoft Yahei&quot;, &quot;PingFang SC&quot;, &quot;HanHei SC&quot;, Arial; text-align: justify; white-space: normal; background-color: rgb(255, 255, 255);\">出席本次论坛的还有中国教育考试指导委员会委员戴家干、人大附中总校信息中心主任赵海涛、北京师范大学副教授李玉顺等行业领导、业内知名企业创始人、各大院校代表、媒体代表等。</p>', '白衣少侠', 0, 1531128706, 99, 9, NULL, '2018-07-09 17:31:46', '2018-07-13 21:05:56');
INSERT INTO `blog_article` VALUES (11, '洛洛历险记', '动画', '游戏', 'uploads/default.jpg', '<p><span style=\"color: rgb(77, 77, 77); font-family: -apple-system, &quot;Helvetica Neue&quot;, Helvetica, &quot;Nimbus Sans L&quot;, Arial, &quot;Liberation Sans&quot;, &quot;PingFang SC&quot;, &quot;Hiragino Sans GB&quot;, &quot;Source Han Sans CN&quot;, &quot;Source Han Sans SC&quot;, &quot;Microsoft YaHei&quot;, &quot;Wenquanyi Micro Hei&quot;, &quot;WenQuanYi Zen Hei&quot;, &quot;ST Heiti&quot;, SimHei, &quot;WenQuanYi Zen Hei Sharp&quot;, sans-serif; font-size: 14px; letter-spacing: 1px;\">《洛洛历险记》是我国第一部以变形机器人为主角的大型动画片，完美融合了中国传统武术精髓。主人公“洛洛”，是一个游戏高手，他最擅长玩一个名为“机战王”的电脑游戏。在一个雷电交加的夜晚他突然进入机战王的游戏世界，并成为游戏中机车族的机战王（领袖），一场关于机器人的战役全面打响了。</span></p>', '白衣少侠', 0, 1533607067, 99, 18, NULL, '2018-08-07 09:57:47', '2018-08-07 09:58:45');
INSERT INTO `blog_article` VALUES (12, '微信公众平台：8月8日开始剔除非自然阅读数据', '新闻', '发现微信公众平台上多了一个公告，公告显示微信将于8月8日开始剔除由机器带来的非自然阅读数据，因此会造成新的统计数据与历史数据对比出现一定波动', 'uploads/default.jpg', '<p style=\"margin-top: 0px; margin-bottom: 0px; padding: 10px 0px; color: rgb(66, 66, 66); font-size: 1pc; line-height: 30px; font-family: &quot;Microsoft Yahei&quot;, &quot;PingFang SC&quot;, &quot;HanHei SC&quot;, Arial; text-align: justify; white-space: normal; background-color: rgb(255, 255, 255);\"><span style=\"font-weight: 700;\">以下为公告全文：</span></p><p style=\"margin-top: 0px; margin-bottom: 0px; padding: 10px 0px; color: rgb(66, 66, 66); font-size: 1pc; line-height: 30px; font-family: &quot;Microsoft Yahei&quot;, &quot;PingFang SC&quot;, &quot;HanHei SC&quot;, Arial; text-align: justify; white-space: normal; background-color: rgb(255, 255, 255);\">为保证平台的健康运营，公众号运营后台的文章阅读数据于8月8日开始，剔除机器等非自然阅读带来的虚假数据。因统计口径切换，新的统计数据与历史数据对比可能会出现一定波动，该变动对运营者流量不产生实际影响，请运营者留意。</p>', '白衣少侠', 0, 1533611444, 99, 9, NULL, '2018-08-07 11:10:44', '2018-08-07 11:10:44');

-- ----------------------------
-- Table structure for blog_article_tmp
-- ----------------------------
DROP TABLE IF EXISTS `blog_article_tmp`;
CREATE TABLE `blog_article_tmp`  (
  `id` int(10) UNSIGNED NOT NULL AUTO_INCREMENT,
  `user_id` int(11) NOT NULL,
  `title` varchar(255) CHARACTER SET utf8mb4 COLLATE utf8mb4_unicode_ci DEFAULT NULL,
  `tmp_title` varchar(255) CHARACTER SET utf8mb4 COLLATE utf8mb4_unicode_ci DEFAULT NULL,
  `logo` varchar(255) CHARACTER SET utf8mb4 COLLATE utf8mb4_unicode_ci DEFAULT NULL,
  `article_template` int(11) DEFAULT NULL,
  `tmp_detail` text CHARACTER SET utf8mb4 COLLATE utf8mb4_unicode_ci,
  `click` int(11) NOT NULL DEFAULT 0,
  `number` int(11) NOT NULL DEFAULT 0,
  `status` int(11) NOT NULL DEFAULT 0,
  `comment` varchar(255) CHARACTER SET utf8mb4 COLLATE utf8mb4_unicode_ci DEFAULT NULL,
  `start_time` timestamp DEFAULT NULL,
  `end_time` timestamp DEFAULT NULL,
  `is_del` tinyint(1) NOT NULL DEFAULT 0,
  `deleted_at` timestamp DEFAULT NULL,
  `created_at` timestamp DEFAULT NULL,
  `updated_at` timestamp DEFAULT NULL,
  `sign_up_num` int(11) NOT NULL DEFAULT 0,
  PRIMARY KEY (`id`) USING BTREE
) ENGINE = InnoDB AUTO_INCREMENT = 19 CHARACTER SET = utf8mb4 COLLATE = utf8mb4_unicode_ci ROW_FORMAT = Compact;

-- ----------------------------
-- Records of blog_article_tmp
-- ----------------------------
INSERT INTO `blog_article_tmp` VALUES (4, 1, '3333333', '11', '30', 1, '{\"1\":{\"title\":\"\\u6d3b\\u52a8\\u7b80\\u4ecb\",\"is_show_text\":null,\"is_new_add\":\"0\",\"template_text\":\"\\u54c8\\u54c8\",\"sort\":\"1\",\"is_show_menu\":\"1\"},\"2\":{\"title\":\"\\u6d3b\\u52a8\\u76ee\\u7684\",\"is_show_text\":null,\"is_new_add\":\"0\",\"template_text\":\"\\u563b\\u563b\",\"sort\":\"2\",\"is_show_menu\":\"1\"},\"3\":{\"title\":\"\\u6d3b\\u52a8\\u5185\\u5bb9\",\"is_show_text\":null,\"is_new_add\":\"0\",\"template_text\":\"\\u55ef\\u55ef\",\"sort\":\"3\",\"is_show_menu\":\"1\"},\"4\":{\"title\":\"\\u6d3b\\u52a8\\u5b89\\u6392\",\"is_show_text\":null,\"is_new_add\":\"0\",\"template_text\":\"\\u989d\\u989d\",\"sort\":\"4\",\"is_show_menu\":\"1\"},\"5\":{\"title\":\"\\u6d3b\\u52a8\\u89c4\\u5219\",\"is_show_text\":null,\"is_new_add\":\"0\",\"template_text\":\"\\u65e0\\u8bed\",\"sort\":\"5\",\"is_show_menu\":\"1\"},\"6\":{\"title\":\"\\u6d3b\\u52a8\\u8bbe\\u7f6e\",\"is_show_text\":null,\"is_new_add\":\"0\",\"template_text\":\"\\u4ec0\\u4e48\",\"sort\":\"6\",\"is_show_menu\":\"1\"},\"7\":{\"title\":\"\\u6d3b\\u52a8\\u5956\\u52b1\",\"is_show_text\":null,\"is_new_add\":\"0\",\"template_text\":\"\\u5927\\u4f6c\",\"sort\":\"7\",\"is_show_menu\":\"1\"},\"8\":{\"title\":\"\\u6d3b\\u52a8\\u610f\\u4e49\",\"is_show_text\":null,\"is_new_add\":\"0\",\"template_text\":\"\\u8c01\\u554a\",\"sort\":\"8\",\"is_show_menu\":\"1\"},\"9\":{\"title\":\"\\u6d3b\\u52a8\\u65b9\\u5f0f\",\"is_show_text\":null,\"is_new_add\":\"0\",\"template_text\":\"\\u5728\\u5417\",\"sort\":\"9\",\"is_show_menu\":\"1\"},\"10\":{\"title\":\"\\u6d3b\\u52a8\\u8865\\u5145\",\"is_show_text\":null,\"is_new_add\":\"0\",\"template_text\":\"\\u5389\\u5bb3\",\"sort\":\"10\",\"is_show_menu\":\"1\"}}', 0, 100, 1, NULL, '2018-11-14 00:00:00', '2018-11-14 00:00:00', 0, NULL, '2018-11-14 21:28:11', '2018-11-15 22:29:20', 4);
INSERT INTO `blog_article_tmp` VALUES (6, 1, '22222222222', '11', '23,24', 1, '{\"1\":{\"title\":\"\\u6d3b\\u52a8\\u7b80\\u4ecb\",\"is_show_text\":null,\"is_new_add\":\"0\",\"template_text\":null,\"sort\":\"1\",\"is_show_menu\":\"1\"},\"2\":{\"title\":\"\\u6d3b\\u52a8\\u76ee\\u7684\",\"is_show_text\":null,\"is_new_add\":\"0\",\"template_text\":null,\"sort\":\"2\",\"is_show_menu\":\"1\"},\"3\":{\"title\":\"\\u6d3b\\u52a8\\u5185\\u5bb9\",\"is_show_text\":null,\"is_new_add\":\"0\",\"template_text\":null,\"sort\":\"3\",\"is_show_menu\":\"1\"},\"4\":{\"title\":\"\\u6d3b\\u52a8\\u5b89\\u6392\",\"is_show_text\":null,\"is_new_add\":\"0\",\"template_text\":null,\"sort\":\"4\",\"is_show_menu\":\"1\"},\"5\":{\"title\":\"\\u6d3b\\u52a8\\u89c4\\u5219\",\"is_show_text\":null,\"is_new_add\":\"0\",\"template_text\":null,\"sort\":\"5\",\"is_show_menu\":\"1\"},\"6\":{\"title\":\"\\u6d3b\\u52a8\\u8bbe\\u7f6e\",\"is_show_text\":null,\"is_new_add\":\"0\",\"template_text\":null,\"sort\":\"6\",\"is_show_menu\":\"1\"},\"7\":{\"title\":\"\\u6d3b\\u52a8\\u5956\\u52b1\",\"is_show_text\":null,\"is_new_add\":\"0\",\"template_text\":null,\"sort\":\"7\",\"is_show_menu\":\"1\"},\"8\":{\"title\":\"\\u6d3b\\u52a8\\u610f\\u4e49\",\"is_show_text\":null,\"is_new_add\":\"0\",\"template_text\":null,\"sort\":\"8\",\"is_show_menu\":\"1\"},\"9\":{\"title\":\"\\u6d3b\\u52a8\\u65b9\\u5f0f\",\"is_show_text\":null,\"is_new_add\":\"0\",\"template_text\":null,\"sort\":\"9\",\"is_show_menu\":\"1\"},\"10\":{\"title\":\"\\u6d3b\\u52a8\\u8865\\u5145\",\"is_show_text\":null,\"is_new_add\":\"0\",\"template_text\":null,\"sort\":\"10\",\"is_show_menu\":\"1\"}}', 0, 2, 1, NULL, '2018-11-14 00:00:00', '2018-11-14 00:00:00', 0, NULL, '2018-11-14 21:53:59', '2018-11-15 11:13:05', 0);
INSERT INTO `blog_article_tmp` VALUES (13, 1, '666', '666', NULL, 1, '{\"1\":{\"title\":\"\\u6d3b\\u52a8\\u7b80\\u4ecb\",\"is_show_text\":null,\"is_new_add\":\"0\",\"template_text\":null,\"sort\":\"1\",\"is_show_menu\":\"1\"},\"2\":{\"title\":\"\\u6d3b\\u52a8\\u76ee\\u7684\",\"is_show_text\":null,\"is_new_add\":\"0\",\"template_text\":null,\"sort\":\"2\",\"is_show_menu\":\"1\"},\"3\":{\"title\":\"\\u6d3b\\u52a8\\u5185\\u5bb9\",\"is_show_text\":null,\"is_new_add\":\"0\",\"template_text\":null,\"sort\":\"3\",\"is_show_menu\":\"1\"},\"4\":{\"title\":\"\\u6d3b\\u52a8\\u5b89\\u6392\",\"is_show_text\":null,\"is_new_add\":\"0\",\"template_text\":null,\"sort\":\"4\",\"is_show_menu\":\"1\"},\"5\":{\"title\":\"\\u6d3b\\u52a8\\u89c4\\u5219\",\"is_show_text\":null,\"is_new_add\":\"0\",\"template_text\":null,\"sort\":\"5\",\"is_show_menu\":\"1\"},\"6\":{\"title\":\"\\u6d3b\\u52a8\\u8bbe\\u7f6e\",\"is_show_text\":null,\"is_new_add\":\"0\",\"template_text\":null,\"sort\":\"6\",\"is_show_menu\":\"1\"},\"7\":{\"title\":\"\\u6d3b\\u52a8\\u5956\\u52b1\",\"is_show_text\":null,\"is_new_add\":\"0\",\"template_text\":null,\"sort\":\"7\",\"is_show_menu\":\"1\"},\"8\":{\"title\":\"\\u6d3b\\u52a8\\u610f\\u4e49\",\"is_show_text\":null,\"is_new_add\":\"0\",\"template_text\":null,\"sort\":\"8\",\"is_show_menu\":\"1\"},\"9\":{\"title\":\"\\u6d3b\\u52a8\\u65b9\\u5f0f\",\"is_show_text\":null,\"is_new_add\":\"0\",\"template_text\":null,\"sort\":\"9\",\"is_show_menu\":\"1\"},\"10\":{\"title\":\"\\u6d3b\\u52a8\\u8865\\u5145\",\"is_show_text\":null,\"is_new_add\":\"0\",\"template_text\":null,\"sort\":\"10\",\"is_show_menu\":\"1\"}}', 0, 6, 0, NULL, '2018-11-16 00:00:00', '2018-11-16 09:49:23', 0, NULL, '2018-11-16 09:49:28', '2018-11-16 09:49:28', 0);
INSERT INTO `blog_article_tmp` VALUES (14, 1, '888', '888', NULL, 1, '{\"1\":{\"title\":\"\\u6d3b\\u52a8\\u7b80\\u4ecb\",\"is_show_text\":null,\"is_new_add\":\"0\",\"template_text\":null,\"sort\":\"1\",\"is_show_menu\":\"1\"},\"2\":{\"title\":\"\\u6d3b\\u52a8\\u76ee\\u7684\",\"is_show_text\":null,\"is_new_add\":\"0\",\"template_text\":null,\"sort\":\"2\",\"is_show_menu\":\"1\"},\"3\":{\"title\":\"\\u6d3b\\u52a8\\u5185\\u5bb9\",\"is_show_text\":null,\"is_new_add\":\"0\",\"template_text\":null,\"sort\":\"3\",\"is_show_menu\":\"1\"},\"4\":{\"title\":\"\\u6d3b\\u52a8\\u5b89\\u6392\",\"is_show_text\":null,\"is_new_add\":\"0\",\"template_text\":null,\"sort\":\"4\",\"is_show_menu\":\"1\"},\"5\":{\"title\":\"\\u6d3b\\u52a8\\u89c4\\u5219\",\"is_show_text\":null,\"is_new_add\":\"0\",\"template_text\":null,\"sort\":\"5\",\"is_show_menu\":\"1\"},\"6\":{\"title\":\"\\u6d3b\\u52a8\\u8bbe\\u7f6e\",\"is_show_text\":null,\"is_new_add\":\"0\",\"template_text\":null,\"sort\":\"6\",\"is_show_menu\":\"1\"},\"7\":{\"title\":\"\\u6d3b\\u52a8\\u5956\\u52b1\",\"is_show_text\":null,\"is_new_add\":\"0\",\"template_text\":null,\"sort\":\"7\",\"is_show_menu\":\"1\"},\"8\":{\"title\":\"\\u6d3b\\u52a8\\u610f\\u4e49\",\"is_show_text\":null,\"is_new_add\":\"0\",\"template_text\":null,\"sort\":\"8\",\"is_show_menu\":\"1\"},\"9\":{\"title\":\"\\u6d3b\\u52a8\\u65b9\\u5f0f\",\"is_show_text\":null,\"is_new_add\":\"0\",\"template_text\":null,\"sort\":\"9\",\"is_show_menu\":\"1\"},\"10\":{\"title\":\"\\u6d3b\\u52a8\\u8865\\u5145\",\"is_show_text\":null,\"is_new_add\":\"0\",\"template_text\":null,\"sort\":\"10\",\"is_show_menu\":\"1\"}}', 0, 8, 0, NULL, '2018-11-16 09:52:01', '2018-11-16 09:52:06', 0, NULL, '2018-11-16 09:52:10', '2018-11-16 09:52:10', 0);
INSERT INTO `blog_article_tmp` VALUES (15, 1, '999', '999', NULL, 1, '{\"1\":{\"title\":\"\\u6d3b\\u52a8\\u7b80\\u4ecb\",\"is_show_text\":null,\"is_new_add\":\"0\",\"template_text\":null,\"sort\":\"1\",\"is_show_menu\":\"1\"},\"2\":{\"title\":\"\\u6d3b\\u52a8\\u76ee\\u7684\",\"is_show_text\":null,\"is_new_add\":\"0\",\"template_text\":null,\"sort\":\"2\",\"is_show_menu\":\"1\"},\"3\":{\"title\":\"\\u6d3b\\u52a8\\u5185\\u5bb9\",\"is_show_text\":null,\"is_new_add\":\"0\",\"template_text\":null,\"sort\":\"3\",\"is_show_menu\":\"1\"},\"4\":{\"title\":\"\\u6d3b\\u52a8\\u5b89\\u6392\",\"is_show_text\":null,\"is_new_add\":\"0\",\"template_text\":null,\"sort\":\"4\",\"is_show_menu\":\"1\"},\"5\":{\"title\":\"\\u6d3b\\u52a8\\u89c4\\u5219\",\"is_show_text\":null,\"is_new_add\":\"0\",\"template_text\":null,\"sort\":\"5\",\"is_show_menu\":\"1\"},\"6\":{\"title\":\"\\u6d3b\\u52a8\\u8bbe\\u7f6e\",\"is_show_text\":null,\"is_new_add\":\"0\",\"template_text\":null,\"sort\":\"6\",\"is_show_menu\":\"1\"},\"7\":{\"title\":\"\\u6d3b\\u52a8\\u5956\\u52b1\",\"is_show_text\":null,\"is_new_add\":\"0\",\"template_text\":null,\"sort\":\"7\",\"is_show_menu\":\"1\"},\"8\":{\"title\":\"\\u6d3b\\u52a8\\u610f\\u4e49\",\"is_show_text\":null,\"is_new_add\":\"0\",\"template_text\":null,\"sort\":\"8\",\"is_show_menu\":\"1\"},\"9\":{\"title\":\"\\u6d3b\\u52a8\\u65b9\\u5f0f\",\"is_show_text\":null,\"is_new_add\":\"0\",\"template_text\":null,\"sort\":\"9\",\"is_show_menu\":\"1\"},\"10\":{\"title\":\"\\u6d3b\\u52a8\\u8865\\u5145\",\"is_show_text\":null,\"is_new_add\":\"0\",\"template_text\":null,\"sort\":\"10\",\"is_show_menu\":\"1\"}}', 0, 10, 0, NULL, '2018-11-16 00:00:00', '2018-11-30 00:00:00', 0, NULL, '2018-11-16 09:55:24', '2018-11-16 09:56:57', 0);
INSERT INTO `blog_article_tmp` VALUES (18, 1, '555', '555', NULL, 1, '{\"1\":{\"title\":\"\\u6d3b\\u52a8\\u7b80\\u4ecb\",\"is_show_text\":null,\"is_new_add\":\"0\",\"template_text\":null,\"sort\":\"1\",\"is_show_menu\":\"1\"},\"2\":{\"title\":\"\\u6d3b\\u52a8\\u76ee\\u7684\",\"is_show_text\":null,\"is_new_add\":\"0\",\"template_text\":null,\"sort\":\"2\",\"is_show_menu\":\"1\"},\"3\":{\"title\":\"\\u6d3b\\u52a8\\u5185\\u5bb9\",\"is_show_text\":null,\"is_new_add\":\"0\",\"template_text\":null,\"sort\":\"3\",\"is_show_menu\":\"1\"},\"4\":{\"title\":\"\\u6d3b\\u52a8\\u5b89\\u6392\",\"is_show_text\":null,\"is_new_add\":\"0\",\"template_text\":null,\"sort\":\"4\",\"is_show_menu\":\"1\"},\"5\":{\"title\":\"\\u6d3b\\u52a8\\u89c4\\u5219\",\"is_show_text\":null,\"is_new_add\":\"0\",\"template_text\":null,\"sort\":\"5\",\"is_show_menu\":\"1\"},\"6\":{\"title\":\"\\u6d3b\\u52a8\\u8bbe\\u7f6e\",\"is_show_text\":null,\"is_new_add\":\"0\",\"template_text\":null,\"sort\":\"6\",\"is_show_menu\":\"1\"},\"7\":{\"title\":\"\\u6d3b\\u52a8\\u5956\\u52b1\",\"is_show_text\":null,\"is_new_add\":\"0\",\"template_text\":null,\"sort\":\"7\",\"is_show_menu\":\"1\"},\"8\":{\"title\":\"\\u6d3b\\u52a8\\u610f\\u4e49\",\"is_show_text\":null,\"is_new_add\":\"0\",\"template_text\":null,\"sort\":\"8\",\"is_show_menu\":\"1\"},\"9\":{\"title\":\"\\u6d3b\\u52a8\\u65b9\\u5f0f\",\"is_show_text\":null,\"is_new_add\":\"0\",\"template_text\":null,\"sort\":\"9\",\"is_show_menu\":\"1\"},\"10\":{\"title\":\"\\u6d3b\\u52a8\\u8865\\u5145\",\"is_show_text\":null,\"is_new_add\":\"0\",\"template_text\":null,\"sort\":\"10\",\"is_show_menu\":\"1\"}}', 0, 5, 0, NULL, '2018-11-16 00:00:00', '2018-11-20 00:00:00', 0, NULL, '2018-11-16 10:04:09', '2018-11-16 10:04:09', 0);

-- ----------------------------
-- Table structure for blog_article_tmp_extra_field
-- ----------------------------
DROP TABLE IF EXISTS `blog_article_tmp_extra_field`;
CREATE TABLE `blog_article_tmp_extra_field`  (
  `id` int(10) UNSIGNED NOT NULL AUTO_INCREMENT,
  `user_id` int(11) NOT NULL,
  `article_tmp_id` int(11) NOT NULL,
  `title` varchar(255) CHARACTER SET utf8mb4 COLLATE utf8mb4_unicode_ci NOT NULL,
  `is_required` tinyint(1) NOT NULL DEFAULT 0,
  `field_type` varchar(255) CHARACTER SET utf8mb4 COLLATE utf8mb4_unicode_ci NOT NULL,
  `child` varchar(255) CHARACTER SET utf8mb4 COLLATE utf8mb4_unicode_ci DEFAULT NULL,
  `created_at` timestamp DEFAULT NULL,
  `updated_at` timestamp DEFAULT NULL,
  PRIMARY KEY (`id`) USING BTREE
) ENGINE = InnoDB AUTO_INCREMENT = 11 CHARACTER SET = utf8mb4 COLLATE = utf8mb4_unicode_ci ROW_FORMAT = Compact;

-- ----------------------------
-- Records of blog_article_tmp_extra_field
-- ----------------------------
INSERT INTO `blog_article_tmp_extra_field` VALUES (3, 1, 4, 'wx227', 0, 'text', '', NULL, '2018-11-15 17:56:47');
INSERT INTO `blog_article_tmp_extra_field` VALUES (5, 1, 4, '微信', 0, 'text', '', NULL, NULL);
INSERT INTO `blog_article_tmp_extra_field` VALUES (6, 1, 4, '公司', 0, 'text', '', NULL, NULL);
INSERT INTO `blog_article_tmp_extra_field` VALUES (7, 1, 4, '职位', 0, 'text', '', NULL, NULL);
INSERT INTO `blog_article_tmp_extra_field` VALUES (8, 1, 4, '行业', 0, 'text', '', NULL, NULL);
INSERT INTO `blog_article_tmp_extra_field` VALUES (9, 1, 4, 'QQ', 0, 'text', '', NULL, NULL);
INSERT INTO `blog_article_tmp_extra_field` VALUES (10, 1, 4, '邮件', 0, 'text', '', NULL, NULL);

-- ----------------------------
-- Table structure for blog_article_tmp_extra_field_data
-- ----------------------------
DROP TABLE IF EXISTS `blog_article_tmp_extra_field_data`;
CREATE TABLE `blog_article_tmp_extra_field_data`  (
  `id` int(10) UNSIGNED NOT NULL AUTO_INCREMENT,
  `user_id` int(11) NOT NULL,
  `article_tmp_id` int(11) NOT NULL,
  `article_tmp_extra_field_id` int(11) NOT NULL,
  `value` text CHARACTER SET utf8mb4 COLLATE utf8mb4_unicode_ci,
  `created_at` timestamp DEFAULT NULL,
  `updated_at` timestamp DEFAULT NULL,
  PRIMARY KEY (`id`) USING BTREE
) ENGINE = InnoDB AUTO_INCREMENT = 43 CHARACTER SET = utf8mb4 COLLATE = utf8mb4_unicode_ci ROW_FORMAT = Compact;

-- ----------------------------
-- Records of blog_article_tmp_extra_field_data
-- ----------------------------
INSERT INTO `blog_article_tmp_extra_field_data` VALUES (36, 1, 4, 3, '感', NULL, NULL);
INSERT INTO `blog_article_tmp_extra_field_data` VALUES (37, 1, 4, 5, '谢', NULL, NULL);
INSERT INTO `blog_article_tmp_extra_field_data` VALUES (38, 1, 4, 6, '未', NULL, NULL);
INSERT INTO `blog_article_tmp_extra_field_data` VALUES (39, 1, 4, 7, '来', NULL, NULL);
INSERT INTO `blog_article_tmp_extra_field_data` VALUES (40, 1, 4, 8, '的', NULL, NULL);
INSERT INTO `blog_article_tmp_extra_field_data` VALUES (41, 1, 4, 9, '自', NULL, NULL);
INSERT INTO `blog_article_tmp_extra_field_data` VALUES (42, 1, 4, 10, '己', NULL, NULL);

-- ----------------------------
-- Table structure for blog_article_tmp_images
-- ----------------------------
DROP TABLE IF EXISTS `blog_article_tmp_images`;
CREATE TABLE `blog_article_tmp_images`  (
  `id` int(10) UNSIGNED NOT NULL AUTO_INCREMENT,
  `user_id` int(11) NOT NULL,
  `title` varchar(255) CHARACTER SET utf8mb4 COLLATE utf8mb4_unicode_ci DEFAULT NULL,
  `file_url` varchar(255) CHARACTER SET utf8mb4 COLLATE utf8mb4_unicode_ci NOT NULL,
  `file_size` varchar(255) CHARACTER SET utf8mb4 COLLATE utf8mb4_unicode_ci NOT NULL,
  `file_name` varchar(255) CHARACTER SET utf8mb4 COLLATE utf8mb4_unicode_ci NOT NULL,
  `file_suffix` varchar(255) CHARACTER SET utf8mb4 COLLATE utf8mb4_unicode_ci NOT NULL,
  `file_now_name` varchar(255) CHARACTER SET utf8mb4 COLLATE utf8mb4_unicode_ci DEFAULT NULL,
  `created_at` timestamp DEFAULT NULL,
  `updated_at` timestamp DEFAULT NULL,
  PRIMARY KEY (`id`) USING BTREE
) ENGINE = InnoDB AUTO_INCREMENT = 31 CHARACTER SET = utf8mb4 COLLATE = utf8mb4_unicode_ci ROW_FORMAT = Compact;

-- ----------------------------
-- Records of blog_article_tmp_images
-- ----------------------------
INSERT INTO `blog_article_tmp_images` VALUES (13, 1, NULL, 'image/181114/wEP106QPMbT6GtWxspBOd3500RqSF4rRNW1T3fZ2.jpeg', '154.333984375KB', 'timg (2).jpg', '.jpg', 'wEP106QPMbT6GtWxspBOd3500RqSF4rRNW1T3fZ2', '2018-11-14 21:53:59', '2018-11-14 21:53:59');
INSERT INTO `blog_article_tmp_images` VALUES (14, 1, NULL, 'image/181114/whsL3A6eeduEth0mVKi012IOPFaKsWlIdgGPhicN.jpeg', '232.349609375KB', 'timg.jpg', '.jpg', 'whsL3A6eeduEth0mVKi012IOPFaKsWlIdgGPhicN', '2018-11-14 21:53:59', '2018-11-14 21:53:59');
INSERT INTO `blog_article_tmp_images` VALUES (21, 1, NULL, 'image/181115/sQzAvVXCaPjydgkFdqMzLlUoyldCWPdpH4mv9E7S.jpeg', '94.865234375KB', 'timg (1).jpg', '.jpg', 'sQzAvVXCaPjydgkFdqMzLlUoyldCWPdpH4mv9E7S', '2018-11-15 10:27:10', '2018-11-15 10:27:10');
INSERT INTO `blog_article_tmp_images` VALUES (22, 1, NULL, 'image/181115/sQzAvVXCaPjydgkFdqMzLlUoyldCWPdpH4mv9E7S.jpeg', '94.865234375KB', 'timg (1).jpg', '.jpg', 'sQzAvVXCaPjydgkFdqMzLlUoyldCWPdpH4mv9E7S', '2018-11-15 10:30:10', '2018-11-15 10:30:10');
INSERT INTO `blog_article_tmp_images` VALUES (23, 1, NULL, 'image/181114/wEP106QPMbT6GtWxspBOd3500RqSF4rRNW1T3fZ2.jpeg', '154.333984375KB', 'timg (2).jpg', '.jpg', 'wEP106QPMbT6GtWxspBOd3500RqSF4rRNW1T3fZ2', '2018-11-15 10:37:40', '2018-11-15 10:37:40');
INSERT INTO `blog_article_tmp_images` VALUES (24, 1, NULL, 'image/181114/whsL3A6eeduEth0mVKi012IOPFaKsWlIdgGPhicN.jpeg', '232.349609375KB', 'timg.jpg', '.jpg', 'whsL3A6eeduEth0mVKi012IOPFaKsWlIdgGPhicN', '2018-11-15 10:37:40', '2018-11-15 10:37:40');
INSERT INTO `blog_article_tmp_images` VALUES (25, 1, NULL, 'image/181115/sQzAvVXCaPjydgkFdqMzLlUoyldCWPdpH4mv9E7S.jpeg', '94.865234375KB', 'timg (1).jpg', '.jpg', 'sQzAvVXCaPjydgkFdqMzLlUoyldCWPdpH4mv9E7S', '2018-11-15 11:29:20', '2018-11-15 11:29:20');
INSERT INTO `blog_article_tmp_images` VALUES (26, 1, NULL, 'image/181115/sQzAvVXCaPjydgkFdqMzLlUoyldCWPdpH4mv9E7S.jpeg', '94.865234375KB', 'timg (1).jpg', '.jpg', 'sQzAvVXCaPjydgkFdqMzLlUoyldCWPdpH4mv9E7S', '2018-11-15 11:34:48', '2018-11-15 11:34:48');
INSERT INTO `blog_article_tmp_images` VALUES (27, 1, NULL, 'image/181115/sQzAvVXCaPjydgkFdqMzLlUoyldCWPdpH4mv9E7S.jpeg', '94.865234375KB', 'timg (1).jpg', '.jpg', 'sQzAvVXCaPjydgkFdqMzLlUoyldCWPdpH4mv9E7S', '2018-11-15 11:35:06', '2018-11-15 11:35:06');
INSERT INTO `blog_article_tmp_images` VALUES (28, 1, NULL, 'image/181115/sQzAvVXCaPjydgkFdqMzLlUoyldCWPdpH4mv9E7S.jpeg', '94.865234375KB', 'timg (1).jpg', '.jpg', 'sQzAvVXCaPjydgkFdqMzLlUoyldCWPdpH4mv9E7S', '2018-11-15 13:41:22', '2018-11-15 13:41:22');
INSERT INTO `blog_article_tmp_images` VALUES (29, 1, NULL, 'image/181115/sQzAvVXCaPjydgkFdqMzLlUoyldCWPdpH4mv9E7S.jpeg', '94.865234375KB', 'timg (1).jpg', '.jpg', 'sQzAvVXCaPjydgkFdqMzLlUoyldCWPdpH4mv9E7S', '2018-11-15 17:03:29', '2018-11-15 17:03:29');
INSERT INTO `blog_article_tmp_images` VALUES (30, 1, NULL, 'image/181115/sQzAvVXCaPjydgkFdqMzLlUoyldCWPdpH4mv9E7S.jpeg', '94.865234375KB', 'timg (1).jpg', '.jpg', 'sQzAvVXCaPjydgkFdqMzLlUoyldCWPdpH4mv9E7S', '2018-11-15 17:56:47', '2018-11-15 17:56:47');

-- ----------------------------
-- Table structure for blog_category
-- ----------------------------
DROP TABLE IF EXISTS `blog_category`;
CREATE TABLE `blog_category`  (
  `cate_id` int(11) NOT NULL AUTO_INCREMENT,
  `cate_name` varchar(20) CHARACTER SET utf8 COLLATE utf8_general_ci DEFAULT NULL COMMENT '分类名称',
  `cate_title` varchar(255) CHARACTER SET utf8 COLLATE utf8_general_ci DEFAULT NULL COMMENT '分类说明',
  `cate_keyword` varchar(255) CHARACTER SET utf8 COLLATE utf8_general_ci DEFAULT NULL COMMENT '关键词',
  `cate_discription` varchar(255) CHARACTER SET utf8 COLLATE utf8_general_ci DEFAULT NULL COMMENT '描述',
  `cate_view` int(10) DEFAULT 0 COMMENT '查看次数',
  `cate_order` int(10) NOT NULL DEFAULT 0 COMMENT '分类',
  `cate_pid` int(11) DEFAULT NULL COMMENT '父级',
  PRIMARY KEY (`cate_id`) USING BTREE
) ENGINE = InnoDB AUTO_INCREMENT = 23 CHARACTER SET = utf8 COLLATE = utf8_general_ci ROW_FORMAT = Compact;

-- ----------------------------
-- Records of blog_category
-- ----------------------------
INSERT INTO `blog_category` VALUES (1, '新闻', '搜集国内外新闻', '关键字', NULL, 0, 1, NULL);
INSERT INTO `blog_category` VALUES (2, '体育', '体育', NULL, NULL, 0, 2, 0);
INSERT INTO `blog_category` VALUES (3, '娱乐', '娱乐', NULL, NULL, 0, 2, 0);
INSERT INTO `blog_category` VALUES (4, '热点新闻', '热点新闻', NULL, NULL, 0, 7, 1);
INSERT INTO `blog_category` VALUES (5, '网易新闻', '网易新闻', NULL, NULL, 0, 6, 1);
INSERT INTO `blog_category` VALUES (6, '体育彩票', '彩票', NULL, NULL, 0, 0, 2);
INSERT INTO `blog_category` VALUES (7, '乐视体育', '专业的彩票平台', NULL, NULL, 0, 8, 2);
INSERT INTO `blog_category` VALUES (8, '腾讯体育', '人气最旺的体育平台', NULL, NULL, 0, 0, 2);
INSERT INTO `blog_category` VALUES (9, '中华新闻', '最热门的新闻网之一', NULL, NULL, 0, 2, 1);
INSERT INTO `blog_category` VALUES (10, '欢乐谷', '娱乐风向标', '娱乐,娱乐圈', '搜集最热门的娱乐风向标', 0, 0, 3);
INSERT INTO `blog_category` VALUES (15, '腾讯足球', '连国足都努力了,你还有什么理由放弃?', '足球,国足', '足球,最有效的运动方式之一', 0, 23, 8);
INSERT INTO `blog_category` VALUES (16, '腾讯篮球', '篮球运动是最为提现青春活力', '篮球', '篮球,最好的运动方式之一', 0, 11, 8);
INSERT INTO `blog_category` VALUES (18, '游戏', '游戏，最休闲、最放松、最快乐的方式之一', '游戏、腾讯游戏、网络游戏', '最休闲、最放松、最快乐的方式之一', 0, 1, 0);
INSERT INTO `blog_category` VALUES (19, '腾讯台球', '台球,考验最好的眼力、判断力，思考力之一', '台球、桌球', '考验最好的眼力、判断力，思考力之一', 0, 6, 8);
INSERT INTO `blog_category` VALUES (21, 'Laravel', 'Laravel学院- 优质Laravel中文学习资源平台', 'php框架、laravel', '简洁、优雅的PHP开发框架(PHP Web Framework)', 0, 1, NULL);
INSERT INTO `blog_category` VALUES (22, '12', '12', '123', '12', 0, 12, NULL);

-- ----------------------------
-- Table structure for blog_config
-- ----------------------------
DROP TABLE IF EXISTS `blog_config`;
CREATE TABLE `blog_config`  (
  `id` int(10) UNSIGNED NOT NULL AUTO_INCREMENT,
  `name` varchar(100) CHARACTER SET utf8mb4 COLLATE utf8mb4_unicode_ci DEFAULT NULL,
  `value` text CHARACTER SET utf8mb4 COLLATE utf8mb4_unicode_ci,
  `created_at` timestamp DEFAULT NULL,
  `updated_at` timestamp DEFAULT NULL,
  PRIMARY KEY (`id`) USING BTREE
) ENGINE = InnoDB AUTO_INCREMENT = 21 CHARACTER SET = utf8mb4 COLLATE = utf8mb4_unicode_ci ROW_FORMAT = Compact;

-- ----------------------------
-- Records of blog_config
-- ----------------------------
INSERT INTO `blog_config` VALUES (1, 'sys_ip_admin_limit', 'black', NULL, NULL);
INSERT INTO `blog_config` VALUES (2, 'sys_name', '白衣少侠', NULL, '2018-10-21 16:25:08');
INSERT INTO `blog_config` VALUES (3, 'sys_is_open', '1', NULL, '2018-10-21 16:25:08');
INSERT INTO `blog_config` VALUES (4, 'sys_close_info', '站点关闭提示信息', NULL, '2018-10-21 16:25:08');
INSERT INTO `blog_config` VALUES (5, 'sys_cache_time', '20', NULL, '2018-10-21 16:25:08');
INSERT INTO `blog_config` VALUES (6, 'sys_paginate', '10', NULL, '2018-10-21 16:25:09');
INSERT INTO `blog_config` VALUES (7, 'sys_water', NULL, NULL, NULL);
INSERT INTO `blog_config` VALUES (8, 'file', NULL, NULL, NULL);
INSERT INTO `blog_config` VALUES (9, 'sys_water_bottom', NULL, NULL, NULL);
INSERT INTO `blog_config` VALUES (10, 'sys_water_left', NULL, NULL, NULL);
INSERT INTO `blog_config` VALUES (11, 'sys_qrcode_img', NULL, NULL, NULL);
INSERT INTO `blog_config` VALUES (12, 'sys_qrcode_margin', NULL, NULL, NULL);
INSERT INTO `blog_config` VALUES (13, 'sys_qrcode_size', NULL, NULL, NULL);
INSERT INTO `blog_config` VALUES (14, 'sys_color_red', NULL, NULL, NULL);
INSERT INTO `blog_config` VALUES (15, 'sys_color_green', NULL, NULL, NULL);
INSERT INTO `blog_config` VALUES (16, 'sys_color_blue_red', NULL, NULL, NULL);
INSERT INTO `blog_config` VALUES (17, 'sys_background_color_red', NULL, NULL, NULL);
INSERT INTO `blog_config` VALUES (18, 'sys_background_color_green', NULL, NULL, NULL);
INSERT INTO `blog_config` VALUES (19, 'sys_background_color_blue', NULL, NULL, NULL);
INSERT INTO `blog_config` VALUES (20, 'again_form', 'again_form', '2018-10-20 19:05:45', '2018-10-20 19:57:05');

-- ----------------------------
-- Table structure for blog_email
-- ----------------------------
DROP TABLE IF EXISTS `blog_email`;
CREATE TABLE `blog_email`  (
  `id` int(10) UNSIGNED NOT NULL AUTO_INCREMENT,
  `name` varchar(255) CHARACTER SET utf8mb4 COLLATE utf8mb4_unicode_ci NOT NULL,
  `is_enable` tinyint(1) NOT NULL,
  `key` varchar(255) CHARACTER SET utf8mb4 COLLATE utf8mb4_unicode_ci NOT NULL,
  `created_at` timestamp DEFAULT NULL,
  `updated_at` timestamp DEFAULT NULL,
  PRIMARY KEY (`id`) USING BTREE
) ENGINE = InnoDB AUTO_INCREMENT = 2 CHARACTER SET = utf8mb4 COLLATE = utf8mb4_unicode_ci ROW_FORMAT = Compact;

-- ----------------------------
-- Records of blog_email
-- ----------------------------
INSERT INTO `blog_email` VALUES (1, '126 Email', 1, 'smtp', '2018-10-19 18:52:00', '2018-10-19 18:52:00');

-- ----------------------------
-- Table structure for blog_email_key
-- ----------------------------
DROP TABLE IF EXISTS `blog_email_key`;
CREATE TABLE `blog_email_key`  (
  `id` int(10) UNSIGNED NOT NULL AUTO_INCREMENT,
  `email_id` int(11) NOT NULL,
  `name` varchar(255) CHARACTER SET utf8mb4 COLLATE utf8mb4_unicode_ci NOT NULL,
  `key` varchar(255) CHARACTER SET utf8mb4 COLLATE utf8mb4_unicode_ci NOT NULL,
  `created_at` timestamp DEFAULT NULL,
  `updated_at` timestamp DEFAULT NULL,
  PRIMARY KEY (`id`) USING BTREE
) ENGINE = InnoDB AUTO_INCREMENT = 22 CHARACTER SET = utf8mb4 COLLATE = utf8mb4_unicode_ci ROW_FORMAT = Compact;

-- ----------------------------
-- Records of blog_email_key
-- ----------------------------
INSERT INTO `blog_email_key` VALUES (15, 1, 'smtp.host.1', 'smtp.126.com', NULL, NULL);
INSERT INTO `blog_email_key` VALUES (16, 1, 'smtp.is_ssl.1', 'ssl', NULL, NULL);
INSERT INTO `blog_email_key` VALUES (17, 1, 'smtp.port.1', '465', NULL, NULL);
INSERT INTO `blog_email_key` VALUES (18, 1, 'smtp.from.1', '白衣少侠', NULL, NULL);
INSERT INTO `blog_email_key` VALUES (19, 1, 'smtp.username.1', 'tzf2273465837@126.com', NULL, NULL);
INSERT INTO `blog_email_key` VALUES (20, 1, 'smtp.password.1', '123456', NULL, NULL);
INSERT INTO `blog_email_key` VALUES (21, 1, 'smtp.nick.1', 'by 白衣少侠', NULL, NULL);

-- ----------------------------
-- Table structure for blog_email_log
-- ----------------------------
DROP TABLE IF EXISTS `blog_email_log`;
CREATE TABLE `blog_email_log`  (
  `id` int(10) UNSIGNED NOT NULL AUTO_INCREMENT,
  `email_id` int(11) NOT NULL,
  `send_email` varchar(255) CHARACTER SET utf8mb4 COLLATE utf8mb4_unicode_ci NOT NULL,
  `send_title` varchar(255) CHARACTER SET utf8mb4 COLLATE utf8mb4_unicode_ci NOT NULL,
  `send_content` text CHARACTER SET utf8mb4 COLLATE utf8mb4_unicode_ci NOT NULL,
  `created_at` timestamp DEFAULT NULL,
  `updated_at` timestamp DEFAULT NULL,
  PRIMARY KEY (`id`) USING BTREE
) ENGINE = InnoDB AUTO_INCREMENT = 2 CHARACTER SET = utf8mb4 COLLATE = utf8mb4_unicode_ci ROW_FORMAT = Compact;

-- ----------------------------
-- Records of blog_email_log
-- ----------------------------
INSERT INTO `blog_email_log` VALUES (1, 1, '1174881637@qq.com', 'Email Send Test', 'Email Send Content', '2018-10-19 19:00:08', '2018-10-19 19:00:08');

-- ----------------------------
-- Table structure for blog_failed_jobs
-- ----------------------------
DROP TABLE IF EXISTS `blog_failed_jobs`;
CREATE TABLE `blog_failed_jobs`  (
  `id` bigint(20) UNSIGNED NOT NULL AUTO_INCREMENT,
  `connection` text CHARACTER SET utf8mb4 COLLATE utf8mb4_unicode_ci NOT NULL,
  `queue` text CHARACTER SET utf8mb4 COLLATE utf8mb4_unicode_ci NOT NULL,
  `payload` longtext CHARACTER SET utf8mb4 COLLATE utf8mb4_unicode_ci NOT NULL,
  `exception` longtext CHARACTER SET utf8mb4 COLLATE utf8mb4_unicode_ci NOT NULL,
  `failed_at` timestamp NOT NULL DEFAULT CURRENT_TIMESTAMP,
  PRIMARY KEY (`id`) USING BTREE
) ENGINE = InnoDB AUTO_INCREMENT = 1 CHARACTER SET = utf8mb4 COLLATE = utf8mb4_unicode_ci ROW_FORMAT = Compact;

-- ----------------------------
-- Table structure for blog_file
-- ----------------------------
DROP TABLE IF EXISTS `blog_file`;
CREATE TABLE `blog_file`  (
  `id` int(10) UNSIGNED NOT NULL AUTO_INCREMENT,
  `name` varchar(255) CHARACTER SET utf8mb4 COLLATE utf8mb4_unicode_ci NOT NULL,
  `type` varchar(255) CHARACTER SET utf8mb4 COLLATE utf8mb4_unicode_ci NOT NULL,
  `is_enable` tinyint(1) NOT NULL,
  `key` varchar(255) CHARACTER SET utf8mb4 COLLATE utf8mb4_unicode_ci NOT NULL,
  `created_at` timestamp DEFAULT NULL,
  `updated_at` timestamp DEFAULT NULL,
  PRIMARY KEY (`id`) USING BTREE
) ENGINE = InnoDB AUTO_INCREMENT = 4 CHARACTER SET = utf8mb4 COLLATE = utf8mb4_unicode_ci ROW_FORMAT = Compact;

-- ----------------------------
-- Records of blog_file
-- ----------------------------
INSERT INTO `blog_file` VALUES (1, '文件', 'file', 1, 'local', '2018-03-05 10:26:20', '2018-07-17 10:57:32');
INSERT INTO `blog_file` VALUES (2, '图片', 'image', 1, 'local', '2018-03-05 10:26:20', '2018-07-17 11:01:01');
INSERT INTO `blog_file` VALUES (3, '视频', 'video', 1, 'local', '2018-03-05 10:26:20', '2018-07-17 11:01:04');

-- ----------------------------
-- Table structure for blog_file_key
-- ----------------------------
DROP TABLE IF EXISTS `blog_file_key`;
CREATE TABLE `blog_file_key`  (
  `id` int(10) UNSIGNED NOT NULL AUTO_INCREMENT,
  `file_id` int(11) NOT NULL,
  `name` varchar(255) CHARACTER SET utf8mb4 COLLATE utf8mb4_unicode_ci NOT NULL,
  `key` varchar(255) CHARACTER SET utf8mb4 COLLATE utf8mb4_unicode_ci NOT NULL,
  `created_at` timestamp DEFAULT NULL,
  `updated_at` timestamp DEFAULT NULL,
  PRIMARY KEY (`id`) USING BTREE
) ENGINE = InnoDB AUTO_INCREMENT = 68 CHARACTER SET = utf8mb4 COLLATE = utf8mb4_unicode_ci ROW_FORMAT = Compact;

-- ----------------------------
-- Records of blog_file_key
-- ----------------------------
INSERT INTO `blog_file_key` VALUES (56, 2, 'size.2', '100', '2018-03-05 10:26:20', '2018-03-05 10:26:20');
INSERT INTO `blog_file_key` VALUES (57, 2, 'type.2', 'jpg,png', '2018-03-05 10:26:20', '2018-03-05 10:26:20');
INSERT INTO `blog_file_key` VALUES (58, 2, 'savetype.2', 'ymd', '2018-03-05 10:26:20', '2018-03-05 10:26:20');
INSERT INTO `blog_file_key` VALUES (62, 1, 'size.1', '100', NULL, NULL);
INSERT INTO `blog_file_key` VALUES (63, 1, 'type.1', 'rar,zip,pdf,jpg', NULL, NULL);
INSERT INTO `blog_file_key` VALUES (64, 1, 'savetype.1', 'ymd', NULL, NULL);
INSERT INTO `blog_file_key` VALUES (65, 3, 'size.3', '100', NULL, NULL);
INSERT INTO `blog_file_key` VALUES (66, 3, 'type.3', 'mp4,flv', NULL, NULL);
INSERT INTO `blog_file_key` VALUES (67, 3, 'savetype.3', 'ymd', NULL, NULL);

-- ----------------------------
-- Table structure for blog_images_class
-- ----------------------------
DROP TABLE IF EXISTS `blog_images_class`;
CREATE TABLE `blog_images_class`  (
  `Id` int(10) UNSIGNED NOT NULL AUTO_INCREMENT,
  `Pid` int(11) DEFAULT NULL,
  `Name` varchar(50) CHARACTER SET utf8mb4 COLLATE utf8mb4_unicode_ci DEFAULT NULL,
  `Sort` int(11) DEFAULT NULL,
  `Icon` varchar(50) CHARACTER SET utf8mb4 COLLATE utf8mb4_unicode_ci DEFAULT NULL,
  `IsDel` varchar(11) CHARACTER SET utf8mb4 COLLATE utf8mb4_unicode_ci DEFAULT NULL,
  `Intro` varchar(255) CHARACTER SET utf8mb4 COLLATE utf8mb4_unicode_ci DEFAULT NULL,
  `Time` varchar(20) CHARACTER SET utf8mb4 COLLATE utf8mb4_unicode_ci DEFAULT NULL,
  `SeoTitle` varchar(100) CHARACTER SET utf8mb4 COLLATE utf8mb4_unicode_ci DEFAULT NULL,
  `Keywords` varchar(255) CHARACTER SET utf8mb4 COLLATE utf8mb4_unicode_ci DEFAULT NULL,
  `Description` varchar(255) CHARACTER SET utf8mb4 COLLATE utf8mb4_unicode_ci DEFAULT NULL,
  PRIMARY KEY (`Id`) USING BTREE
) ENGINE = InnoDB AUTO_INCREMENT = 5 CHARACTER SET = utf8mb4 COLLATE = utf8mb4_unicode_ci ROW_FORMAT = Compact;

-- ----------------------------
-- Records of blog_images_class
-- ----------------------------
INSERT INTO `blog_images_class` VALUES (1, NULL, '童年回忆', 99, NULL, NULL, NULL, '2018-07-13 12:14:42', NULL, NULL, NULL);
INSERT INTO `blog_images_class` VALUES (2, 1, '小学', 99, NULL, NULL, NULL, '2018-07-13 12:12:45', NULL, NULL, NULL);
INSERT INTO `blog_images_class` VALUES (3, 1, '初中', 99, NULL, NULL, NULL, '2018-07-13 12:13:33', NULL, NULL, NULL);
INSERT INTO `blog_images_class` VALUES (4, 1, '高中', 99, NULL, NULL, NULL, '2018-07-13 12:14:30', NULL, NULL, NULL);

-- ----------------------------
-- Table structure for blog_images_content
-- ----------------------------
DROP TABLE IF EXISTS `blog_images_content`;
CREATE TABLE `blog_images_content`  (
  `Id` int(10) UNSIGNED NOT NULL AUTO_INCREMENT,
  `ImgClass_Id` int(11) NOT NULL,
  `AnnexId` int(11) DEFAULT NULL,
  `Icon` varchar(255) CHARACTER SET utf8mb4 COLLATE utf8mb4_unicode_ci NOT NULL,
  `Width` int(11) DEFAULT NULL,
  `Height` int(11) DEFAULT NULL,
  PRIMARY KEY (`Id`) USING BTREE
) ENGINE = InnoDB AUTO_INCREMENT = 6 CHARACTER SET = utf8mb4 COLLATE = utf8mb4_unicode_ci ROW_FORMAT = Compact;

-- ----------------------------
-- Records of blog_images_content
-- ----------------------------
INSERT INTO `blog_images_content` VALUES (3, 1, NULL, 'image/180714/CBUO8DAQoYwx9LL5zSlKFN5C8EDGwdglKcOccQTF.jpeg', NULL, NULL);
INSERT INTO `blog_images_content` VALUES (4, 1, NULL, 'image/180714/37cLBcE3LfBgxN06GKjsgJggJ68z0NOGxmmkqvDV.jpeg', NULL, NULL);
INSERT INTO `blog_images_content` VALUES (5, 1, NULL, 'image/180714/LIbhdgsei1u8tGQoyLTuBtvVQuugbb7amm2TdHZf.jpeg', NULL, NULL);

-- ----------------------------
-- Table structure for blog_ip_blacklists
-- ----------------------------
DROP TABLE IF EXISTS `blog_ip_blacklists`;
CREATE TABLE `blog_ip_blacklists`  (
  `id` int(10) UNSIGNED NOT NULL AUTO_INCREMENT,
  `start_ip` varchar(45) CHARACTER SET utf8mb4 COLLATE utf8mb4_unicode_ci NOT NULL,
  `end_ip` varchar(45) CHARACTER SET utf8mb4 COLLATE utf8mb4_unicode_ci NOT NULL,
  `type` varchar(255) CHARACTER SET utf8mb4 COLLATE utf8mb4_unicode_ci NOT NULL,
  `created_at` timestamp DEFAULT NULL,
  `updated_at` timestamp DEFAULT NULL,
  PRIMARY KEY (`id`) USING BTREE
) ENGINE = InnoDB AUTO_INCREMENT = 2 CHARACTER SET = utf8mb4 COLLATE = utf8mb4_unicode_ci ROW_FORMAT = Compact;

-- ----------------------------
-- Records of blog_ip_blacklists
-- ----------------------------
INSERT INTO `blog_ip_blacklists` VALUES (1, '192.168.20.20', '192.168.20.30', 'background', '2018-10-20 09:23:37', '2018-10-20 09:23:37');

-- ----------------------------
-- Table structure for blog_ip_whitelists
-- ----------------------------
DROP TABLE IF EXISTS `blog_ip_whitelists`;
CREATE TABLE `blog_ip_whitelists`  (
  `id` int(10) UNSIGNED NOT NULL AUTO_INCREMENT,
  `start_ip` varchar(45) CHARACTER SET utf8mb4 COLLATE utf8mb4_unicode_ci NOT NULL,
  `end_ip` varchar(45) CHARACTER SET utf8mb4 COLLATE utf8mb4_unicode_ci NOT NULL,
  `type` varchar(255) CHARACTER SET utf8mb4 COLLATE utf8mb4_unicode_ci NOT NULL,
  `created_at` timestamp DEFAULT NULL,
  `updated_at` timestamp DEFAULT NULL,
  PRIMARY KEY (`id`) USING BTREE
) ENGINE = InnoDB AUTO_INCREMENT = 1 CHARACTER SET = utf8mb4 COLLATE = utf8mb4_unicode_ci ROW_FORMAT = Compact;

-- ----------------------------
-- Table structure for blog_jobs
-- ----------------------------
DROP TABLE IF EXISTS `blog_jobs`;
CREATE TABLE `blog_jobs`  (
  `id` bigint(20) UNSIGNED NOT NULL AUTO_INCREMENT,
  `queue` varchar(255) CHARACTER SET utf8mb4 COLLATE utf8mb4_unicode_ci NOT NULL,
  `payload` longtext CHARACTER SET utf8mb4 COLLATE utf8mb4_unicode_ci NOT NULL,
  `attempts` tinyint(3) UNSIGNED NOT NULL,
  `reserved_at` int(10) UNSIGNED DEFAULT NULL,
  `available_at` int(10) UNSIGNED NOT NULL,
  `created_at` int(10) UNSIGNED NOT NULL,
  PRIMARY KEY (`id`) USING BTREE,
  INDEX `jobs_queue_index`(`queue`(191)) USING BTREE
) ENGINE = InnoDB AUTO_INCREMENT = 1 CHARACTER SET = utf8mb4 COLLATE = utf8mb4_unicode_ci ROW_FORMAT = Compact;

-- ----------------------------
-- Table structure for blog_lang_nations
-- ----------------------------
DROP TABLE IF EXISTS `blog_lang_nations`;
CREATE TABLE `blog_lang_nations`  (
  `id` varchar(32) CHARACTER SET utf8mb4 COLLATE utf8mb4_unicode_ci NOT NULL,
  `image_url` varchar(255) CHARACTER SET utf8mb4 COLLATE utf8mb4_unicode_ci NOT NULL COMMENT '国家图片',
  `title` varchar(255) CHARACTER SET utf8mb4 COLLATE utf8mb4_unicode_ci NOT NULL COMMENT '国家',
  `sort` int(11) NOT NULL DEFAULT 99 COMMENT '排序',
  `is_default` tinyint(1) NOT NULL DEFAULT 0 COMMENT '是否默认',
  `is_open` tinyint(1) NOT NULL DEFAULT 0 COMMENT '是否启用',
  `created_at` timestamp DEFAULT NULL,
  `updated_at` timestamp DEFAULT NULL,
  PRIMARY KEY (`id`) USING BTREE
) ENGINE = InnoDB CHARACTER SET = utf8mb4 COLLATE = utf8mb4_unicode_ci ROW_FORMAT = Compact;

-- ----------------------------
-- Records of blog_lang_nations
-- ----------------------------
INSERT INTO `blog_lang_nations` VALUES ('A5zslB9i6SO93B4X68HZhEn5RucRXNV2', '/uploads/images/2018/0926/5581e366-6497-4bd5-aebb-7dd333697bb0.jpg', '中国', 1, 0, 0, '2018-09-26 16:38:01', '2019-03-16 16:57:17');
INSERT INTO `blog_lang_nations` VALUES ('JhSSLJgwzDhcklyQA43LangjfQy8aHmy', '/uploads/images/2019/0316/16689162-a838-4697-98b7-f4b4b1f7742c.jpg', '美国', 2, 1, 1, '2019-03-16 16:54:32', '2019-03-16 16:57:17');

-- ----------------------------
-- Table structure for blog_langs
-- ----------------------------
DROP TABLE IF EXISTS `blog_langs`;
CREATE TABLE `blog_langs`  (
  `id` int(10) UNSIGNED NOT NULL AUTO_INCREMENT,
  `lang_nations_id` varchar(255) CHARACTER SET utf8mb4 COLLATE utf8mb4_unicode_ci NOT NULL COMMENT '所属国家',
  `mark` varchar(255) CHARACTER SET utf8mb4 COLLATE utf8mb4_unicode_ci NOT NULL COMMENT '调用标识',
  `remark` varchar(255) CHARACTER SET utf8mb4 COLLATE utf8mb4_unicode_ci NOT NULL COMMENT '说明',
  `title` varchar(255) CHARACTER SET utf8mb4 COLLATE utf8mb4_unicode_ci NOT NULL COMMENT '语言',
  `sort` int(11) NOT NULL DEFAULT 99 COMMENT '排序',
  `created_at` timestamp DEFAULT NULL,
  `updated_at` timestamp DEFAULT NULL,
  PRIMARY KEY (`id`) USING BTREE
) ENGINE = InnoDB AUTO_INCREMENT = 4 CHARACTER SET = utf8mb4 COLLATE = utf8mb4_unicode_ci ROW_FORMAT = Compact;

-- ----------------------------
-- Records of blog_langs
-- ----------------------------
INSERT INTO `blog_langs` VALUES (2, 'A5zslB9i6SO93B4X68HZhEn5RucRXNV2', 'ww', '测试', '测试', 99, '2019-03-16 16:55:42', '2019-03-16 16:55:42');
INSERT INTO `blog_langs` VALUES (3, 'JhSSLJgwzDhcklyQA43LangjfQy8aHmy', 'ww', '测试', 'test', 99, '2019-03-16 16:55:42', '2019-03-16 16:55:42');

-- ----------------------------
-- Table structure for blog_links
-- ----------------------------
DROP TABLE IF EXISTS `blog_links`;
CREATE TABLE `blog_links`  (
  `link_id` int(10) UNSIGNED NOT NULL AUTO_INCREMENT,
  `link_name` varchar(255) CHARACTER SET utf8mb4 COLLATE utf8mb4_unicode_ci NOT NULL DEFAULT '' COMMENT '名称',
  `link_title` varchar(255) CHARACTER SET utf8mb4 COLLATE utf8mb4_unicode_ci DEFAULT '0' COMMENT '标题',
  `link_url` varchar(255) CHARACTER SET utf8mb4 COLLATE utf8mb4_unicode_ci NOT NULL DEFAULT '' COMMENT '链接',
  `link_order` int(11) DEFAULT 0 COMMENT '排序',
  `link_isdel` tinyint(2) NOT NULL DEFAULT 0 COMMENT '是否删除',
  PRIMARY KEY (`link_id`) USING BTREE
) ENGINE = InnoDB AUTO_INCREMENT = 15 CHARACTER SET = utf8mb4 COLLATE = utf8mb4_unicode_ci ROW_FORMAT = Compact;

-- ----------------------------
-- Records of blog_links
-- ----------------------------
INSERT INTO `blog_links` VALUES (1, '菜鸟学院', '不错的', 'http://www.runoob.com/', 1, 0);
INSERT INTO `blog_links` VALUES (2, 'layer特效', 'layer是一款近年来备受青睐的web弹层组件', 'http://layer.layui.com/', 2, 0);
INSERT INTO `blog_links` VALUES (3, 'laraver学院', 'Laravel框架是一个为Web工匠准备的PHP框架，让你从意大利面条一样杂乱的代码中解放出来，从而快速构建简洁、优雅、功能强大的web应用。', 'http://laravelacademy.org/tags/laravel', 3, 0);
INSERT INTO `blog_links` VALUES (4, '后盾网', '后盾网论坛，人人做后盾', 'http://bbs.houdunwang.com/forum-247-1.html', 4, 0);
INSERT INTO `blog_links` VALUES (5, '离校手续', '离校手续办理情况', 'http://61.187.248.5:8001/lxqkcx.aspx?id=', 5, 0);
INSERT INTO `blog_links` VALUES (6, '在线翻译', '有道词典，你的私人翻译秘书', 'http://fanyi.youdao.com/', 6, 0);
INSERT INTO `blog_links` VALUES (7, '腾讯企业邮箱', '一个码农记录工时的点点滴滴', 'https://exmail.qq.com/login', 1, 0);
INSERT INTO `blog_links` VALUES (9, 'laravel框架', '为 WEB 艺术家创造的 PHP 框架', 'https://www.golaravel.com/', 1, 0);
INSERT INTO `blog_links` VALUES (10, 'PHP中文网之laravel教程', 'php中文网', 'http://www.php.cn/course/283.html', 0, 0);
INSERT INTO `blog_links` VALUES (12, '3', '3', '3', 0, 1);
INSERT INTO `blog_links` VALUES (13, '4', '4', '4', NULL, 1);
INSERT INTO `blog_links` VALUES (14, '爱读书', '好好学习,天天向上', 'https://www.kancloud.cn', 6, 0);

-- ----------------------------
-- Table structure for blog_migrations
-- ----------------------------
DROP TABLE IF EXISTS `blog_migrations`;
CREATE TABLE `blog_migrations`  (
  `id` int(10) UNSIGNED NOT NULL AUTO_INCREMENT,
  `migration` varchar(255) CHARACTER SET utf8mb4 COLLATE utf8mb4_unicode_ci NOT NULL,
  `batch` int(11) NOT NULL,
  PRIMARY KEY (`id`) USING BTREE
) ENGINE = InnoDB AUTO_INCREMENT = 51 CHARACTER SET = utf8mb4 COLLATE = utf8mb4_unicode_ci ROW_FORMAT = Compact;

-- ----------------------------
-- Records of blog_migrations
-- ----------------------------
INSERT INTO `blog_migrations` VALUES (1, '2018_06_16_144025_create_links_table', 1);
INSERT INTO `blog_migrations` VALUES (2, '2018_07_09_141426_create_article_table', 2);
INSERT INTO `blog_migrations` VALUES (3, '2014_10_12_000000_create_users_table', 1);
INSERT INTO `blog_migrations` VALUES (4, '2014_10_12_100000_create_password_resets_table', 3);
INSERT INTO `blog_migrations` VALUES (5, '2018_07_11_194513_create_jobs_table', 3);
INSERT INTO `blog_migrations` VALUES (6, '2018_07_11_201033_create_failed_jobs_table', 4);
INSERT INTO `blog_migrations` VALUES (8, '2018_07_12_203452_create_images_table', 5);
INSERT INTO `blog_migrations` VALUES (9, '2018_07_12_205023_create_images_class_table', 6);
INSERT INTO `blog_migrations` VALUES (12, '2018_07_23_095043_create_category_table', 9);
INSERT INTO `blog_migrations` VALUES (13, '2018_07_23_103145_create_admin_table', 9);
INSERT INTO `blog_migrations` VALUES (14, '2018_07_16_173023_create_tools_list_table', 10);
INSERT INTO `blog_migrations` VALUES (15, '2018_07_13_212357_create_file_table', 11);
INSERT INTO `blog_migrations` VALUES (16, '2018_07_13_212719_create_file_key_table', 11);
INSERT INTO `blog_migrations` VALUES (17, '2018_08_01_103324_create_mobile_member_table', 12);
INSERT INTO `blog_migrations` VALUES (18, '2018_08_01_120719_create_mobile_phone_table', 13);
INSERT INTO `blog_migrations` VALUES (19, '2018_08_01_205404_create_mobile_email_table', 14);
INSERT INTO `blog_migrations` VALUES (20, '2018_08_03_190534_create_mobile_cart_item_table', 15);
INSERT INTO `blog_migrations` VALUES (21, '2018_08_03_213451_create_mobile_order_table', 16);
INSERT INTO `blog_migrations` VALUES (22, '2018_08_03_213909_create_mobile_order_item_table', 16);
INSERT INTO `blog_migrations` VALUES (23, '2018_08_24_192045_create_tools_content_table', 17);
INSERT INTO `blog_migrations` VALUES (24, '2018_08_24_220735_create_tools_content_attache_table', 18);
INSERT INTO `blog_migrations` VALUES (25, '2018_09_25_213429_create_lang_nations_table', 19);
INSERT INTO `blog_migrations` VALUES (26, '2018_09_25_213453_create_langs_table', 19);
INSERT INTO `blog_migrations` VALUES (32, '2018_10_12_161128_create_admin_role_table', 20);
INSERT INTO `blog_migrations` VALUES (33, '2018_10_12_161521_create_admin_navigation_table', 20);
INSERT INTO `blog_migrations` VALUES (34, '2018_10_12_161634_create_admin_navigation_node_table', 20);
INSERT INTO `blog_migrations` VALUES (35, '2018_10_12_161713_create_admin_role_node_table', 20);
INSERT INTO `blog_migrations` VALUES (36, '2018_10_12_161829_create_admin_role_node_routes_table', 20);
INSERT INTO `blog_migrations` VALUES (37, '2018_10_17_203006_create_admin_log_table', 21);
INSERT INTO `blog_migrations` VALUES (38, '2018_10_19_161816_create_email_table', 22);
INSERT INTO `blog_migrations` VALUES (39, '2018_10_19_162359_create_email_key_table', 23);
INSERT INTO `blog_migrations` VALUES (40, '2018_10_19_162503_create_email_log_table', 24);
INSERT INTO `blog_migrations` VALUES (41, '2018_10_19_195652_create_config_table', 25);
INSERT INTO `blog_migrations` VALUES (42, '2018_10_19_201723_create_ip_blacklists_table', 26);
INSERT INTO `blog_migrations` VALUES (43, '2018_10_19_201751_create_ip_whitelists_table', 26);
INSERT INTO `blog_migrations` VALUES (46, '2018_11_12_094518_create_article_tmp_table', 28);
INSERT INTO `blog_migrations` VALUES (47, '2019_04_13_093850_create_sms_table', 29);
INSERT INTO `blog_migrations` VALUES (48, '2019_04_13_093947_create_sms_key_table', 30);
INSERT INTO `blog_migrations` VALUES (49, '2019_04_13_094019_create_sms_logs_table', 31);
INSERT INTO `blog_migrations` VALUES (50, '2019_04_13_094053_create_sms_templates_table', 31);

-- ----------------------------
-- Table structure for blog_mobile_cart_item
-- ----------------------------
DROP TABLE IF EXISTS `blog_mobile_cart_item`;
CREATE TABLE `blog_mobile_cart_item`  (
  `id` int(10) UNSIGNED NOT NULL AUTO_INCREMENT,
  `member_id` int(11) NOT NULL COMMENT '用户ID',
  `product_id` int(11) NOT NULL COMMENT '订单ID',
  `count` int(11) NOT NULL COMMENT '数量',
  `created_at` timestamp DEFAULT NULL,
  `updated_at` timestamp DEFAULT NULL,
  PRIMARY KEY (`id`) USING BTREE
) ENGINE = InnoDB AUTO_INCREMENT = 1 CHARACTER SET = utf8mb4 COLLATE = utf8mb4_unicode_ci ROW_FORMAT = Compact;

-- ----------------------------
-- Table structure for blog_mobile_email
-- ----------------------------
DROP TABLE IF EXISTS `blog_mobile_email`;
CREATE TABLE `blog_mobile_email`  (
  `id` int(10) UNSIGNED NOT NULL AUTO_INCREMENT,
  `member_id` int(11) NOT NULL,
  `code` varchar(32) CHARACTER SET utf8mb4 COLLATE utf8mb4_unicode_ci NOT NULL COMMENT 'UUID标志',
  `deadline` timestamp NOT NULL DEFAULT CURRENT_TIMESTAMP ON UPDATE CURRENT_TIMESTAMP COMMENT '过期时间',
  PRIMARY KEY (`id`) USING BTREE
) ENGINE = InnoDB AUTO_INCREMENT = 4 CHARACTER SET = utf8mb4 COLLATE = utf8mb4_unicode_ci ROW_FORMAT = Compact;

-- ----------------------------
-- Records of blog_mobile_email
-- ----------------------------
INSERT INTO `blog_mobile_email` VALUES (1, 4, '15798b70cb9da5d0bcb080731b39ad61', '2018-08-01 21:44:40');
INSERT INTO `blog_mobile_email` VALUES (2, 3, '82681ebdbfdeff1efd7ba131820e9efc', '2018-08-01 21:44:08');
INSERT INTO `blog_mobile_email` VALUES (3, 2, 'dad76c46e1cd9e02aac7bad8ec37b575', '2018-08-03 14:36:50');

-- ----------------------------
-- Table structure for blog_mobile_member
-- ----------------------------
DROP TABLE IF EXISTS `blog_mobile_member`;
CREATE TABLE `blog_mobile_member`  (
  `id` int(10) UNSIGNED NOT NULL AUTO_INCREMENT,
  `nickname` varchar(20) CHARACTER SET utf8mb4 COLLATE utf8mb4_unicode_ci DEFAULT NULL COMMENT '昵称',
  `phone` varchar(20) CHARACTER SET utf8mb4 COLLATE utf8mb4_unicode_ci DEFAULT NULL COMMENT '手机号',
  `email` varchar(50) CHARACTER SET utf8mb4 COLLATE utf8mb4_unicode_ci DEFAULT NULL COMMENT '邮箱',
  `password` varchar(255) CHARACTER SET utf8mb4 COLLATE utf8mb4_unicode_ci NOT NULL COMMENT '密码',
  `active` int(11) DEFAULT 0 COMMENT '邮箱0未激活1已激活',
  `created_at` timestamp DEFAULT NULL,
  `updated_at` timestamp DEFAULT NULL,
  PRIMARY KEY (`id`) USING BTREE
) ENGINE = InnoDB AUTO_INCREMENT = 3 CHARACTER SET = utf8mb4 COLLATE = utf8mb4_unicode_ci ROW_FORMAT = Compact;

-- ----------------------------
-- Records of blog_mobile_member
-- ----------------------------
INSERT INTO `blog_mobile_member` VALUES (1, NULL, '15217033171', NULL, 'eyJpdiI6ImJTbXpsTWxKanhMd0FqQWE3dkpnWlE9PSIsInZhbHVlIjoiNzhXczhyNkVmSno4Wm9nSkNZcm5NQT09IiwibWFjIjoiZWMzMWI3OTAzNGI1M2VjZGMyZjFmZjA0Y2UyMzFjZjFlNzZhMTc0YzcxMDU2MGE5ZjRlZTFiNzA0YWJkNmUxOCJ9', 1, '2018-08-01 20:12:39', '2018-08-09 09:39:07');
INSERT INTO `blog_mobile_member` VALUES (2, NULL, NULL, '1174881637@qq.com', 'eyJpdiI6IkdNRVM4ZUFkQ0J1OFp4WllIZm0wcEE9PSIsInZhbHVlIjoibm1rU0d6TzMrY2M5RXdmaCszVlVrZz09IiwibWFjIjoiNWUxN2U0ZjEyMTQzYTRkOTAwN2RmYmYyOWNhYzUyOGE1ZGJiZjMxODJmODZiYTFiMmE0MDYyYzA4NDA3M2QzMyJ9', 1, '2018-08-01 21:20:34', '2018-08-02 14:40:26');

-- ----------------------------
-- Table structure for blog_mobile_order
-- ----------------------------
DROP TABLE IF EXISTS `blog_mobile_order`;
CREATE TABLE `blog_mobile_order`  (
  `id` int(10) UNSIGNED NOT NULL AUTO_INCREMENT,
  `name` varchar(50) CHARACTER SET utf8mb4 COLLATE utf8mb4_unicode_ci DEFAULT NULL,
  `member_id` int(11) NOT NULL COMMENT '用户ID',
  `order_no` varchar(50) CHARACTER SET utf8mb4 COLLATE utf8mb4_unicode_ci NOT NULL DEFAULT '' COMMENT '订单号',
  `total_price` double(10, 2) NOT NULL DEFAULT 0.00 COMMENT '总价格',
  `status` int(11) NOT NULL DEFAULT 1 COMMENT '状态',
  `payway` int(11) DEFAULT 1 COMMENT '支付方式',
  `created_at` timestamp DEFAULT NULL,
  `updated_at` timestamp DEFAULT NULL,
  PRIMARY KEY (`id`) USING BTREE
) ENGINE = InnoDB AUTO_INCREMENT = 21 CHARACTER SET = utf8mb4 COLLATE = utf8mb4_unicode_ci ROW_FORMAT = Compact;

-- ----------------------------
-- Records of blog_mobile_order
-- ----------------------------
INSERT INTO `blog_mobile_order` VALUES (10, '《世界杯快结束了，VAR的故事才刚刚开始呀》', 1, 'E153356612110', 99.00, 1, 1, '2018-08-06 22:35:21', '2018-08-06 22:35:21');
INSERT INTO `blog_mobile_order` VALUES (13, '《学霸君CEO张凯磊出席“AI与大数据助力教与学论坛”》', 1, 'E153360010413', 99.00, 1, 1, '2018-08-07 08:01:44', '2018-08-07 08:01:44');
INSERT INTO `blog_mobile_order` VALUES (14, '《世界杯快结束了，VAR的故事才刚刚开始呀》', 1, 'E153360298414', 99.00, 1, 1, '2018-08-07 08:49:44', '2018-08-07 08:49:44');
INSERT INTO `blog_mobile_order` VALUES (15, '《学霸君CEO张凯磊出席“AI与大数据助力教与学论坛”》《世界杯快结束了，VAR的故事才刚刚开始呀》', 1, 'E153360396715', 297.00, 1, 1, '2018-08-07 09:06:07', '2018-08-07 09:06:07');
INSERT INTO `blog_mobile_order` VALUES (16, '《洛洛历险记》', 1, 'E153360927716', 99.00, 1, 1, '2018-08-07 10:34:37', '2018-08-07 10:34:37');
INSERT INTO `blog_mobile_order` VALUES (17, '《学霸君CEO张凯磊出席“AI与大数据助力教与学论坛”》', 1, 'E153364616117', 99.00, 1, 1, '2018-08-07 20:49:21', '2018-08-07 20:49:21');
INSERT INTO `blog_mobile_order` VALUES (18, '《世界杯快结束了，VAR的故事才刚刚开始呀》', 1, 'E153364923218', 99.00, 1, 1, '2018-08-07 21:40:32', '2018-08-07 21:40:32');
INSERT INTO `blog_mobile_order` VALUES (19, '《今日头条千元机大数据报告：联想Z5刷新骁龙636机型性价比纪录》', 2, 'E153381946919', 99.00, 1, 1, '2018-08-09 20:57:49', '2018-08-09 20:57:49');
INSERT INTO `blog_mobile_order` VALUES (20, '《学霸君CEO张凯磊出席“AI与大数据助力教与学论坛”》', 1, 'E153501730420', 99.00, 1, 1, '2018-08-23 17:41:44', '2018-08-23 17:41:44');

-- ----------------------------
-- Table structure for blog_mobile_order_item
-- ----------------------------
DROP TABLE IF EXISTS `blog_mobile_order_item`;
CREATE TABLE `blog_mobile_order_item`  (
  `id` int(10) UNSIGNED NOT NULL AUTO_INCREMENT,
  `order_id` int(11) NOT NULL COMMENT '订单ID',
  `product_id` int(11) NOT NULL COMMENT '产品ID',
  `count` int(11) NOT NULL COMMENT '产品数量',
  `pdt_snapshot` text CHARACTER SET utf8mb4 COLLATE utf8mb4_unicode_ci COMMENT '快照',
  PRIMARY KEY (`id`) USING BTREE
) ENGINE = InnoDB AUTO_INCREMENT = 18 CHARACTER SET = utf8mb4 COLLATE = utf8mb4_unicode_ci ROW_FORMAT = Compact;

-- ----------------------------
-- Records of blog_mobile_order_item
-- ----------------------------
INSERT INTO `blog_mobile_order_item` VALUES (8, 10, 2, 1, '{\"art_id\":2,\"art_title\":\"\\u4e16\\u754c\\u676f\\u5feb\\u7ed3\\u675f\\u4e86\\uff0cVAR\\u7684\\u6545\\u4e8b\\u624d\\u521a\\u521a\\u5f00\\u59cb\\u5440\",\"art_tag\":\"\\u65b0\\u95fb\",\"art_discription\":null,\"art_thumb\":\"uploads\\/default.jpg\",\"art_content\":\"<p style=\\\"margin-top: 0px; margin-bottom: 0px; padding: 10px 0px; color: rgb(66, 66, 66); font-size: 1pc; line-height: 30px; font-family: &quot;Microsoft Yahei&quot;, &quot;PingFang SC&quot;, &quot;HanHei SC&quot;, Arial; text-align: justify; white-space: normal; background-color: rgb(255, 255, 255);\\\">\\u5176\\u5b9e\\u6bcf\\u4e00\\u5c4a\\u4e16\\u754c\\u676f\\uff0c\\u90fd\\u662f\\u201c\\u53f2\\u4e0a\\u6700\\u79d1\\u6280\\u7684\\u4e00\\u5c4a\\u201d\\u3002\\u4f46\\u4fc4\\u7f57\\u65af\\u4e16\\u754c\\u676f\\u7684\\u79d1\\u6280\\u4e3b\\u89d2\\uff0c\\u6beb\\u65e0\\u7591\\u95ee\\u662fVAR\\u3002<\\/p><p style=\\\"margin-top: 0px; margin-bottom: 0px; padding: 10px 0px; color: rgb(66, 66, 66); font-size: 1pc; line-height: 30px; font-family: &quot;Microsoft Yahei&quot;, &quot;PingFang SC&quot;, &quot;HanHei SC&quot;, Arial; text-align: justify; white-space: normal; background-color: rgb(255, 255, 255);\\\">\\u66f4\\u591a\\u7684\\u70b9\\u7403\\u3001\\u51b3\\u5b9a\\u80dc\\u8d1f\\u7684\\u5224\\u7f5a\\u3001\\u7403\\u8ff7\\u4eec\\u5f00\\u59cb\\u4e60\\u60ef\\u201cVAR\\u65f6\\u95f4\\u201d\\uff0c\\u8fd9\\u4e9b\\u53d8\\u5316\\u6beb\\u65e0\\u7591\\u95ee\\u8ba9VAR\\u6280\\u672f\\u53d8\\u6210\\u4e86\\u4f53\\u80b2\\u79d1\\u6280\\u7edd\\u5bf9\\u7684\\u5e74\\u5ea6\\u7126\\u70b9\\u3002\\u4e0b\\u4e2a\\u8d5b\\u5b63\\uff0c\\u4e94\\u5927\\u8054\\u8d5b\\u4e2d\\u6cd5\\u7532\\u548c\\u897f\\u7532\\u4e5f\\u4f1a\\u5f00\\u59cb\\u4f7f\\u7528VAR\\uff0c\\u8fd9\\u6837\\u9664\\u4e86\\u82f1\\u8d85\\u4e4b\\u5916\\uff0c\\u6b27\\u6d32\\u4e3b\\u6d41\\u8054\\u8d5b\\u57fa\\u672c\\u90fd\\u4f1a\\u8fdb\\u5165\\u201cVAR\\u201d\\u65f6\\u4ee3\\u3002<\\/p><p style=\\\"margin-top: 0px; margin-bottom: 0px; padding: 10px 0px; color: rgb(66, 66, 66); font-size: 1pc; line-height: 30px; font-family: &quot;Microsoft Yahei&quot;, &quot;PingFang SC&quot;, &quot;HanHei SC&quot;, Arial; text-align: justify; white-space: normal; background-color: rgb(255, 255, 255);\\\">\\u4f46\\u8426\\u7ed5\\u5de6\\u53f3\\u7684\\uff0c\\u5374\\u4e0d\\u4ec5\\u4ec5\\u662f\\u638c\\u58f0\\u548c\\u6b22\\u547c\\uff0c\\u8fd8\\u6709\\u4e89\\u8bae\\uff0c\\u751a\\u81f3\\u8c29\\u9a82\\u3002\\u4e0d\\u4e45\\u524d\\uff0c\\u6469\\u6d1b\\u54e5\\u7403\\u5458\\u963f\\u59c6\\u62c9\\u5df4\\u7279\\u5728\\u897f\\u73ed\\u7259\\u7edd\\u6740\\u6273\\u5e73\\u4e4b\\u540e\\uff0c\\u5bf9\\u7740\\u8f6c\\u64ad\\u6444\\u50cf\\u5934\\u558a\\u51fa\\u4e86\\u201cVAR\\u5c31\\u662f\\u4e00\\u5768\\u5c4e\\u201d\\u3002\\u8fd9\\u79cd\\u6781\\u7aef\\u73b0\\u8c61\\u80cc\\u540e\\uff0c\\u662f\\u5927\\u91cf\\u540d\\u5bbf\\u3001\\u8db3\\u7403\\u8bc4\\u8bba\\u5458\\uff0c\\u751a\\u81f3\\u88c1\\u5224\\u516c\\u5f00\\u6279\\u8bc4VAR\\uff0c\\u800c\\u6b27\\u51a0\\u548c\\u82f1\\u8d85\\u8fd9\\u4e24\\u4e2a\\u6d41\\u91cf\\u7126\\u70b9\\uff0c\\u76f4\\u5230\\u4eca\\u5929\\u8fd8\\u662f\\u4e0d\\u613f\\u610f\\u5bf9VAR\\u655e\\u5f00\\u6000\\u62b1\\u3002<\\/p><p style=\\\"margin-top: 0px; margin-bottom: 0px; padding: 10px 0px; color: rgb(66, 66, 66); font-size: 1pc; line-height: 30px; font-family: &quot;Microsoft Yahei&quot;, &quot;PingFang SC&quot;, &quot;HanHei SC&quot;, Arial; text-align: justify; white-space: normal; background-color: rgb(255, 255, 255);\\\">\\u773c\\u770b\\u4e16\\u754c\\u676f\\u53ea\\u5269\\u4e0b\\u4e0d\\u5230\\u5341\\u573a\\u6bd4\\u8d5b\\uff0cVAR\\u7684\\u4e89\\u8bae\\u5374\\u4f3c\\u4e4e\\u521a\\u521a\\u5f00\\u59cb\\u3002<\\/p>\",\"art_author\":\"\\u767d\\u8863\\u5c11\\u4fa0\",\"art_view\":0,\"art_time\":1531121436,\"art_order\":99,\"cate_id\":4,\"deleted_at\":null,\"created_at\":\"2018-07-09 15:30:36\",\"updated_at\":\"2018-07-13 20:31:56\"}');
INSERT INTO `blog_mobile_order_item` VALUES (9, 13, 10, 1, '{\"art_id\":10,\"art_title\":\"\\u5b66\\u9738\\u541bCEO\\u5f20\\u51ef\\u78ca\\u51fa\\u5e2d\\u201cAI\\u4e0e\\u5927\\u6570\\u636e\\u52a9\\u529b\\u6559\\u4e0e\\u5b66\\u8bba\\u575b\\u201d\",\"art_tag\":null,\"art_discription\":null,\"art_thumb\":\"uploads\\/20180713\\/20180713210551953.jpg\",\"art_content\":\"<p style=\\\"margin-top: 0px; margin-bottom: 0px; padding: 10px 0px; color: rgb(66, 66, 66); font-size: 1pc; line-height: 30px; font-family: &quot;Microsoft Yahei&quot;, &quot;PingFang SC&quot;, &quot;HanHei SC&quot;, Arial; text-align: justify; white-space: normal; background-color: rgb(255, 255, 255);\\\">2018\\u5e744\\u670816\\u65e5\\uff0c\\u7531\\u4e2d\\u56fd\\u6559\\u80b2\\u5b66\\u4f1a\\u8054\\u5408\\u5728\\u7ebf\\u6559\\u80b2\\u5e73\\u53f0\\u5b66\\u9738\\u541b\\u5171\\u540c\\u4e3e\\u529e\\u7684\\u201cAI\\u4e0e\\u5927\\u6570\\u636e\\u52a9\\u529b\\u6559\\u4e0e\\u5b66\\u8bba\\u575b\\u201d\\u5728\\u5317\\u4eac\\u56fd\\u5bb6\\u4f1a\\u8bae\\u4e2d\\u5fc3\\u4e3e\\u884c\\u3002\\u5b66\\u9738\\u541b\\u521b\\u59cb\\u4eba\\u5f20\\u51ef\\u78ca\\u51fa\\u5e2d\\u4e86\\u672c\\u6b21\\u6d3b\\u52a8\\uff0c\\u5e26\\u6765\\u4e86\\u201c\\u4eba\\u5de5\\u667a\\u80fd\\u5982\\u4f55\\u63d0\\u5347\\u6559\\u5b66\\u6548\\u7387\\u201d\\u7684\\u4e3b\\u9898\\u5206\\u4eab\\u3002<\\/p><p style=\\\"margin-top: 0px; margin-bottom: 0px; padding: 10px 0px; color: rgb(66, 66, 66); font-size: 1pc; line-height: 30px; font-family: &quot;Microsoft Yahei&quot;, &quot;PingFang SC&quot;, &quot;HanHei SC&quot;, Arial; text-align: justify; white-space: normal; background-color: rgb(255, 255, 255);\\\">\\u51fa\\u5e2d\\u672c\\u6b21\\u8bba\\u575b\\u7684\\u8fd8\\u6709\\u4e2d\\u56fd\\u6559\\u80b2\\u8003\\u8bd5\\u6307\\u5bfc\\u59d4\\u5458\\u4f1a\\u59d4\\u5458\\u6234\\u5bb6\\u5e72\\u3001\\u4eba\\u5927\\u9644\\u4e2d\\u603b\\u6821\\u4fe1\\u606f\\u4e2d\\u5fc3\\u4e3b\\u4efb\\u8d75\\u6d77\\u6d9b\\u3001\\u5317\\u4eac\\u5e08\\u8303\\u5927\\u5b66\\u526f\\u6559\\u6388\\u674e\\u7389\\u987a\\u7b49\\u884c\\u4e1a\\u9886\\u5bfc\\u3001\\u4e1a\\u5185\\u77e5\\u540d\\u4f01\\u4e1a\\u521b\\u59cb\\u4eba\\u3001\\u5404\\u5927\\u9662\\u6821\\u4ee3\\u8868\\u3001\\u5a92\\u4f53\\u4ee3\\u8868\\u7b49\\u3002<\\/p>\",\"art_author\":\"\\u767d\\u8863\\u5c11\\u4fa0\",\"art_view\":0,\"art_time\":1531128706,\"art_order\":99,\"cate_id\":9,\"deleted_at\":null,\"created_at\":\"2018-07-09 17:31:46\",\"updated_at\":\"2018-07-13 21:05:56\"}');
INSERT INTO `blog_mobile_order_item` VALUES (10, 14, 2, 1, '{\"art_id\":2,\"art_title\":\"\\u4e16\\u754c\\u676f\\u5feb\\u7ed3\\u675f\\u4e86\\uff0cVAR\\u7684\\u6545\\u4e8b\\u624d\\u521a\\u521a\\u5f00\\u59cb\\u5440\",\"art_tag\":\"\\u65b0\\u95fb\",\"art_discription\":null,\"art_thumb\":\"uploads\\/default.jpg\",\"art_content\":\"<p style=\\\"margin-top: 0px; margin-bottom: 0px; padding: 10px 0px; color: rgb(66, 66, 66); font-size: 1pc; line-height: 30px; font-family: &quot;Microsoft Yahei&quot;, &quot;PingFang SC&quot;, &quot;HanHei SC&quot;, Arial; text-align: justify; white-space: normal; background-color: rgb(255, 255, 255);\\\">\\u5176\\u5b9e\\u6bcf\\u4e00\\u5c4a\\u4e16\\u754c\\u676f\\uff0c\\u90fd\\u662f\\u201c\\u53f2\\u4e0a\\u6700\\u79d1\\u6280\\u7684\\u4e00\\u5c4a\\u201d\\u3002\\u4f46\\u4fc4\\u7f57\\u65af\\u4e16\\u754c\\u676f\\u7684\\u79d1\\u6280\\u4e3b\\u89d2\\uff0c\\u6beb\\u65e0\\u7591\\u95ee\\u662fVAR\\u3002<\\/p><p style=\\\"margin-top: 0px; margin-bottom: 0px; padding: 10px 0px; color: rgb(66, 66, 66); font-size: 1pc; line-height: 30px; font-family: &quot;Microsoft Yahei&quot;, &quot;PingFang SC&quot;, &quot;HanHei SC&quot;, Arial; text-align: justify; white-space: normal; background-color: rgb(255, 255, 255);\\\">\\u66f4\\u591a\\u7684\\u70b9\\u7403\\u3001\\u51b3\\u5b9a\\u80dc\\u8d1f\\u7684\\u5224\\u7f5a\\u3001\\u7403\\u8ff7\\u4eec\\u5f00\\u59cb\\u4e60\\u60ef\\u201cVAR\\u65f6\\u95f4\\u201d\\uff0c\\u8fd9\\u4e9b\\u53d8\\u5316\\u6beb\\u65e0\\u7591\\u95ee\\u8ba9VAR\\u6280\\u672f\\u53d8\\u6210\\u4e86\\u4f53\\u80b2\\u79d1\\u6280\\u7edd\\u5bf9\\u7684\\u5e74\\u5ea6\\u7126\\u70b9\\u3002\\u4e0b\\u4e2a\\u8d5b\\u5b63\\uff0c\\u4e94\\u5927\\u8054\\u8d5b\\u4e2d\\u6cd5\\u7532\\u548c\\u897f\\u7532\\u4e5f\\u4f1a\\u5f00\\u59cb\\u4f7f\\u7528VAR\\uff0c\\u8fd9\\u6837\\u9664\\u4e86\\u82f1\\u8d85\\u4e4b\\u5916\\uff0c\\u6b27\\u6d32\\u4e3b\\u6d41\\u8054\\u8d5b\\u57fa\\u672c\\u90fd\\u4f1a\\u8fdb\\u5165\\u201cVAR\\u201d\\u65f6\\u4ee3\\u3002<\\/p><p style=\\\"margin-top: 0px; margin-bottom: 0px; padding: 10px 0px; color: rgb(66, 66, 66); font-size: 1pc; line-height: 30px; font-family: &quot;Microsoft Yahei&quot;, &quot;PingFang SC&quot;, &quot;HanHei SC&quot;, Arial; text-align: justify; white-space: normal; background-color: rgb(255, 255, 255);\\\">\\u4f46\\u8426\\u7ed5\\u5de6\\u53f3\\u7684\\uff0c\\u5374\\u4e0d\\u4ec5\\u4ec5\\u662f\\u638c\\u58f0\\u548c\\u6b22\\u547c\\uff0c\\u8fd8\\u6709\\u4e89\\u8bae\\uff0c\\u751a\\u81f3\\u8c29\\u9a82\\u3002\\u4e0d\\u4e45\\u524d\\uff0c\\u6469\\u6d1b\\u54e5\\u7403\\u5458\\u963f\\u59c6\\u62c9\\u5df4\\u7279\\u5728\\u897f\\u73ed\\u7259\\u7edd\\u6740\\u6273\\u5e73\\u4e4b\\u540e\\uff0c\\u5bf9\\u7740\\u8f6c\\u64ad\\u6444\\u50cf\\u5934\\u558a\\u51fa\\u4e86\\u201cVAR\\u5c31\\u662f\\u4e00\\u5768\\u5c4e\\u201d\\u3002\\u8fd9\\u79cd\\u6781\\u7aef\\u73b0\\u8c61\\u80cc\\u540e\\uff0c\\u662f\\u5927\\u91cf\\u540d\\u5bbf\\u3001\\u8db3\\u7403\\u8bc4\\u8bba\\u5458\\uff0c\\u751a\\u81f3\\u88c1\\u5224\\u516c\\u5f00\\u6279\\u8bc4VAR\\uff0c\\u800c\\u6b27\\u51a0\\u548c\\u82f1\\u8d85\\u8fd9\\u4e24\\u4e2a\\u6d41\\u91cf\\u7126\\u70b9\\uff0c\\u76f4\\u5230\\u4eca\\u5929\\u8fd8\\u662f\\u4e0d\\u613f\\u610f\\u5bf9VAR\\u655e\\u5f00\\u6000\\u62b1\\u3002<\\/p><p style=\\\"margin-top: 0px; margin-bottom: 0px; padding: 10px 0px; color: rgb(66, 66, 66); font-size: 1pc; line-height: 30px; font-family: &quot;Microsoft Yahei&quot;, &quot;PingFang SC&quot;, &quot;HanHei SC&quot;, Arial; text-align: justify; white-space: normal; background-color: rgb(255, 255, 255);\\\">\\u773c\\u770b\\u4e16\\u754c\\u676f\\u53ea\\u5269\\u4e0b\\u4e0d\\u5230\\u5341\\u573a\\u6bd4\\u8d5b\\uff0cVAR\\u7684\\u4e89\\u8bae\\u5374\\u4f3c\\u4e4e\\u521a\\u521a\\u5f00\\u59cb\\u3002<\\/p>\",\"art_author\":\"\\u767d\\u8863\\u5c11\\u4fa0\",\"art_view\":0,\"art_time\":1531121436,\"art_order\":99,\"cate_id\":4,\"deleted_at\":null,\"created_at\":\"2018-07-09 15:30:36\",\"updated_at\":\"2018-07-13 20:31:56\"}');
INSERT INTO `blog_mobile_order_item` VALUES (11, 15, 10, 2, '{\"art_id\":10,\"art_title\":\"\\u5b66\\u9738\\u541bCEO\\u5f20\\u51ef\\u78ca\\u51fa\\u5e2d\\u201cAI\\u4e0e\\u5927\\u6570\\u636e\\u52a9\\u529b\\u6559\\u4e0e\\u5b66\\u8bba\\u575b\\u201d\",\"art_tag\":null,\"art_discription\":null,\"art_thumb\":\"uploads\\/20180713\\/20180713210551953.jpg\",\"art_content\":\"<p style=\\\"margin-top: 0px; margin-bottom: 0px; padding: 10px 0px; color: rgb(66, 66, 66); font-size: 1pc; line-height: 30px; font-family: &quot;Microsoft Yahei&quot;, &quot;PingFang SC&quot;, &quot;HanHei SC&quot;, Arial; text-align: justify; white-space: normal; background-color: rgb(255, 255, 255);\\\">2018\\u5e744\\u670816\\u65e5\\uff0c\\u7531\\u4e2d\\u56fd\\u6559\\u80b2\\u5b66\\u4f1a\\u8054\\u5408\\u5728\\u7ebf\\u6559\\u80b2\\u5e73\\u53f0\\u5b66\\u9738\\u541b\\u5171\\u540c\\u4e3e\\u529e\\u7684\\u201cAI\\u4e0e\\u5927\\u6570\\u636e\\u52a9\\u529b\\u6559\\u4e0e\\u5b66\\u8bba\\u575b\\u201d\\u5728\\u5317\\u4eac\\u56fd\\u5bb6\\u4f1a\\u8bae\\u4e2d\\u5fc3\\u4e3e\\u884c\\u3002\\u5b66\\u9738\\u541b\\u521b\\u59cb\\u4eba\\u5f20\\u51ef\\u78ca\\u51fa\\u5e2d\\u4e86\\u672c\\u6b21\\u6d3b\\u52a8\\uff0c\\u5e26\\u6765\\u4e86\\u201c\\u4eba\\u5de5\\u667a\\u80fd\\u5982\\u4f55\\u63d0\\u5347\\u6559\\u5b66\\u6548\\u7387\\u201d\\u7684\\u4e3b\\u9898\\u5206\\u4eab\\u3002<\\/p><p style=\\\"margin-top: 0px; margin-bottom: 0px; padding: 10px 0px; color: rgb(66, 66, 66); font-size: 1pc; line-height: 30px; font-family: &quot;Microsoft Yahei&quot;, &quot;PingFang SC&quot;, &quot;HanHei SC&quot;, Arial; text-align: justify; white-space: normal; background-color: rgb(255, 255, 255);\\\">\\u51fa\\u5e2d\\u672c\\u6b21\\u8bba\\u575b\\u7684\\u8fd8\\u6709\\u4e2d\\u56fd\\u6559\\u80b2\\u8003\\u8bd5\\u6307\\u5bfc\\u59d4\\u5458\\u4f1a\\u59d4\\u5458\\u6234\\u5bb6\\u5e72\\u3001\\u4eba\\u5927\\u9644\\u4e2d\\u603b\\u6821\\u4fe1\\u606f\\u4e2d\\u5fc3\\u4e3b\\u4efb\\u8d75\\u6d77\\u6d9b\\u3001\\u5317\\u4eac\\u5e08\\u8303\\u5927\\u5b66\\u526f\\u6559\\u6388\\u674e\\u7389\\u987a\\u7b49\\u884c\\u4e1a\\u9886\\u5bfc\\u3001\\u4e1a\\u5185\\u77e5\\u540d\\u4f01\\u4e1a\\u521b\\u59cb\\u4eba\\u3001\\u5404\\u5927\\u9662\\u6821\\u4ee3\\u8868\\u3001\\u5a92\\u4f53\\u4ee3\\u8868\\u7b49\\u3002<\\/p>\",\"art_author\":\"\\u767d\\u8863\\u5c11\\u4fa0\",\"art_view\":0,\"art_time\":1531128706,\"art_order\":99,\"cate_id\":9,\"deleted_at\":null,\"created_at\":\"2018-07-09 17:31:46\",\"updated_at\":\"2018-07-13 21:05:56\"}');
INSERT INTO `blog_mobile_order_item` VALUES (12, 15, 2, 1, '{\"art_id\":2,\"art_title\":\"\\u4e16\\u754c\\u676f\\u5feb\\u7ed3\\u675f\\u4e86\\uff0cVAR\\u7684\\u6545\\u4e8b\\u624d\\u521a\\u521a\\u5f00\\u59cb\\u5440\",\"art_tag\":\"\\u65b0\\u95fb\",\"art_discription\":null,\"art_thumb\":\"uploads\\/default.jpg\",\"art_content\":\"<p style=\\\"margin-top: 0px; margin-bottom: 0px; padding: 10px 0px; color: rgb(66, 66, 66); font-size: 1pc; line-height: 30px; font-family: &quot;Microsoft Yahei&quot;, &quot;PingFang SC&quot;, &quot;HanHei SC&quot;, Arial; text-align: justify; white-space: normal; background-color: rgb(255, 255, 255);\\\">\\u5176\\u5b9e\\u6bcf\\u4e00\\u5c4a\\u4e16\\u754c\\u676f\\uff0c\\u90fd\\u662f\\u201c\\u53f2\\u4e0a\\u6700\\u79d1\\u6280\\u7684\\u4e00\\u5c4a\\u201d\\u3002\\u4f46\\u4fc4\\u7f57\\u65af\\u4e16\\u754c\\u676f\\u7684\\u79d1\\u6280\\u4e3b\\u89d2\\uff0c\\u6beb\\u65e0\\u7591\\u95ee\\u662fVAR\\u3002<\\/p><p style=\\\"margin-top: 0px; margin-bottom: 0px; padding: 10px 0px; color: rgb(66, 66, 66); font-size: 1pc; line-height: 30px; font-family: &quot;Microsoft Yahei&quot;, &quot;PingFang SC&quot;, &quot;HanHei SC&quot;, Arial; text-align: justify; white-space: normal; background-color: rgb(255, 255, 255);\\\">\\u66f4\\u591a\\u7684\\u70b9\\u7403\\u3001\\u51b3\\u5b9a\\u80dc\\u8d1f\\u7684\\u5224\\u7f5a\\u3001\\u7403\\u8ff7\\u4eec\\u5f00\\u59cb\\u4e60\\u60ef\\u201cVAR\\u65f6\\u95f4\\u201d\\uff0c\\u8fd9\\u4e9b\\u53d8\\u5316\\u6beb\\u65e0\\u7591\\u95ee\\u8ba9VAR\\u6280\\u672f\\u53d8\\u6210\\u4e86\\u4f53\\u80b2\\u79d1\\u6280\\u7edd\\u5bf9\\u7684\\u5e74\\u5ea6\\u7126\\u70b9\\u3002\\u4e0b\\u4e2a\\u8d5b\\u5b63\\uff0c\\u4e94\\u5927\\u8054\\u8d5b\\u4e2d\\u6cd5\\u7532\\u548c\\u897f\\u7532\\u4e5f\\u4f1a\\u5f00\\u59cb\\u4f7f\\u7528VAR\\uff0c\\u8fd9\\u6837\\u9664\\u4e86\\u82f1\\u8d85\\u4e4b\\u5916\\uff0c\\u6b27\\u6d32\\u4e3b\\u6d41\\u8054\\u8d5b\\u57fa\\u672c\\u90fd\\u4f1a\\u8fdb\\u5165\\u201cVAR\\u201d\\u65f6\\u4ee3\\u3002<\\/p><p style=\\\"margin-top: 0px; margin-bottom: 0px; padding: 10px 0px; color: rgb(66, 66, 66); font-size: 1pc; line-height: 30px; font-family: &quot;Microsoft Yahei&quot;, &quot;PingFang SC&quot;, &quot;HanHei SC&quot;, Arial; text-align: justify; white-space: normal; background-color: rgb(255, 255, 255);\\\">\\u4f46\\u8426\\u7ed5\\u5de6\\u53f3\\u7684\\uff0c\\u5374\\u4e0d\\u4ec5\\u4ec5\\u662f\\u638c\\u58f0\\u548c\\u6b22\\u547c\\uff0c\\u8fd8\\u6709\\u4e89\\u8bae\\uff0c\\u751a\\u81f3\\u8c29\\u9a82\\u3002\\u4e0d\\u4e45\\u524d\\uff0c\\u6469\\u6d1b\\u54e5\\u7403\\u5458\\u963f\\u59c6\\u62c9\\u5df4\\u7279\\u5728\\u897f\\u73ed\\u7259\\u7edd\\u6740\\u6273\\u5e73\\u4e4b\\u540e\\uff0c\\u5bf9\\u7740\\u8f6c\\u64ad\\u6444\\u50cf\\u5934\\u558a\\u51fa\\u4e86\\u201cVAR\\u5c31\\u662f\\u4e00\\u5768\\u5c4e\\u201d\\u3002\\u8fd9\\u79cd\\u6781\\u7aef\\u73b0\\u8c61\\u80cc\\u540e\\uff0c\\u662f\\u5927\\u91cf\\u540d\\u5bbf\\u3001\\u8db3\\u7403\\u8bc4\\u8bba\\u5458\\uff0c\\u751a\\u81f3\\u88c1\\u5224\\u516c\\u5f00\\u6279\\u8bc4VAR\\uff0c\\u800c\\u6b27\\u51a0\\u548c\\u82f1\\u8d85\\u8fd9\\u4e24\\u4e2a\\u6d41\\u91cf\\u7126\\u70b9\\uff0c\\u76f4\\u5230\\u4eca\\u5929\\u8fd8\\u662f\\u4e0d\\u613f\\u610f\\u5bf9VAR\\u655e\\u5f00\\u6000\\u62b1\\u3002<\\/p><p style=\\\"margin-top: 0px; margin-bottom: 0px; padding: 10px 0px; color: rgb(66, 66, 66); font-size: 1pc; line-height: 30px; font-family: &quot;Microsoft Yahei&quot;, &quot;PingFang SC&quot;, &quot;HanHei SC&quot;, Arial; text-align: justify; white-space: normal; background-color: rgb(255, 255, 255);\\\">\\u773c\\u770b\\u4e16\\u754c\\u676f\\u53ea\\u5269\\u4e0b\\u4e0d\\u5230\\u5341\\u573a\\u6bd4\\u8d5b\\uff0cVAR\\u7684\\u4e89\\u8bae\\u5374\\u4f3c\\u4e4e\\u521a\\u521a\\u5f00\\u59cb\\u3002<\\/p>\",\"art_author\":\"\\u767d\\u8863\\u5c11\\u4fa0\",\"art_view\":0,\"art_time\":1531121436,\"art_order\":99,\"cate_id\":4,\"deleted_at\":null,\"created_at\":\"2018-07-09 15:30:36\",\"updated_at\":\"2018-07-13 20:31:56\"}');
INSERT INTO `blog_mobile_order_item` VALUES (13, 16, 11, 1, '{\"art_id\":11,\"art_title\":\"\\u6d1b\\u6d1b\\u5386\\u9669\\u8bb0\",\"art_tag\":\"\\u52a8\\u753b\",\"art_discription\":\"\\u6e38\\u620f\",\"art_thumb\":\"uploads\\/default.jpg\",\"art_content\":\"<p><span style=\\\"color: rgb(77, 77, 77); font-family: -apple-system, &quot;Helvetica Neue&quot;, Helvetica, &quot;Nimbus Sans L&quot;, Arial, &quot;Liberation Sans&quot;, &quot;PingFang SC&quot;, &quot;Hiragino Sans GB&quot;, &quot;Source Han Sans CN&quot;, &quot;Source Han Sans SC&quot;, &quot;Microsoft YaHei&quot;, &quot;Wenquanyi Micro Hei&quot;, &quot;WenQuanYi Zen Hei&quot;, &quot;ST Heiti&quot;, SimHei, &quot;WenQuanYi Zen Hei Sharp&quot;, sans-serif; font-size: 14px; letter-spacing: 1px;\\\">\\u300a\\u6d1b\\u6d1b\\u5386\\u9669\\u8bb0\\u300b\\u662f\\u6211\\u56fd\\u7b2c\\u4e00\\u90e8\\u4ee5\\u53d8\\u5f62\\u673a\\u5668\\u4eba\\u4e3a\\u4e3b\\u89d2\\u7684\\u5927\\u578b\\u52a8\\u753b\\u7247\\uff0c\\u5b8c\\u7f8e\\u878d\\u5408\\u4e86\\u4e2d\\u56fd\\u4f20\\u7edf\\u6b66\\u672f\\u7cbe\\u9ad3\\u3002\\u4e3b\\u4eba\\u516c\\u201c\\u6d1b\\u6d1b\\u201d\\uff0c\\u662f\\u4e00\\u4e2a\\u6e38\\u620f\\u9ad8\\u624b\\uff0c\\u4ed6\\u6700\\u64c5\\u957f\\u73a9\\u4e00\\u4e2a\\u540d\\u4e3a\\u201c\\u673a\\u6218\\u738b\\u201d\\u7684\\u7535\\u8111\\u6e38\\u620f\\u3002\\u5728\\u4e00\\u4e2a\\u96f7\\u7535\\u4ea4\\u52a0\\u7684\\u591c\\u665a\\u4ed6\\u7a81\\u7136\\u8fdb\\u5165\\u673a\\u6218\\u738b\\u7684\\u6e38\\u620f\\u4e16\\u754c\\uff0c\\u5e76\\u6210\\u4e3a\\u6e38\\u620f\\u4e2d\\u673a\\u8f66\\u65cf\\u7684\\u673a\\u6218\\u738b\\uff08\\u9886\\u8896\\uff09\\uff0c\\u4e00\\u573a\\u5173\\u4e8e\\u673a\\u5668\\u4eba\\u7684\\u6218\\u5f79\\u5168\\u9762\\u6253\\u54cd\\u4e86\\u3002<\\/span><\\/p>\",\"art_author\":\"\\u767d\\u8863\\u5c11\\u4fa0\",\"art_view\":0,\"art_time\":1533607067,\"art_order\":99,\"cate_id\":18,\"deleted_at\":null,\"created_at\":\"2018-08-07 09:57:47\",\"updated_at\":\"2018-08-07 09:58:45\"}');
INSERT INTO `blog_mobile_order_item` VALUES (14, 17, 10, 1, '{\"art_id\":10,\"art_title\":\"\\u5b66\\u9738\\u541bCEO\\u5f20\\u51ef\\u78ca\\u51fa\\u5e2d\\u201cAI\\u4e0e\\u5927\\u6570\\u636e\\u52a9\\u529b\\u6559\\u4e0e\\u5b66\\u8bba\\u575b\\u201d\",\"art_tag\":null,\"art_discription\":null,\"art_thumb\":\"uploads\\/20180713\\/20180713210551953.jpg\",\"art_content\":\"<p style=\\\"margin-top: 0px; margin-bottom: 0px; padding: 10px 0px; color: rgb(66, 66, 66); font-size: 1pc; line-height: 30px; font-family: &quot;Microsoft Yahei&quot;, &quot;PingFang SC&quot;, &quot;HanHei SC&quot;, Arial; text-align: justify; white-space: normal; background-color: rgb(255, 255, 255);\\\">2018\\u5e744\\u670816\\u65e5\\uff0c\\u7531\\u4e2d\\u56fd\\u6559\\u80b2\\u5b66\\u4f1a\\u8054\\u5408\\u5728\\u7ebf\\u6559\\u80b2\\u5e73\\u53f0\\u5b66\\u9738\\u541b\\u5171\\u540c\\u4e3e\\u529e\\u7684\\u201cAI\\u4e0e\\u5927\\u6570\\u636e\\u52a9\\u529b\\u6559\\u4e0e\\u5b66\\u8bba\\u575b\\u201d\\u5728\\u5317\\u4eac\\u56fd\\u5bb6\\u4f1a\\u8bae\\u4e2d\\u5fc3\\u4e3e\\u884c\\u3002\\u5b66\\u9738\\u541b\\u521b\\u59cb\\u4eba\\u5f20\\u51ef\\u78ca\\u51fa\\u5e2d\\u4e86\\u672c\\u6b21\\u6d3b\\u52a8\\uff0c\\u5e26\\u6765\\u4e86\\u201c\\u4eba\\u5de5\\u667a\\u80fd\\u5982\\u4f55\\u63d0\\u5347\\u6559\\u5b66\\u6548\\u7387\\u201d\\u7684\\u4e3b\\u9898\\u5206\\u4eab\\u3002<\\/p><p style=\\\"margin-top: 0px; margin-bottom: 0px; padding: 10px 0px; color: rgb(66, 66, 66); font-size: 1pc; line-height: 30px; font-family: &quot;Microsoft Yahei&quot;, &quot;PingFang SC&quot;, &quot;HanHei SC&quot;, Arial; text-align: justify; white-space: normal; background-color: rgb(255, 255, 255);\\\">\\u51fa\\u5e2d\\u672c\\u6b21\\u8bba\\u575b\\u7684\\u8fd8\\u6709\\u4e2d\\u56fd\\u6559\\u80b2\\u8003\\u8bd5\\u6307\\u5bfc\\u59d4\\u5458\\u4f1a\\u59d4\\u5458\\u6234\\u5bb6\\u5e72\\u3001\\u4eba\\u5927\\u9644\\u4e2d\\u603b\\u6821\\u4fe1\\u606f\\u4e2d\\u5fc3\\u4e3b\\u4efb\\u8d75\\u6d77\\u6d9b\\u3001\\u5317\\u4eac\\u5e08\\u8303\\u5927\\u5b66\\u526f\\u6559\\u6388\\u674e\\u7389\\u987a\\u7b49\\u884c\\u4e1a\\u9886\\u5bfc\\u3001\\u4e1a\\u5185\\u77e5\\u540d\\u4f01\\u4e1a\\u521b\\u59cb\\u4eba\\u3001\\u5404\\u5927\\u9662\\u6821\\u4ee3\\u8868\\u3001\\u5a92\\u4f53\\u4ee3\\u8868\\u7b49\\u3002<\\/p>\",\"art_author\":\"\\u767d\\u8863\\u5c11\\u4fa0\",\"art_view\":0,\"art_time\":1531128706,\"art_order\":99,\"cate_id\":9,\"deleted_at\":null,\"created_at\":\"2018-07-09 17:31:46\",\"updated_at\":\"2018-07-13 21:05:56\"}');
INSERT INTO `blog_mobile_order_item` VALUES (15, 18, 2, 1, '{\"art_id\":2,\"art_title\":\"\\u4e16\\u754c\\u676f\\u5feb\\u7ed3\\u675f\\u4e86\\uff0cVAR\\u7684\\u6545\\u4e8b\\u624d\\u521a\\u521a\\u5f00\\u59cb\\u5440\",\"art_tag\":\"\\u65b0\\u95fb\",\"art_discription\":null,\"art_thumb\":\"uploads\\/default.jpg\",\"art_content\":\"<p style=\\\"margin-top: 0px; margin-bottom: 0px; padding: 10px 0px; color: rgb(66, 66, 66); font-size: 1pc; line-height: 30px; font-family: &quot;Microsoft Yahei&quot;, &quot;PingFang SC&quot;, &quot;HanHei SC&quot;, Arial; text-align: justify; white-space: normal; background-color: rgb(255, 255, 255);\\\">\\u5176\\u5b9e\\u6bcf\\u4e00\\u5c4a\\u4e16\\u754c\\u676f\\uff0c\\u90fd\\u662f\\u201c\\u53f2\\u4e0a\\u6700\\u79d1\\u6280\\u7684\\u4e00\\u5c4a\\u201d\\u3002\\u4f46\\u4fc4\\u7f57\\u65af\\u4e16\\u754c\\u676f\\u7684\\u79d1\\u6280\\u4e3b\\u89d2\\uff0c\\u6beb\\u65e0\\u7591\\u95ee\\u662fVAR\\u3002<\\/p><p style=\\\"margin-top: 0px; margin-bottom: 0px; padding: 10px 0px; color: rgb(66, 66, 66); font-size: 1pc; line-height: 30px; font-family: &quot;Microsoft Yahei&quot;, &quot;PingFang SC&quot;, &quot;HanHei SC&quot;, Arial; text-align: justify; white-space: normal; background-color: rgb(255, 255, 255);\\\">\\u66f4\\u591a\\u7684\\u70b9\\u7403\\u3001\\u51b3\\u5b9a\\u80dc\\u8d1f\\u7684\\u5224\\u7f5a\\u3001\\u7403\\u8ff7\\u4eec\\u5f00\\u59cb\\u4e60\\u60ef\\u201cVAR\\u65f6\\u95f4\\u201d\\uff0c\\u8fd9\\u4e9b\\u53d8\\u5316\\u6beb\\u65e0\\u7591\\u95ee\\u8ba9VAR\\u6280\\u672f\\u53d8\\u6210\\u4e86\\u4f53\\u80b2\\u79d1\\u6280\\u7edd\\u5bf9\\u7684\\u5e74\\u5ea6\\u7126\\u70b9\\u3002\\u4e0b\\u4e2a\\u8d5b\\u5b63\\uff0c\\u4e94\\u5927\\u8054\\u8d5b\\u4e2d\\u6cd5\\u7532\\u548c\\u897f\\u7532\\u4e5f\\u4f1a\\u5f00\\u59cb\\u4f7f\\u7528VAR\\uff0c\\u8fd9\\u6837\\u9664\\u4e86\\u82f1\\u8d85\\u4e4b\\u5916\\uff0c\\u6b27\\u6d32\\u4e3b\\u6d41\\u8054\\u8d5b\\u57fa\\u672c\\u90fd\\u4f1a\\u8fdb\\u5165\\u201cVAR\\u201d\\u65f6\\u4ee3\\u3002<\\/p><p style=\\\"margin-top: 0px; margin-bottom: 0px; padding: 10px 0px; color: rgb(66, 66, 66); font-size: 1pc; line-height: 30px; font-family: &quot;Microsoft Yahei&quot;, &quot;PingFang SC&quot;, &quot;HanHei SC&quot;, Arial; text-align: justify; white-space: normal; background-color: rgb(255, 255, 255);\\\">\\u4f46\\u8426\\u7ed5\\u5de6\\u53f3\\u7684\\uff0c\\u5374\\u4e0d\\u4ec5\\u4ec5\\u662f\\u638c\\u58f0\\u548c\\u6b22\\u547c\\uff0c\\u8fd8\\u6709\\u4e89\\u8bae\\uff0c\\u751a\\u81f3\\u8c29\\u9a82\\u3002\\u4e0d\\u4e45\\u524d\\uff0c\\u6469\\u6d1b\\u54e5\\u7403\\u5458\\u963f\\u59c6\\u62c9\\u5df4\\u7279\\u5728\\u897f\\u73ed\\u7259\\u7edd\\u6740\\u6273\\u5e73\\u4e4b\\u540e\\uff0c\\u5bf9\\u7740\\u8f6c\\u64ad\\u6444\\u50cf\\u5934\\u558a\\u51fa\\u4e86\\u201cVAR\\u5c31\\u662f\\u4e00\\u5768\\u5c4e\\u201d\\u3002\\u8fd9\\u79cd\\u6781\\u7aef\\u73b0\\u8c61\\u80cc\\u540e\\uff0c\\u662f\\u5927\\u91cf\\u540d\\u5bbf\\u3001\\u8db3\\u7403\\u8bc4\\u8bba\\u5458\\uff0c\\u751a\\u81f3\\u88c1\\u5224\\u516c\\u5f00\\u6279\\u8bc4VAR\\uff0c\\u800c\\u6b27\\u51a0\\u548c\\u82f1\\u8d85\\u8fd9\\u4e24\\u4e2a\\u6d41\\u91cf\\u7126\\u70b9\\uff0c\\u76f4\\u5230\\u4eca\\u5929\\u8fd8\\u662f\\u4e0d\\u613f\\u610f\\u5bf9VAR\\u655e\\u5f00\\u6000\\u62b1\\u3002<\\/p><p style=\\\"margin-top: 0px; margin-bottom: 0px; padding: 10px 0px; color: rgb(66, 66, 66); font-size: 1pc; line-height: 30px; font-family: &quot;Microsoft Yahei&quot;, &quot;PingFang SC&quot;, &quot;HanHei SC&quot;, Arial; text-align: justify; white-space: normal; background-color: rgb(255, 255, 255);\\\">\\u773c\\u770b\\u4e16\\u754c\\u676f\\u53ea\\u5269\\u4e0b\\u4e0d\\u5230\\u5341\\u573a\\u6bd4\\u8d5b\\uff0cVAR\\u7684\\u4e89\\u8bae\\u5374\\u4f3c\\u4e4e\\u521a\\u521a\\u5f00\\u59cb\\u3002<\\/p>\",\"art_author\":\"\\u767d\\u8863\\u5c11\\u4fa0\",\"art_view\":0,\"art_time\":1531121436,\"art_order\":99,\"cate_id\":4,\"deleted_at\":null,\"created_at\":\"2018-07-09 15:30:36\",\"updated_at\":\"2018-07-13 20:31:56\"}');
INSERT INTO `blog_mobile_order_item` VALUES (16, 19, 1, 1, '{\"art_id\":1,\"art_title\":\"\\u4eca\\u65e5\\u5934\\u6761\\u5343\\u5143\\u673a\\u5927\\u6570\\u636e\\u62a5\\u544a\\uff1a\\u8054\\u60f3Z5\\u5237\\u65b0\\u9a81\\u9f99636\\u673a\\u578b\\u6027\\u4ef7\\u6bd4\\u7eaa\\u5f55\",\"art_tag\":\"\\u65b0\\u95fb\",\"art_discription\":null,\"art_thumb\":\"uploads\\/default.jpg\",\"art_content\":\"<p style=\\\"margin-top: 0px; margin-bottom: 0px; padding: 10px 0px; color: rgb(66, 66, 66); font-size: 1pc; line-height: 30px; font-family: &quot;Microsoft Yahei&quot;, &quot;PingFang SC&quot;, &quot;HanHei SC&quot;, Arial; text-align: justify; white-space: normal; background-color: rgb(255, 255, 255);\\\">\\u57fa\\u4e8e\\u6d77\\u91cf\\u7528\\u6237\\u9605\\u8bfb\\u884c\\u4e3a\\u6570\\u636e\\uff0c\\u4eca\\u65e5\\u5934\\u6761\\u6307\\u6570\\u8fd1\\u65e5\\u53d1\\u5e03\\u4e86\\u300a\\u5343\\u5143\\u673a\\u5927\\u6570\\u636e\\u6d1e\\u5bdf\\u62a5\\u544a\\u300b\\u3002\\u8be5\\u62a5\\u544a\\u6307\\u51fa\\uff0c6\\u6708\\u521a\\u521a\\u53d1\\u5e03\\u7684\\u8054\\u60f3Z5\\u5237\\u65b0\\u4e86\\u6027\\u4ef7\\u6bd4\\u7eaa\\u5f55\\uff0c\\u57286\\u6708\\u70ed\\u95e8\\u5343\\u5143\\u673a\\u673a\\u578b\\u4e2d\\u8dfb\\u8eabTOP5\\u699c\\u5355\\u7b2c\\u4e8c\\u4f4d\\u3002<\\/p><p style=\\\"margin-top: 0px; margin-bottom: 0px; padding: 10px 0px; color: rgb(66, 66, 66); font-size: 1pc; line-height: 30px; font-family: &quot;Microsoft Yahei&quot;, &quot;PingFang SC&quot;, &quot;HanHei SC&quot;, Arial; text-align: justify; white-space: normal; background-color: rgb(255, 255, 255);\\\">\\u8be5\\u62a5\\u544a\\u6307\\u51fa\\uff0c6\\u6708\\u4efd\\u5343\\u5143\\u673a\\u5e02\\u573a\\u5448\\u73b0\\u51fa\\u66f4\\u4e3a\\u591a\\u5143\\u3001\\u767e\\u82b1\\u9f50\\u653e\\u7684\\u54c1\\u724c\\u683c\\u5c40\\u3002\\u8054\\u60f3\\u3001\\u8bfa\\u57fa\\u4e9a\\u673a\\u578b\\u8868\\u73b0\\u51fa\\u8272\\u6210\\u4e3a\\u9ed1\\u9a6c\\uff0c\\u5176\\u4e2d\\u8054\\u60f3Z5\\u4ee51299\\u5143\\u7684\\u8d85\\u503c\\u4ef7\\u683c\\uff0c\\u5237\\u65b0\\u4e86\\u9a81\\u9f99636\\u673a\\u578b\\u7684\\u6027\\u4ef7\\u6bd4\\u7eaa\\u5f55\\u3002<\\/p><p style=\\\"margin-top: 0px; margin-bottom: 0px; padding: 10px 0px; color: rgb(66, 66, 66); font-size: 1pc; line-height: 30px; font-family: &quot;Microsoft Yahei&quot;, &quot;PingFang SC&quot;, &quot;HanHei SC&quot;, Arial; text-align: justify; white-space: normal; background-color: rgb(255, 255, 255);\\\">\\u8be5\\u62a5\\u544a\\u540c\\u65f6\\u5bf9\\u6bd4\\u4e86\\u7ea2\\u7c73note5\\u548c\\u8054\\u60f3Z5\\u3001\\u8bfa\\u57fa\\u4e9aX6\\u4e09\\u6b3e\\u5343\\u5143\\u673a\\u673a\\u578b\\u5728\\u53d1\\u5e03\\u4f1a\\u524d\\u540e\\u7684\\u70ed\\u5ea6\\u3002\\u6570\\u636e\\u663e\\u793a\\uff0c\\u8054\\u60f3\\u7684\\u54c1\\u724c\\u5173\\u6ce8\\u5ea6\\u6700\\u9ad8\\uff0c\\u8054\\u60f3Z5\\u53d1\\u552e\\u4e4b\\u540e\\u8d85\\u503c1299\\u5143\\u53ca90%\\u4eae\\u773c\\u5c4f\\u5360\\u6bd4\\u7684\\u5dee\\u5f02\\u5316\\u4ea7\\u54c1\\u529b\\uff0c\\u8ba9\\u6d88\\u8d39\\u8005\\u6709\\u4e86\\u66f4\\u591a\\u671f\\u5f85\\uff0c\\u800c\\u5728\\u7b2c\\u516b\\u5929\\u771f\\u673a\\u53d1\\u552e\\u671f\\u95f4\\u53c8\\u5f15\\u53d1\\u4e86\\u7b2c\\u4e8c\\u6ce2\\u70ed\\u8bae\\u3002<\\/p><p style=\\\"margin-top: 0px; margin-bottom: 0px; padding: 10px 0px; color: rgb(66, 66, 66); font-size: 1pc; line-height: 30px; font-family: &quot;Microsoft Yahei&quot;, &quot;PingFang SC&quot;, &quot;HanHei SC&quot;, Arial; text-align: justify; white-space: normal; background-color: rgb(255, 255, 255);\\\">\\u6b64\\u5916\\uff0c\\u8be5\\u62a5\\u544a\\u8fd8\\u7efc\\u5408\\u6d88\\u8d39\\u8005\\u5bf9\\u4e8e\\u5916\\u89c2\\u3001\\u62cd\\u7167\\u3001\\u65b0\\u80fd\\u3001\\u6e38\\u620f\\u3001\\u7eed\\u822a\\u7b49\\u5173\\u952e\\u5173\\u6ce8\\u56e0\\u7d20\\uff0c\\u5bf9\\u8054\\u60f3Z5\\u3001\\u7ea2\\u7c73note5\\u4ee5\\u53ca\\u8bfa\\u57fa\\u4e9aX6\\u505a\\u4e86\\u4e0e\\u54c1\\u724c\\u76f8\\u5173\\u5ea6\\u6392\\u884c\\u3002\\u6392\\u884c\\u663e\\u793a\\uff0c\\u8054\\u60f3Z5\\u5728\\u5404\\u65b9\\u9762\\u90fd\\u6709\\u7740\\u5747\\u8861\\u7684\\u8868\\u73b0\\u2014\\u2014\\u9ad8\\u989c\\u503c\\u53ca\\u51fa\\u8272\\u7684\\u6027\\u80fd\\u8868\\u73b0\\u8ba9\\u5176\\u5728\\u5343\\u5143\\u673a\\u673a\\u6d77\\u6c47\\u603b\\u8131\\u9896\\u800c\\u51fa\\u3002\\u8be5\\u62a5\\u544a\\u8fd8\\u6307\\u51fa\\uff0c\\u8054\\u60f3Z5\\u4e30\\u5bcc\\u7684\\u914d\\u8272\\u3001\\u9ad8\\u5c4f\\u5360\\u6bd4\\u6210\\u4e3a\\u56fd\\u6c11\\u4f18\\u54c1\\u7684\\u989c\\u503c\\u4fdd\\u969c\\uff0c\\u6027\\u80fd\\u65b9\\u9762\\u8d85\\u957f\\u5f85\\u673a\\u4e5f\\u53d7\\u5230\\u4eba\\u4eec\\u7684\\u9752\\u7750\\u3002<\\/p><p><br\\/><\\/p>\",\"art_author\":\"\\u82e5\\u98ce\",\"art_view\":0,\"art_time\":1531120754,\"art_order\":99,\"cate_id\":1,\"deleted_at\":null,\"created_at\":\"2018-07-09 15:19:14\",\"updated_at\":\"2018-07-13 20:32:07\"}');
INSERT INTO `blog_mobile_order_item` VALUES (17, 20, 10, 1, '{\"art_id\":10,\"art_title\":\"\\u5b66\\u9738\\u541bCEO\\u5f20\\u51ef\\u78ca\\u51fa\\u5e2d\\u201cAI\\u4e0e\\u5927\\u6570\\u636e\\u52a9\\u529b\\u6559\\u4e0e\\u5b66\\u8bba\\u575b\\u201d\",\"art_tag\":null,\"art_discription\":null,\"art_thumb\":\"uploads\\/20180713\\/20180713210551953.jpg\",\"art_content\":\"<p style=\\\"margin-top: 0px; margin-bottom: 0px; padding: 10px 0px; color: rgb(66, 66, 66); font-size: 1pc; line-height: 30px; font-family: &quot;Microsoft Yahei&quot;, &quot;PingFang SC&quot;, &quot;HanHei SC&quot;, Arial; text-align: justify; white-space: normal; background-color: rgb(255, 255, 255);\\\">2018\\u5e744\\u670816\\u65e5\\uff0c\\u7531\\u4e2d\\u56fd\\u6559\\u80b2\\u5b66\\u4f1a\\u8054\\u5408\\u5728\\u7ebf\\u6559\\u80b2\\u5e73\\u53f0\\u5b66\\u9738\\u541b\\u5171\\u540c\\u4e3e\\u529e\\u7684\\u201cAI\\u4e0e\\u5927\\u6570\\u636e\\u52a9\\u529b\\u6559\\u4e0e\\u5b66\\u8bba\\u575b\\u201d\\u5728\\u5317\\u4eac\\u56fd\\u5bb6\\u4f1a\\u8bae\\u4e2d\\u5fc3\\u4e3e\\u884c\\u3002\\u5b66\\u9738\\u541b\\u521b\\u59cb\\u4eba\\u5f20\\u51ef\\u78ca\\u51fa\\u5e2d\\u4e86\\u672c\\u6b21\\u6d3b\\u52a8\\uff0c\\u5e26\\u6765\\u4e86\\u201c\\u4eba\\u5de5\\u667a\\u80fd\\u5982\\u4f55\\u63d0\\u5347\\u6559\\u5b66\\u6548\\u7387\\u201d\\u7684\\u4e3b\\u9898\\u5206\\u4eab\\u3002<\\/p><p style=\\\"margin-top: 0px; margin-bottom: 0px; padding: 10px 0px; color: rgb(66, 66, 66); font-size: 1pc; line-height: 30px; font-family: &quot;Microsoft Yahei&quot;, &quot;PingFang SC&quot;, &quot;HanHei SC&quot;, Arial; text-align: justify; white-space: normal; background-color: rgb(255, 255, 255);\\\">\\u51fa\\u5e2d\\u672c\\u6b21\\u8bba\\u575b\\u7684\\u8fd8\\u6709\\u4e2d\\u56fd\\u6559\\u80b2\\u8003\\u8bd5\\u6307\\u5bfc\\u59d4\\u5458\\u4f1a\\u59d4\\u5458\\u6234\\u5bb6\\u5e72\\u3001\\u4eba\\u5927\\u9644\\u4e2d\\u603b\\u6821\\u4fe1\\u606f\\u4e2d\\u5fc3\\u4e3b\\u4efb\\u8d75\\u6d77\\u6d9b\\u3001\\u5317\\u4eac\\u5e08\\u8303\\u5927\\u5b66\\u526f\\u6559\\u6388\\u674e\\u7389\\u987a\\u7b49\\u884c\\u4e1a\\u9886\\u5bfc\\u3001\\u4e1a\\u5185\\u77e5\\u540d\\u4f01\\u4e1a\\u521b\\u59cb\\u4eba\\u3001\\u5404\\u5927\\u9662\\u6821\\u4ee3\\u8868\\u3001\\u5a92\\u4f53\\u4ee3\\u8868\\u7b49\\u3002<\\/p>\",\"art_author\":\"\\u767d\\u8863\\u5c11\\u4fa0\",\"art_view\":0,\"art_time\":1531128706,\"art_order\":99,\"cate_id\":9,\"deleted_at\":null,\"created_at\":\"2018-07-09 17:31:46\",\"updated_at\":\"2018-07-13 21:05:56\"}');

-- ----------------------------
-- Table structure for blog_mobile_phone
-- ----------------------------
DROP TABLE IF EXISTS `blog_mobile_phone`;
CREATE TABLE `blog_mobile_phone`  (
  `id` int(10) UNSIGNED NOT NULL AUTO_INCREMENT,
  `phone` varchar(11) CHARACTER SET utf8mb4 COLLATE utf8mb4_unicode_ci NOT NULL,
  `code` int(11) NOT NULL,
  `deadline` timestamp NOT NULL DEFAULT CURRENT_TIMESTAMP ON UPDATE CURRENT_TIMESTAMP,
  PRIMARY KEY (`id`) USING BTREE
) ENGINE = InnoDB AUTO_INCREMENT = 2 CHARACTER SET = utf8mb4 COLLATE = utf8mb4_unicode_ci ROW_FORMAT = Compact;

-- ----------------------------
-- Records of blog_mobile_phone
-- ----------------------------
INSERT INTO `blog_mobile_phone` VALUES (1, '15217033171', 940961, '2018-08-09 10:38:14');

-- ----------------------------
-- Table structure for blog_password_resets
-- ----------------------------
DROP TABLE IF EXISTS `blog_password_resets`;
CREATE TABLE `blog_password_resets`  (
  `email` varchar(255) CHARACTER SET utf8mb4 COLLATE utf8mb4_unicode_ci NOT NULL,
  `token` varchar(255) CHARACTER SET utf8mb4 COLLATE utf8mb4_unicode_ci NOT NULL,
  `created_at` timestamp DEFAULT NULL,
  INDEX `password_resets_email_index`(`email`(191)) USING BTREE
) ENGINE = InnoDB CHARACTER SET = utf8mb4 COLLATE = utf8mb4_unicode_ci ROW_FORMAT = Compact;

-- ----------------------------
-- Table structure for blog_sms
-- ----------------------------
DROP TABLE IF EXISTS `blog_sms`;
CREATE TABLE `blog_sms`  (
  `id` int(10) UNSIGNED NOT NULL AUTO_INCREMENT,
  `name` varchar(255) CHARACTER SET utf8mb4 COLLATE utf8mb4_unicode_ci NOT NULL,
  `sign` varchar(255) CHARACTER SET utf8mb4 COLLATE utf8mb4_unicode_ci NOT NULL,
  `is_enable` tinyint(1) NOT NULL,
  `key` varchar(255) CHARACTER SET utf8mb4 COLLATE utf8mb4_unicode_ci NOT NULL,
  `created_at` timestamp DEFAULT NULL,
  `updated_at` timestamp DEFAULT NULL,
  PRIMARY KEY (`id`) USING BTREE
) ENGINE = InnoDB AUTO_INCREMENT = 2 CHARACTER SET = utf8mb4 COLLATE = utf8mb4_unicode_ci ROW_FORMAT = Compact;

-- ----------------------------
-- Records of blog_sms
-- ----------------------------
INSERT INTO `blog_sms` VALUES (1, '云片', '测试', 1, 'YunPian', '2019-04-13 12:46:30', '2019-04-13 12:46:30');

-- ----------------------------
-- Table structure for blog_sms_key
-- ----------------------------
DROP TABLE IF EXISTS `blog_sms_key`;
CREATE TABLE `blog_sms_key`  (
  `id` int(10) UNSIGNED NOT NULL AUTO_INCREMENT,
  `sms_id` int(11) NOT NULL,
  `name` varchar(255) CHARACTER SET utf8mb4 COLLATE utf8mb4_unicode_ci NOT NULL,
  `key` varchar(255) CHARACTER SET utf8mb4 COLLATE utf8mb4_unicode_ci NOT NULL,
  `created_at` timestamp DEFAULT NULL,
  `updated_at` timestamp DEFAULT NULL,
  PRIMARY KEY (`id`) USING BTREE
) ENGINE = InnoDB AUTO_INCREMENT = 6 CHARACTER SET = utf8mb4 COLLATE = utf8mb4_unicode_ci ROW_FORMAT = Compact;

-- ----------------------------
-- Records of blog_sms_key
-- ----------------------------
INSERT INTO `blog_sms_key` VALUES (1, 1, 'yunpian.apikey', '81e2d7ae56e5f6ccd66319c9de48195a', NULL, NULL);
INSERT INTO `blog_sms_key` VALUES (2, 1, 'YunPian.validtime', '300', NULL, NULL);
INSERT INTO `blog_sms_key` VALUES (3, 1, 'YunPian.minnumber', '10000', NULL, NULL);
INSERT INTO `blog_sms_key` VALUES (4, 1, 'YunPian.maxnumber', '99999', NULL, NULL);
INSERT INTO `blog_sms_key` VALUES (5, 1, 'YunPian.intervaltime', '60', NULL, NULL);

-- ----------------------------
-- Table structure for blog_sms_log
-- ----------------------------
DROP TABLE IF EXISTS `blog_sms_log`;
CREATE TABLE `blog_sms_log`  (
  `id` int(10) UNSIGNED NOT NULL AUTO_INCREMENT,
  `sms_id` int(11) NOT NULL,
  `prefixe` varchar(255) CHARACTER SET utf8mb4 COLLATE utf8mb4_unicode_ci NOT NULL,
  `mobile` varchar(255) CHARACTER SET utf8mb4 COLLATE utf8mb4_unicode_ci NOT NULL,
  `content` varchar(255) CHARACTER SET utf8mb4 COLLATE utf8mb4_unicode_ci NOT NULL,
  `created_at` timestamp DEFAULT NULL,
  `updated_at` timestamp DEFAULT NULL,
  PRIMARY KEY (`id`) USING BTREE
) ENGINE = InnoDB AUTO_INCREMENT = 1 CHARACTER SET = utf8mb4 COLLATE = utf8mb4_unicode_ci ROW_FORMAT = Compact;

-- ----------------------------
-- Table structure for blog_sms_templates
-- ----------------------------
DROP TABLE IF EXISTS `blog_sms_templates`;
CREATE TABLE `blog_sms_templates`  (
  `id` int(10) UNSIGNED NOT NULL AUTO_INCREMENT,
  `title` varchar(255) CHARACTER SET utf8mb4 COLLATE utf8mb4_unicode_ci NOT NULL,
  `call` varchar(255) CHARACTER SET utf8mb4 COLLATE utf8mb4_unicode_ci NOT NULL,
  `text` varchar(255) CHARACTER SET utf8mb4 COLLATE utf8mb4_unicode_ci NOT NULL,
  `is_sys` tinyint(1) NOT NULL DEFAULT 0,
  `created_at` timestamp DEFAULT NULL,
  `updated_at` timestamp DEFAULT NULL,
  PRIMARY KEY (`id`) USING BTREE
) ENGINE = InnoDB AUTO_INCREMENT = 1 CHARACTER SET = utf8mb4 COLLATE = utf8mb4_unicode_ci ROW_FORMAT = Compact;

-- ----------------------------
-- Table structure for blog_tools_content
-- ----------------------------
DROP TABLE IF EXISTS `blog_tools_content`;
CREATE TABLE `blog_tools_content`  (
  `id` int(10) UNSIGNED NOT NULL AUTO_INCREMENT,
  `list_id` int(11) DEFAULT NULL,
  `call_index` varchar(255) CHARACTER SET utf8mb4 COLLATE utf8mb4_unicode_ci DEFAULT NULL,
  `title` varchar(255) CHARACTER SET utf8mb4 COLLATE utf8mb4_unicode_ci NOT NULL,
  `link` varchar(255) CHARACTER SET utf8mb4 COLLATE utf8mb4_unicode_ci DEFAULT NULL,
  `img` varchar(255) CHARACTER SET utf8mb4 COLLATE utf8mb4_unicode_ci DEFAULT NULL,
  `intro` varchar(255) CHARACTER SET utf8mb4 COLLATE utf8mb4_unicode_ci DEFAULT NULL,
  `abstract` text CHARACTER SET utf8mb4 COLLATE utf8mb4_unicode_ci,
  `content` text CHARACTER SET utf8mb4 COLLATE utf8mb4_unicode_ci,
  `sort` int(11) NOT NULL DEFAULT 99,
  `click` int(11) NOT NULL DEFAULT 0,
  `file_url` varchar(255) CHARACTER SET utf8mb4 COLLATE utf8mb4_unicode_ci DEFAULT NULL,
  `is_top` tinyint(1) NOT NULL DEFAULT 0,
  `is_red` tinyint(1) NOT NULL DEFAULT 0,
  `is_hot` tinyint(1) NOT NULL DEFAULT 0,
  `is_slide` tinyint(1) NOT NULL DEFAULT 0,
  `seo_title` varchar(255) CHARACTER SET utf8mb4 COLLATE utf8mb4_unicode_ci DEFAULT NULL,
  `seo_keywords` varchar(255) CHARACTER SET utf8mb4 COLLATE utf8mb4_unicode_ci DEFAULT NULL,
  `seo_description` varchar(255) CHARACTER SET utf8mb4 COLLATE utf8mb4_unicode_ci DEFAULT NULL,
  `deleted_at` timestamp DEFAULT NULL,
  `created_at` timestamp DEFAULT NULL,
  `updated_at` timestamp DEFAULT NULL,
  PRIMARY KEY (`id`) USING BTREE
) ENGINE = InnoDB AUTO_INCREMENT = 5 CHARACTER SET = utf8mb4 COLLATE = utf8mb4_unicode_ci ROW_FORMAT = Compact;

-- ----------------------------
-- Records of blog_tools_content
-- ----------------------------
INSERT INTO `blog_tools_content` VALUES (2, 2, 'success', 'success', 'test', 'image/180827/xdf8ov1eIPYJ0xUGiyteHyj6UUieQdibzQ1CxSOR.jpeg', '摘要', '简介', '内容', 99, 0, 'file/180827/hDGzw8arFVC8F3BqZxr62Nii8Czl9nzPzK9hOb63.jpeg', 1, 1, 1, 1, NULL, NULL, NULL, NULL, '2018-08-24 23:03:50', '2018-08-27 21:23:36');
INSERT INTO `blog_tools_content` VALUES (4, 1, 'file', 'test2', 'http://www.baidu.com', NULL, NULL, NULL, NULL, 99, 0, NULL, 0, 0, 0, 0, NULL, NULL, NULL, NULL, '2018-08-24 23:22:20', '2018-08-27 17:23:14');

-- ----------------------------
-- Table structure for blog_tools_content_attache
-- ----------------------------
DROP TABLE IF EXISTS `blog_tools_content_attache`;
CREATE TABLE `blog_tools_content_attache`  (
  `id` int(10) UNSIGNED NOT NULL AUTO_INCREMENT,
  `content_id` int(11) NOT NULL,
  `filename` varchar(255) CHARACTER SET utf8mb4 COLLATE utf8mb4_unicode_ci NOT NULL,
  `filepath` varchar(255) CHARACTER SET utf8mb4 COLLATE utf8mb4_unicode_ci NOT NULL,
  `filesize` varchar(255) CHARACTER SET utf8mb4 COLLATE utf8mb4_unicode_ci NOT NULL,
  `point` int(11) NOT NULL COMMENT '积分',
  `down_count` int(11) NOT NULL DEFAULT 0 COMMENT '下载次数',
  `created_at` timestamp DEFAULT NULL,
  `updated_at` timestamp DEFAULT NULL,
  PRIMARY KEY (`id`) USING BTREE
) ENGINE = InnoDB AUTO_INCREMENT = 10 CHARACTER SET = utf8mb4 COLLATE = utf8mb4_unicode_ci ROW_FORMAT = Compact;

-- ----------------------------
-- Records of blog_tools_content_attache
-- ----------------------------
INSERT INTO `blog_tools_content_attache` VALUES (9, 2, '好看的404页面.rar', 'file/180827/J1J8AMkvM5ctqd7vCoy1ztecGLhbykEXLxLh69eq.rar', '12.9619140625KB', 20, 0, '2018-08-27 21:23:36', '2018-08-27 21:23:36');

-- ----------------------------
-- Table structure for blog_tools_list
-- ----------------------------
DROP TABLE IF EXISTS `blog_tools_list`;
CREATE TABLE `blog_tools_list`  (
  `id` int(10) UNSIGNED NOT NULL AUTO_INCREMENT,
  `parent_id` int(11) DEFAULT NULL,
  `text` varchar(100) CHARACTER SET utf8mb4 COLLATE utf8mb4_unicode_ci DEFAULT NULL,
  `textarea` varchar(255) CHARACTER SET utf8mb4 COLLATE utf8mb4_unicode_ci DEFAULT NULL,
  `sort` int(11) DEFAULT 99,
  `order` int(11) DEFAULT 99,
  `is_sys` tinyint(1) DEFAULT 0,
  `file_version` varchar(10) CHARACTER SET utf8mb4 COLLATE utf8mb4_unicode_ci DEFAULT NULL,
  `file_system` varchar(10) CHARACTER SET utf8mb4 COLLATE utf8mb4_unicode_ci DEFAULT NULL,
  `file_path` varchar(255) CHARACTER SET utf8mb4 COLLATE utf8mb4_unicode_ci DEFAULT NULL,
  `file_log` varchar(255) CHARACTER SET utf8mb4 COLLATE utf8mb4_unicode_ci DEFAULT NULL,
  `is_top` tinyint(1) NOT NULL DEFAULT 0,
  `is_red` tinyint(1) NOT NULL DEFAULT 0,
  `is_hot` tinyint(1) NOT NULL DEFAULT 0,
  `is_slide` tinyint(1) NOT NULL DEFAULT 0,
  `redio` int(11) DEFAULT NULL,
  `img` varchar(255) CHARACTER SET utf8mb4 COLLATE utf8mb4_unicode_ci DEFAULT NULL,
  `files` varchar(255) CHARACTER SET utf8mb4 COLLATE utf8mb4_unicode_ci DEFAULT NULL,
  `video` varchar(255) CHARACTER SET utf8mb4 COLLATE utf8mb4_unicode_ci DEFAULT NULL,
  `imgs` varchar(255) CHARACTER SET utf8mb4 COLLATE utf8mb4_unicode_ci DEFAULT NULL,
  `abstruct` text CHARACTER SET utf8mb4 COLLATE utf8mb4_unicode_ci,
  `content` text CHARACTER SET utf8mb4 COLLATE utf8mb4_unicode_ci,
  `discription` text CHARACTER SET utf8mb4 COLLATE utf8mb4_unicode_ci,
  `seo_title` varchar(255) CHARACTER SET utf8mb4 COLLATE utf8mb4_unicode_ci DEFAULT NULL,
  `seo_keywords` varchar(255) CHARACTER SET utf8mb4 COLLATE utf8mb4_unicode_ci DEFAULT NULL,
  `seo_description` varchar(255) CHARACTER SET utf8mb4 COLLATE utf8mb4_unicode_ci DEFAULT NULL,
  `deleted_at` timestamp DEFAULT NULL,
  `created_at` timestamp DEFAULT NULL,
  `updated_at` timestamp DEFAULT NULL,
  PRIMARY KEY (`id`) USING BTREE
) ENGINE = InnoDB AUTO_INCREMENT = 4 CHARACTER SET = utf8mb4 COLLATE = utf8mb4_unicode_ci ROW_FORMAT = Compact;

-- ----------------------------
-- Records of blog_tools_list
-- ----------------------------
INSERT INTO `blog_tools_list` VALUES (1, NULL, '分类1', '测试', 99, 99, 1, NULL, NULL, NULL, NULL, 1, 0, 0, 0, 2, 'image/180716/VqMZsRZClotvWOtSlL0r4EZ8MlxCe07KBJ7a8XRP.png', NULL, NULL, '[\"image\\/180716\\/M0GGwAiHV6kicEQCfTAZ3iQsi1ZfaceqUhv7IiwT.jpeg\",\"image\\/180716\\/mEM1xs1OXrEfbN8saUt6XJDD5QxNSeD357PUlRvD.jpeg\",\"image\\/180716\\/Oni0Dr3jdNtPUJUxHbUuLmqpZh3BSzKPkJreNT0v.jpeg\"]', '<p>啊哈哈</p>', '<p>呵呵哈阿</p>', '吱吱吱', NULL, NULL, NULL, NULL, '2018-07-16 19:08:23', '2018-07-30 15:15:22');
INSERT INTO `blog_tools_list` VALUES (2, NULL, '分类2', '测试', 99, 99, 1, NULL, NULL, NULL, NULL, 1, 0, 0, 0, 2, NULL, NULL, NULL, NULL, '<p>啊哈哈</p>', '<p>呵呵哈阿</p>', '唔唔唔', NULL, NULL, NULL, NULL, '2018-07-16 20:15:58', '2018-07-26 09:15:20');
INSERT INTO `blog_tools_list` VALUES (3, NULL, '分类3', '测试', 99, 99, 0, 'v1.0', 'windows', 'file/180717/aIcSRpP0oj2GgMJXTj5sxHP9fV7lL5C6sVFNOjSR.rar', '版本1.0', 0, 1, 0, 0, 1, NULL, '1', NULL, NULL, '<p>我我我</p>', '<p>你你你</p>', '她她她', NULL, NULL, NULL, NULL, '2018-07-17 11:12:36', '2018-07-26 11:22:36');

-- ----------------------------
-- Table structure for blog_users
-- ----------------------------
DROP TABLE IF EXISTS `blog_users`;
CREATE TABLE `blog_users`  (
  `id` int(10) UNSIGNED NOT NULL AUTO_INCREMENT,
  `name` varchar(255) CHARACTER SET utf8mb4 COLLATE utf8mb4_unicode_ci NOT NULL,
  `email` varchar(255) CHARACTER SET utf8mb4 COLLATE utf8mb4_unicode_ci NOT NULL,
  `password` varchar(255) CHARACTER SET utf8mb4 COLLATE utf8mb4_unicode_ci NOT NULL,
  `remember_token` varchar(100) CHARACTER SET utf8mb4 COLLATE utf8mb4_unicode_ci DEFAULT NULL,
  `created_at` timestamp DEFAULT NULL,
  `updated_at` timestamp DEFAULT NULL,
  PRIMARY KEY (`id`) USING BTREE
) ENGINE = InnoDB AUTO_INCREMENT = 2 CHARACTER SET = utf8mb4 COLLATE = utf8mb4_unicode_ci ROW_FORMAT = Compact;

-- ----------------------------
-- Records of blog_users
-- ----------------------------
INSERT INTO `blog_users` VALUES (1, 'zhangsan', '117@qq.com', '$2y$10$v7VL0pLG5D7CuK2c3Tj78.jDofT1hjSKF4pucW2nmeF3pZTUs2sIW', '0tXZndNiVRDMunHZEK10xJN8YIxfaRIlKDXn5vhDKT9uxDYlgvBB73huWPgl', '2018-07-09 21:20:40', '2018-07-09 21:20:40');

-- ----------------------------
-- Table structure for category
-- ----------------------------
DROP TABLE IF EXISTS `category`;
CREATE TABLE `category`  (
  `id` int(64) NOT NULL AUTO_INCREMENT,
  `parent_id` int(64) DEFAULT NULL,
  `title` varchar(255) CHARACTER SET utf8 COLLATE utf8_general_ci DEFAULT NULL,
  `call_index` varchar(255) CHARACTER SET utf8 COLLATE utf8_general_ci DEFAULT NULL,
  `class_list` varchar(255) CHARACTER SET utf8 COLLATE utf8_general_ci DEFAULT NULL,
  `link` varchar(255) CHARACTER SET utf8 COLLATE utf8_general_ci DEFAULT NULL,
  `img` varchar(255) CHARACTER SET utf8 COLLATE utf8_general_ci DEFAULT NULL,
  `content` text CHARACTER SET utf8 COLLATE utf8_general_ci,
  `sort` int(64) DEFAULT 99,
  `created_at` timestamp NOT NULL DEFAULT CURRENT_TIMESTAMP ON UPDATE CURRENT_TIMESTAMP,
  `updated_at` timestamp NOT NULL DEFAULT '0000-00-00 00:00:00',
  `status` int(11) NOT NULL DEFAULT 1,
  PRIMARY KEY (`id`) USING BTREE
) ENGINE = InnoDB AUTO_INCREMENT = 13 CHARACTER SET = utf8 COLLATE = utf8_general_ci ROW_FORMAT = Compact;

-- ----------------------------
-- Records of category
-- ----------------------------
INSERT INTO `category` VALUES (6, 0, 'PHP基础', '', '', '', '', '我的大学职场', 22, '2019-05-21 22:27:16', '2019-05-21 22:27:16', 1);
INSERT INTO `category` VALUES (8, 0, 'Centos', '', '', '', '', '哈哈哈哈啊哈哈', 3, '2019-05-21 22:33:52', '2019-05-21 22:33:52', 1);
INSERT INTO `category` VALUES (9, 0, '开发工具', '', '', '', '', '大萨达所', 2, '2019-05-21 22:27:51', '2019-05-21 22:27:51', 1);
INSERT INTO `category` VALUES (10, 0, 'WEB开发', '', '', '', '', '萨达萨达', 1, '2019-05-21 22:27:34', '2019-05-21 22:27:34', 1);
INSERT INTO `category` VALUES (11, 0, '技术交流', '', '', '', '', '奥术大师大所多', 0, '2019-05-21 22:34:09', '2019-05-21 22:34:09', 1);
INSERT INTO `category` VALUES (12, 0, 'Redis', '', '', '', '', '萨达萨达所多', 0, '2019-05-21 22:34:24', '2019-05-21 22:34:24', 1);

-- ----------------------------
-- Table structure for config
-- ----------------------------
DROP TABLE IF EXISTS `config`;
CREATE TABLE `config`  (
  `name` varchar(100) CHARACTER SET utf8 COLLATE utf8_general_ci NOT NULL,
  `value` text CHARACTER SET utf8 COLLATE utf8_general_ci,
  `created_at` datetime DEFAULT NULL,
  `updated_at` datetime DEFAULT NULL,
  PRIMARY KEY (`name`) USING BTREE
) ENGINE = InnoDB CHARACTER SET = utf8 COLLATE = utf8_general_ci ROW_FORMAT = Compact;

-- ----------------------------
-- Records of config
-- ----------------------------
INSERT INTO `config` VALUES ('ip', '192.168.20.21', '2018-10-11 18:33:25', '2019-07-09 20:09:31');
INSERT INTO `config` VALUES ('qq_appid', '101715750', '2019-07-09 20:09:31', '2019-07-09 20:09:31');
INSERT INTO `config` VALUES ('qq_appkey', '077cb1f62dc5277ad92f7077e82448a1', '2019-07-09 20:09:31', '2019-07-09 20:09:31');
INSERT INTO `config` VALUES ('sys.abstract', '嘻嘻啊', '2018-10-11 17:50:33', '2019-07-09 20:09:30');
INSERT INTO `config` VALUES ('sys.cache_time', '10', '2018-10-11 18:13:18', '2019-07-09 20:09:30');
INSERT INTO `config` VALUES ('sys.keywords', '哈哈啊', '2018-10-11 17:50:33', '2019-07-09 20:09:30');
INSERT INTO `config` VALUES ('sys.name', '白衣少侠 CMS', '2018-10-11 17:50:32', '2019-07-09 20:09:30');
INSERT INTO `config` VALUES ('sys.paginate', '10', '2018-10-11 18:13:18', '2019-07-09 20:09:31');

-- ----------------------------
-- Table structure for message
-- ----------------------------
DROP TABLE IF EXISTS `message`;
CREATE TABLE `message`  (
  `id` int(11) NOT NULL AUTO_INCREMENT,
  `message_cate_id` bigint(20) DEFAULT NULL,
  `users_id` bigint(20) DEFAULT NULL,
  `parent_id` bigint(20) DEFAULT NULL,
  `address` varchar(255) CHARACTER SET utf8 COLLATE utf8_general_ci DEFAULT NULL,
  `content` text CHARACTER SET utf8 COLLATE utf8_general_ci,
  `created_at` datetime DEFAULT NULL,
  `updated_at` datetime DEFAULT NULL,
  `is_show` tinyint(1) NOT NULL DEFAULT 1,
  `article_id` bigint(20) DEFAULT NULL,
  PRIMARY KEY (`id`) USING BTREE,
  UNIQUE INDEX `UQE_message_id`(`id`) USING BTREE
) ENGINE = InnoDB AUTO_INCREMENT = 6 CHARACTER SET = utf8 COLLATE = utf8_general_ci ROW_FORMAT = Compact;

-- ----------------------------
-- Records of message
-- ----------------------------
INSERT INTO `message` VALUES (1, 2, 1, 0, '', '1', '2019-07-10 20:40:31', '2019-07-10 20:40:31', 1, 12);
INSERT INTO `message` VALUES (2, 2, 6, 1, '', '哈哈', '2019-07-10 21:01:50', '2019-07-10 21:01:50', 1, 12);
INSERT INTO `message` VALUES (3, 2, 6, 0, '', '真心好', '2019-07-10 21:02:09', '2019-07-10 21:02:09', 1, 12);
INSERT INTO `message` VALUES (4, 2, 8, 3, '', '我来了', '2019-07-10 21:10:54', '2019-07-10 21:10:54', 1, 12);
INSERT INTO `message` VALUES (5, 1, 8, 0, '', '<p>天晴了</p>', '2019-07-10 21:11:51', '2019-07-10 21:11:51', 1, 0);

-- ----------------------------
-- Table structure for picture
-- ----------------------------
DROP TABLE IF EXISTS `picture`;
CREATE TABLE `picture`  (
  `id` bigint(20) NOT NULL AUTO_INCREMENT,
  `title` varchar(255) CHARACTER SET utf8 COLLATE utf8_general_ci NOT NULL,
  `cate_id` bigint(20) DEFAULT NULL,
  `author_id` bigint(20) DEFAULT NULL,
  `sort` int(11) DEFAULT 99,
  `is_comment` tinyint(1) DEFAULT 1,
  `img` varchar(255) CHARACTER SET utf8 COLLATE utf8_general_ci DEFAULT NULL,
  `source` varchar(255) CHARACTER SET utf8 COLLATE utf8_general_ci DEFAULT NULL,
  `keywords` varchar(255) CHARACTER SET utf8 COLLATE utf8_general_ci DEFAULT NULL,
  `intro` varchar(255) CHARACTER SET utf8 COLLATE utf8_general_ci DEFAULT NULL,
  `images` text CHARACTER SET utf8 COLLATE utf8_general_ci,
  `start_time` varchar(255) CHARACTER SET utf8 COLLATE utf8_general_ci DEFAULT NULL,
  `end_time` varchar(255) CHARACTER SET utf8 COLLATE utf8_general_ci DEFAULT NULL,
  `created_at` datetime DEFAULT NULL,
  `updated_at` datetime DEFAULT NULL,
  `status` int(11) NOT NULL DEFAULT 1,
  PRIMARY KEY (`id`) USING BTREE,
  UNIQUE INDEX `UQE_picture_title`(`title`) USING BTREE
) ENGINE = InnoDB AUTO_INCREMENT = 3 CHARACTER SET = utf8 COLLATE = utf8_general_ci ROW_FORMAT = Compact;

-- ----------------------------
-- Records of picture
-- ----------------------------
INSERT INTO `picture` VALUES (1, '少年', 6, 1, 12, 1, '/uploads/images/2018/1119/ca7b6a79-bbef-42a2-a0e2-cd9aae9ab3f8.jpg', '来源', '关键字', '摘要', '/uploads/images/2019/0416/fcb6def9-3892-44fc-a4d4-ed090d59f36c.jpg,/uploads/images/2019/0416/7618143e-e152-4d0a-a96b-4ddfd9e1c58d.jpg', '2018-11-19 17:44:38', '2018-11-28 17:44:42', '2018-11-19 11:07:36', '2019-06-19 21:14:32', 1);
INSERT INTO `picture` VALUES (2, '测试', 6, 1, 0, 0, '/uploads/images/2019/0416/3ab3c74a-e097-4b18-bc0e-b59622926324.jpg', '0', '0', '', '/uploads/images/2019/0416/45d39144-c915-4bbd-b2e3-a4a93f9a0d19.jpg', '2019-04-16 15:35:16', '2019-04-16 15:35:19', '2019-04-16 15:34:10', '2019-06-19 21:14:28', 1);

-- ----------------------------
-- Table structure for product
-- ----------------------------
DROP TABLE IF EXISTS `product`;
CREATE TABLE `product`  (
  `id` bigint(20) NOT NULL AUTO_INCREMENT,
  `title` varchar(255) CHARACTER SET utf8 COLLATE utf8_general_ci NOT NULL,
  `category_id` bigint(20) DEFAULT NULL,
  `sort` int(11) DEFAULT 99,
  `is_comment` tinyint(1) DEFAULT 1,
  `long` int(11) DEFAULT 99,
  `wide` int(11) DEFAULT 99,
  `high` int(11) DEFAULT 99,
  `address` varchar(255) CHARACTER SET utf8 COLLATE utf8_general_ci DEFAULT NULL,
  `material` varchar(255) CHARACTER SET utf8 COLLATE utf8_general_ci DEFAULT NULL,
  `supplier` varchar(255) CHARACTER SET utf8 COLLATE utf8_general_ci DEFAULT NULL,
  `unit` int(11) DEFAULT NULL,
  `price` double DEFAULT NULL,
  `cost` double DEFAULT NULL,
  `low_price` double DEFAULT NULL,
  `start_time` datetime DEFAULT NULL,
  `end_time` datetime DEFAULT NULL,
  `tags` varchar(255) CHARACTER SET utf8 COLLATE utf8_general_ci DEFAULT NULL,
  `intro` varchar(255) CHARACTER SET utf8 COLLATE utf8_general_ci DEFAULT NULL,
  `image` varchar(255) CHARACTER SET utf8 COLLATE utf8_general_ci DEFAULT NULL,
  `content` text CHARACTER SET utf8 COLLATE utf8_general_ci NOT NULL,
  `weight` varchar(255) CHARACTER SET utf8 COLLATE utf8_general_ci DEFAULT NULL,
  `created_at` timestamp NOT NULL DEFAULT CURRENT_TIMESTAMP ON UPDATE CURRENT_TIMESTAMP,
  `updated_at` timestamp NOT NULL DEFAULT '0000-00-00 00:00:00',
  PRIMARY KEY (`id`) USING BTREE,
  UNIQUE INDEX `UQE_product_title`(`title`) USING BTREE
) ENGINE = InnoDB AUTO_INCREMENT = 2 CHARACTER SET = utf8 COLLATE = utf8_general_ci ROW_FORMAT = Compact;

-- ----------------------------
-- Records of product
-- ----------------------------
INSERT INTO `product` VALUES (1, '测试', 6, 99, 0, 10, 10, 10, '龙华', '木质', '测试', 1, 10, 10, 10, '2019-05-05 15:30:41', '2019-05-05 15:30:46', '成品', '摘要嗯', '/uploads/images/2019/0505/ad0c8362-0a3c-482c-8075-aaf2fa326e3a.jpg', '<p><span style=\"color: rgb(85, 85, 85); font-family: \" microsoft=\"\" hiragino=\"\" sans=\"\" helvetica=\"\" wenquanyi=\"\" micro=\"\" font-size:=\"\" text-align:=\"\" background-color:=\"\">内容</span><span style=\"color: rgb(85, 85, 85); font-family: \" microsoft=\"\" hiragino=\"\" sans=\"\" helvetica=\"\" wenquanyi=\"\" micro=\"\" font-size:=\"\" text-align:=\"\" background-color:=\"\">内容</span><span style=\"color: rgb(85, 85, 85); font-family: \" microsoft=\"\" hiragino=\"\" sans=\"\" helvetica=\"\" wenquanyi=\"\" micro=\"\" font-size:=\"\" text-align:=\"\" background-color:=\"\">内容</span><span style=\"color: rgb(85, 85, 85); font-family: \" microsoft=\"\" hiragino=\"\" sans=\"\" helvetica=\"\" wenquanyi=\"\" micro=\"\" font-size:=\"\" text-align:=\"\" background-color:=\"\">内容</span><span style=\"color: rgb(85, 85, 85); font-family: \" microsoft=\"\" hiragino=\"\" sans=\"\" helvetica=\"\" wenquanyi=\"\" micro=\"\" font-size:=\"\" text-align:=\"\" background-color:=\"\">内容</span><span style=\"color: rgb(85, 85, 85); font-family: \" microsoft=\"\" hiragino=\"\" sans=\"\" helvetica=\"\" wenquanyi=\"\" micro=\"\" font-size:=\"\" text-align:=\"\" background-color:=\"\">内容</span><span style=\"color: rgb(85, 85, 85); font-family: \" microsoft=\"\" hiragino=\"\" sans=\"\" helvetica=\"\" wenquanyi=\"\" micro=\"\" font-size:=\"\" text-align:=\"\" background-color:=\"\">内容</span><span style=\"color: rgb(85, 85, 85); font-family: \" microsoft=\"\" hiragino=\"\" sans=\"\" helvetica=\"\" wenquanyi=\"\" micro=\"\" font-size:=\"\" text-align:=\"\" background-color:=\"\">内容</span><span style=\"color: rgb(85, 85, 85); font-family: \" microsoft=\"\" hiragino=\"\" sans=\"\" helvetica=\"\" wenquanyi=\"\" micro=\"\" font-size:=\"\" text-align:=\"\" background-color:=\"\">内容</span><span style=\"color: rgb(85, 85, 85); font-family: \" microsoft=\"\" hiragino=\"\" sans=\"\" helvetica=\"\" wenquanyi=\"\" micro=\"\" font-size:=\"\" text-align:=\"\" background-color:=\"\">内容</span><span style=\"color: rgb(85, 85, 85); font-family: \" microsoft=\"\" hiragino=\"\" sans=\"\" helvetica=\"\" wenquanyi=\"\" micro=\"\" font-size:=\"\" text-align:=\"\" background-color:=\"\">内容</span><span style=\"color: rgb(85, 85, 85); font-family: \" microsoft=\"\" hiragino=\"\" sans=\"\" helvetica=\"\" wenquanyi=\"\" micro=\"\" font-size:=\"\" text-align:=\"\" background-color:=\"\">内容</span><span style=\"color: rgb(85, 85, 85); font-family: \" microsoft=\"\" hiragino=\"\" sans=\"\" helvetica=\"\" wenquanyi=\"\" micro=\"\" font-size:=\"\" text-align:=\"\" background-color:=\"\">内容</span><span style=\"color: rgb(85, 85, 85); font-family: \" microsoft=\"\" hiragino=\"\" sans=\"\" helvetica=\"\" wenquanyi=\"\" micro=\"\" font-size:=\"\" text-align:=\"\" background-color:=\"\">内容</span><span style=\"color: rgb(85, 85, 85); font-family: \" microsoft=\"\" hiragino=\"\" sans=\"\" helvetica=\"\" wenquanyi=\"\" micro=\"\" font-size:=\"\" text-align:=\"\" background-color:=\"\">内容</span><span style=\"color: rgb(85, 85, 85); font-family: \" microsoft=\"\" hiragino=\"\" sans=\"\" helvetica=\"\" wenquanyi=\"\" micro=\"\" font-size:=\"\" text-align:=\"\" background-color:=\"\">内容</span><span style=\"color: rgb(85, 85, 85); font-family: \" microsoft=\"\" hiragino=\"\" sans=\"\" helvetica=\"\" wenquanyi=\"\" micro=\"\" font-size:=\"\" text-align:=\"\" background-color:=\"\">内容</span><span style=\"color: rgb(85, 85, 85); font-family: \" microsoft=\"\" hiragino=\"\" sans=\"\" helvetica=\"\" wenquanyi=\"\" micro=\"\" font-size:=\"\" text-align:=\"\" background-color:=\"\">内容</span><span style=\"color: rgb(85, 85, 85); font-family: \" microsoft=\"\" hiragino=\"\" sans=\"\" helvetica=\"\" wenquanyi=\"\" micro=\"\" font-size:=\"\" text-align:=\"\" background-color:=\"\">内容</span><span style=\"color: rgb(85, 85, 85); font-family: \" microsoft=\"\" hiragino=\"\" sans=\"\" helvetica=\"\" wenquanyi=\"\" micro=\"\" font-size:=\"\" text-align:=\"\" background-color:=\"\">内容</span><span style=\"color: rgb(85, 85, 85); font-family: \" microsoft=\"\" hiragino=\"\" sans=\"\" helvetica=\"\" wenquanyi=\"\" micro=\"\" font-size:=\"\" text-align:=\"\" background-color:=\"\">内容</span><span style=\"color: rgb(85, 85, 85); font-family: \" microsoft=\"\" hiragino=\"\" sans=\"\" helvetica=\"\" wenquanyi=\"\" micro=\"\" font-size:=\"\" text-align:=\"\" background-color:=\"\">内容</span><span style=\"color: rgb(85, 85, 85); font-family: \" microsoft=\"\" hiragino=\"\" sans=\"\" helvetica=\"\" wenquanyi=\"\" micro=\"\" font-size:=\"\" text-align:=\"\" background-color:=\"\">内容</span><span style=\"color: rgb(85, 85, 85); font-family: \" microsoft=\"\" hiragino=\"\" sans=\"\" helvetica=\"\" wenquanyi=\"\" micro=\"\" font-size:=\"\" text-align:=\"\" background-color:=\"\">内容</span><span style=\"color: rgb(85, 85, 85); font-family: \" microsoft=\"\" hiragino=\"\" sans=\"\" helvetica=\"\" wenquanyi=\"\" micro=\"\" font-size:=\"\" text-align:=\"\" background-color:=\"\">内容</span><span style=\"color: rgb(85, 85, 85); font-family: \" microsoft=\"\" hiragino=\"\" sans=\"\" helvetica=\"\" wenquanyi=\"\" micro=\"\" font-size:=\"\" text-align:=\"\" background-color:=\"\">内容</span><span style=\"color: rgb(85, 85, 85); font-family: \" microsoft=\"\" hiragino=\"\" sans=\"\" helvetica=\"\" wenquanyi=\"\" micro=\"\" font-size:=\"\" text-align:=\"\" background-color:=\"\">内容</span><span style=\"color: rgb(85, 85, 85); font-family: \" microsoft=\"\" hiragino=\"\" sans=\"\" helvetica=\"\" wenquanyi=\"\" micro=\"\" font-size:=\"\" text-align:=\"\" background-color:=\"\">内容</span><span style=\"color: rgb(85, 85, 85); font-family: \" microsoft=\"\" hiragino=\"\" sans=\"\" helvetica=\"\" wenquanyi=\"\" micro=\"\" font-size:=\"\" text-align:=\"\" background-color:=\"\">内容</span><span style=\"color: rgb(85, 85, 85); font-family: \" microsoft=\"\" hiragino=\"\" sans=\"\" helvetica=\"\" wenquanyi=\"\" micro=\"\" font-size:=\"\" text-align:=\"\" background-color:=\"\">内容</span><span style=\"color: rgb(85, 85, 85); font-family: \" microsoft=\"\" hiragino=\"\" sans=\"\" helvetica=\"\" wenquanyi=\"\" micro=\"\" font-size:=\"\" text-align:=\"\" background-color:=\"\">内容</span><span style=\"color: rgb(85, 85, 85); font-family: \" microsoft=\"\" hiragino=\"\" sans=\"\" helvetica=\"\" wenquanyi=\"\" micro=\"\" font-size:=\"\" text-align:=\"\" background-color:=\"\">内容</span><span style=\"color: rgb(85, 85, 85); font-family: \" microsoft=\"\" hiragino=\"\" sans=\"\" helvetica=\"\" wenquanyi=\"\" micro=\"\" font-size:=\"\" text-align:=\"\" background-color:=\"\">内容</span><span style=\"color: rgb(85, 85, 85); font-family: \" microsoft=\"\" hiragino=\"\" sans=\"\" helvetica=\"\" wenquanyi=\"\" micro=\"\" font-size:=\"\" text-align:=\"\" background-color:=\"\">内容</span><span style=\"color: rgb(85, 85, 85); font-family: \" microsoft=\"\" hiragino=\"\" sans=\"\" helvetica=\"\" wenquanyi=\"\" micro=\"\" font-size:=\"\" text-align:=\"\" background-color:=\"\">内容</span><span style=\"color: rgb(85, 85, 85); font-family: \" microsoft=\"\" hiragino=\"\" sans=\"\" helvetica=\"\" wenquanyi=\"\" micro=\"\" font-size:=\"\" text-align:=\"\" background-color:=\"\">内容</span><span style=\"color: rgb(85, 85, 85); font-family: \" microsoft=\"\" hiragino=\"\" sans=\"\" helvetica=\"\" wenquanyi=\"\" micro=\"\" font-size:=\"\" text-align:=\"\" background-color:=\"\">内容</span><span style=\"color: rgb(85, 85, 85); font-family: \" microsoft=\"\" hiragino=\"\" sans=\"\" helvetica=\"\" wenquanyi=\"\" micro=\"\" font-size:=\"\" text-align:=\"\" background-color:=\"\">内容</span><span style=\"color: rgb(85, 85, 85); font-family: \" microsoft=\"\" hiragino=\"\" sans=\"\" helvetica=\"\" wenquanyi=\"\" micro=\"\" font-size:=\"\" text-align:=\"\" background-color:=\"\">内容</span><span style=\"color: rgb(85, 85, 85); font-family: \" microsoft=\"\" hiragino=\"\" sans=\"\" helvetica=\"\" wenquanyi=\"\" micro=\"\" font-size:=\"\" text-align:=\"\" background-color:=\"\">内容</span><span style=\"color: rgb(85, 85, 85); font-family: \" microsoft=\"\" hiragino=\"\" sans=\"\" helvetica=\"\" wenquanyi=\"\" micro=\"\" font-size:=\"\" text-align:=\"\" background-color:=\"\">内容</span><span style=\"color: rgb(85, 85, 85); font-family: \" microsoft=\"\" hiragino=\"\" sans=\"\" helvetica=\"\" wenquanyi=\"\" micro=\"\" font-size:=\"\" text-align:=\"\" background-color:=\"\">内容</span><span style=\"color: rgb(85, 85, 85); font-family: \" microsoft=\"\" hiragino=\"\" sans=\"\" helvetica=\"\" wenquanyi=\"\" micro=\"\" font-size:=\"\" text-align:=\"\" background-color:=\"\">内容</span><span style=\"color: rgb(85, 85, 85); font-family: \" microsoft=\"\" hiragino=\"\" sans=\"\" helvetica=\"\" wenquanyi=\"\" micro=\"\" font-size:=\"\" text-align:=\"\" background-color:=\"\">内容</span><span style=\"color: rgb(85, 85, 85); font-family: \" microsoft=\"\" hiragino=\"\" sans=\"\" helvetica=\"\" wenquanyi=\"\" micro=\"\" font-size:=\"\" text-align:=\"\" background-color:=\"\">内容</span><span style=\"color: rgb(85, 85, 85); font-family: \" microsoft=\"\" hiragino=\"\" sans=\"\" helvetica=\"\" wenquanyi=\"\" micro=\"\" font-size:=\"\" text-align:=\"\" background-color:=\"\">内容</span><span style=\"color: rgb(85, 85, 85); font-family: \" microsoft=\"\" hiragino=\"\" sans=\"\" helvetica=\"\" wenquanyi=\"\" micro=\"\" font-size:=\"\" text-align:=\"\" background-color:=\"\">内容</span><span style=\"color: rgb(85, 85, 85); font-family: \" microsoft=\"\" hiragino=\"\" sans=\"\" helvetica=\"\" wenquanyi=\"\" micro=\"\" font-size:=\"\" text-align:=\"\" background-color:=\"\">内容</span><span style=\"color: rgb(85, 85, 85); font-family: \" microsoft=\"\" hiragino=\"\" sans=\"\" helvetica=\"\" wenquanyi=\"\" micro=\"\" font-size:=\"\" text-align:=\"\" background-color:=\"\">内容</span><span style=\"color: rgb(85, 85, 85); font-family: \" microsoft=\"\" hiragino=\"\" sans=\"\" helvetica=\"\" wenquanyi=\"\" micro=\"\" font-size:=\"\" text-align:=\"\" background-color:=\"\">内容</span><span style=\"color: rgb(85, 85, 85); font-family: \" microsoft=\"\" hiragino=\"\" sans=\"\" helvetica=\"\" wenquanyi=\"\" micro=\"\" font-size:=\"\" text-align:=\"\" background-color:=\"\">内容</span><span style=\"color: rgb(85, 85, 85); font-family: \" microsoft=\"\" hiragino=\"\" sans=\"\" helvetica=\"\" wenquanyi=\"\" micro=\"\" font-size:=\"\" text-align:=\"\" background-color:=\"\">内容</span><span style=\"color: rgb(85, 85, 85); font-family: \" microsoft=\"\" hiragino=\"\" sans=\"\" helvetica=\"\" wenquanyi=\"\" micro=\"\" font-size:=\"\" text-align:=\"\" background-color:=\"\">内容</span><span style=\"color: rgb(85, 85, 85); font-family: \" microsoft=\"\" hiragino=\"\" sans=\"\" helvetica=\"\" wenquanyi=\"\" micro=\"\" font-size:=\"\" text-align:=\"\" background-color:=\"\">内容</span><span style=\"color: rgb(85, 85, 85); font-family: \" microsoft=\"\" hiragino=\"\" sans=\"\" helvetica=\"\" wenquanyi=\"\" micro=\"\" font-size:=\"\" text-align:=\"\" background-color:=\"\">内容</span><span style=\"color: rgb(85, 85, 85); font-family: \" microsoft=\"\" hiragino=\"\" sans=\"\" helvetica=\"\" wenquanyi=\"\" micro=\"\" font-size:=\"\" text-align:=\"\" background-color:=\"\">内容</span><span style=\"color: rgb(85, 85, 85); font-family: \" microsoft=\"\" hiragino=\"\" sans=\"\" helvetica=\"\" wenquanyi=\"\" micro=\"\" font-size:=\"\" text-align:=\"\" background-color:=\"\">内容</span><span style=\"color: rgb(85, 85, 85); font-family: \" microsoft=\"\" hiragino=\"\" sans=\"\" helvetica=\"\" wenquanyi=\"\" micro=\"\" font-size:=\"\" text-align:=\"\" background-color:=\"\">内容</span><span style=\"color: rgb(85, 85, 85); font-family: \" microsoft=\"\" hiragino=\"\" sans=\"\" helvetica=\"\" wenquanyi=\"\" micro=\"\" font-size:=\"\" text-align:=\"\" background-color:=\"\">内容</span><span style=\"color: rgb(85, 85, 85); font-family: \" microsoft=\"\" hiragino=\"\" sans=\"\" helvetica=\"\" wenquanyi=\"\" micro=\"\" font-size:=\"\" text-align:=\"\" background-color:=\"\">内容</span><span style=\"color: rgb(85, 85, 85); font-family: \" microsoft=\"\" hiragino=\"\" sans=\"\" helvetica=\"\" wenquanyi=\"\" micro=\"\" font-size:=\"\" text-align:=\"\" background-color:=\"\">内容</span><span style=\"color: rgb(85, 85, 85); font-family: \" microsoft=\"\" hiragino=\"\" sans=\"\" helvetica=\"\" wenquanyi=\"\" micro=\"\" font-size:=\"\" text-align:=\"\" background-color:=\"\">内容</span><span style=\"color: rgb(85, 85, 85); font-family: \" microsoft=\"\" hiragino=\"\" sans=\"\" helvetica=\"\" wenquanyi=\"\" micro=\"\" font-size:=\"\" text-align:=\"\" background-color:=\"\">内容</span><span style=\"color: rgb(85, 85, 85); font-family: \" microsoft=\"\" hiragino=\"\" sans=\"\" helvetica=\"\" wenquanyi=\"\" micro=\"\" font-size:=\"\" text-align:=\"\" background-color:=\"\">内容</span><span style=\"color: rgb(85, 85, 85); font-family: \" microsoft=\"\" hiragino=\"\" sans=\"\" helvetica=\"\" wenquanyi=\"\" micro=\"\" font-size:=\"\" text-align:=\"\" background-color:=\"\">内容</span><span style=\"color: rgb(85, 85, 85); font-family: \" microsoft=\"\" hiragino=\"\" sans=\"\" helvetica=\"\" wenquanyi=\"\" micro=\"\" font-size:=\"\" text-align:=\"\" background-color:=\"\">内容</span><span style=\"color: rgb(85, 85, 85); font-family: \" microsoft=\"\" hiragino=\"\" sans=\"\" helvetica=\"\" wenquanyi=\"\" micro=\"\" font-size:=\"\" text-align:=\"\" background-color:=\"\">内容</span><span style=\"color: rgb(85, 85, 85); font-family: \" microsoft=\"\" hiragino=\"\" sans=\"\" helvetica=\"\" wenquanyi=\"\" micro=\"\" font-size:=\"\" text-align:=\"\" background-color:=\"\">内容</span><span style=\"color: rgb(85, 85, 85); font-family: \" microsoft=\"\" hiragino=\"\" sans=\"\" helvetica=\"\" wenquanyi=\"\" micro=\"\" font-size:=\"\" text-align:=\"\" background-color:=\"\">内容</span><span style=\"color: rgb(85, 85, 85); font-family: \" microsoft=\"\" hiragino=\"\" sans=\"\" helvetica=\"\" wenquanyi=\"\" micro=\"\" font-size:=\"\" text-align:=\"\" background-color:=\"\">内容</span><span style=\"color: rgb(85, 85, 85); font-family: \" microsoft=\"\" hiragino=\"\" sans=\"\" helvetica=\"\" wenquanyi=\"\" micro=\"\" font-size:=\"\" text-align:=\"\" background-color:=\"\">内容</span><span style=\"color: rgb(85, 85, 85); font-family: \" microsoft=\"\" hiragino=\"\" sans=\"\" helvetica=\"\" wenquanyi=\"\" micro=\"\" font-size:=\"\" text-align:=\"\" background-color:=\"\">内容</span><span style=\"color: rgb(85, 85, 85); font-family: \" microsoft=\"\" hiragino=\"\" sans=\"\" helvetica=\"\" wenquanyi=\"\" micro=\"\" font-size:=\"\" text-align:=\"\" background-color:=\"\">内容</span><span style=\"color: rgb(85, 85, 85); font-family: \" microsoft=\"\" hiragino=\"\" sans=\"\" helvetica=\"\" wenquanyi=\"\" micro=\"\" font-size:=\"\" text-align:=\"\" background-color:=\"\">内容</span><span style=\"color: rgb(85, 85, 85); font-family: \" microsoft=\"\" hiragino=\"\" sans=\"\" helvetica=\"\" wenquanyi=\"\" micro=\"\" font-size:=\"\" text-align:=\"\" background-color:=\"\">内容</span><span style=\"color: rgb(85, 85, 85); font-family: \" microsoft=\"\" hiragino=\"\" sans=\"\" helvetica=\"\" wenquanyi=\"\" micro=\"\" font-size:=\"\" text-align:=\"\" background-color:=\"\">内容</span><span style=\"color: rgb(85, 85, 85); font-family: \" microsoft=\"\" hiragino=\"\" sans=\"\" helvetica=\"\" wenquanyi=\"\" micro=\"\" font-size:=\"\" text-align:=\"\" background-color:=\"\">内容</span><span style=\"color: rgb(85, 85, 85); font-family: \" microsoft=\"\" hiragino=\"\" sans=\"\" helvetica=\"\" wenquanyi=\"\" micro=\"\" font-size:=\"\" text-align:=\"\" background-color:=\"\">内容</span><span style=\"color: rgb(85, 85, 85); font-family: \" microsoft=\"\" hiragino=\"\" sans=\"\" helvetica=\"\" wenquanyi=\"\" micro=\"\" font-size:=\"\" text-align:=\"\" background-color:=\"\">内容</span><span style=\"color: rgb(85, 85, 85); font-family: \" microsoft=\"\" hiragino=\"\" sans=\"\" helvetica=\"\" wenquanyi=\"\" micro=\"\" font-size:=\"\" text-align:=\"\" background-color:=\"\">内容</span><span style=\"color: rgb(85, 85, 85); font-family: \" microsoft=\"\" hiragino=\"\" sans=\"\" helvetica=\"\" wenquanyi=\"\" micro=\"\" font-size:=\"\" text-align:=\"\" background-color:=\"\">内容</span><span style=\"color: rgb(85, 85, 85); font-family: \" microsoft=\"\" hiragino=\"\" sans=\"\" helvetica=\"\" wenquanyi=\"\" micro=\"\" font-size:=\"\" text-align:=\"\" background-color:=\"\">内容</span><span style=\"color: rgb(85, 85, 85); font-family: \" microsoft=\"\" hiragino=\"\" sans=\"\" helvetica=\"\" wenquanyi=\"\" micro=\"\" font-size:=\"\" text-align:=\"\" background-color:=\"\">内容</span><span style=\"color: rgb(85, 85, 85); font-family: \" microsoft=\"\" hiragino=\"\" sans=\"\" helvetica=\"\" wenquanyi=\"\" micro=\"\" font-size:=\"\" text-align:=\"\" background-color:=\"\">内容</span><span style=\"color: rgb(85, 85, 85); font-family: \" microsoft=\"\" hiragino=\"\" sans=\"\" helvetica=\"\" wenquanyi=\"\" micro=\"\" font-size:=\"\" text-align:=\"\" background-color:=\"\">内容</span><span style=\"color: rgb(85, 85, 85); font-family: \" microsoft=\"\" hiragino=\"\" sans=\"\" helvetica=\"\" wenquanyi=\"\" micro=\"\" font-size:=\"\" text-align:=\"\" background-color:=\"\">内容</span><span style=\"color: rgb(85, 85, 85); font-family: \" microsoft=\"\" hiragino=\"\" sans=\"\" helvetica=\"\" wenquanyi=\"\" micro=\"\" font-size:=\"\" text-align:=\"\" background-color:=\"\">内容</span><span style=\"color: rgb(85, 85, 85); font-family: \" microsoft=\"\" hiragino=\"\" sans=\"\" helvetica=\"\" wenquanyi=\"\" micro=\"\" font-size:=\"\" text-align:=\"\" background-color:=\"\">内容</span><span style=\"color: rgb(85, 85, 85); font-family: \" microsoft=\"\" hiragino=\"\" sans=\"\" helvetica=\"\" wenquanyi=\"\" micro=\"\" font-size:=\"\" text-align:=\"\" background-color:=\"\">内容</span><span style=\"color: rgb(85, 85, 85); font-family: \" microsoft=\"\" hiragino=\"\" sans=\"\" helvetica=\"\" wenquanyi=\"\" micro=\"\" font-size:=\"\" text-align:=\"\" background-color:=\"\">内容</span><span style=\"color: rgb(85, 85, 85); font-family: \" microsoft=\"\" hiragino=\"\" sans=\"\" helvetica=\"\" wenquanyi=\"\" micro=\"\" font-size:=\"\" text-align:=\"\" background-color:=\"\">内容</span><span style=\"color: rgb(85, 85, 85); font-family: \" microsoft=\"\" hiragino=\"\" sans=\"\" helvetica=\"\" wenquanyi=\"\" micro=\"\" font-size:=\"\" text-align:=\"\" background-color:=\"\">内容</span><span style=\"color: rgb(85, 85, 85); font-family: \" microsoft=\"\" hiragino=\"\" sans=\"\" helvetica=\"\" wenquanyi=\"\" micro=\"\" font-size:=\"\" text-align:=\"\" background-color:=\"\">内容</span><span style=\"color: rgb(85, 85, 85); font-family: \" microsoft=\"\" hiragino=\"\" sans=\"\" helvetica=\"\" wenquanyi=\"\" micro=\"\" font-size:=\"\" text-align:=\"\" background-color:=\"\">内容</span><span style=\"color: rgb(85, 85, 85); font-family: \" microsoft=\"\" hiragino=\"\" sans=\"\" helvetica=\"\" wenquanyi=\"\" micro=\"\" font-size:=\"\" text-align:=\"\" background-color:=\"\">内容</span><span style=\"color: rgb(85, 85, 85); font-family: \" microsoft=\"\" hiragino=\"\" sans=\"\" helvetica=\"\" wenquanyi=\"\" micro=\"\" font-size:=\"\" text-align:=\"\" background-color:=\"\">内容</span><span style=\"color: rgb(85, 85, 85); font-family: \" microsoft=\"\" hiragino=\"\" sans=\"\" helvetica=\"\" wenquanyi=\"\" micro=\"\" font-size:=\"\" text-align:=\"\" background-color:=\"\">内容</span><span style=\"color: rgb(85, 85, 85); font-family: \" microsoft=\"\" hiragino=\"\" sans=\"\" helvetica=\"\" wenquanyi=\"\" micro=\"\" font-size:=\"\" text-align:=\"\" background-color:=\"\">内容</span><span style=\"color: rgb(85, 85, 85); font-family: \" microsoft=\"\" hiragino=\"\" sans=\"\" helvetica=\"\" wenquanyi=\"\" micro=\"\" font-size:=\"\" text-align:=\"\" background-color:=\"\">内容</span><span style=\"color: rgb(85, 85, 85); font-family: \" microsoft=\"\" hiragino=\"\" sans=\"\" helvetica=\"\" wenquanyi=\"\" micro=\"\" font-size:=\"\" text-align:=\"\" background-color:=\"\">内容</span><span style=\"color: rgb(85, 85, 85); font-family: \" microsoft=\"\" hiragino=\"\" sans=\"\" helvetica=\"\" wenquanyi=\"\" micro=\"\" font-size:=\"\" text-align:=\"\" background-color:=\"\">内容</span><span style=\"color: rgb(85, 85, 85); font-family: \" microsoft=\"\" hiragino=\"\" sans=\"\" helvetica=\"\" wenquanyi=\"\" micro=\"\" font-size:=\"\" text-align:=\"\" background-color:=\"\">内容</span><span style=\"color: rgb(85, 85, 85); font-family: \" microsoft=\"\" hiragino=\"\" sans=\"\" helvetica=\"\" wenquanyi=\"\" micro=\"\" font-size:=\"\" text-align:=\"\" background-color:=\"\">内容</span><span style=\"color: rgb(85, 85, 85); font-family: \" microsoft=\"\" hiragino=\"\" sans=\"\" helvetica=\"\" wenquanyi=\"\" micro=\"\" font-size:=\"\" text-align:=\"\" background-color:=\"\">内容</span><span style=\"color: rgb(85, 85, 85); font-family: \" microsoft=\"\" hiragino=\"\" sans=\"\" helvetica=\"\" wenquanyi=\"\" micro=\"\" font-size:=\"\" text-align:=\"\" background-color:=\"\">内容</span><span style=\"color: rgb(85, 85, 85); font-family: \" microsoft=\"\" hiragino=\"\" sans=\"\" helvetica=\"\" wenquanyi=\"\" micro=\"\" font-size:=\"\" text-align:=\"\" background-color:=\"\">内容</span><span style=\"color: rgb(85, 85, 85); font-family: \" microsoft=\"\" hiragino=\"\" sans=\"\" helvetica=\"\" wenquanyi=\"\" micro=\"\" font-size:=\"\" text-align:=\"\" background-color:=\"\">内容</span><span style=\"color: rgb(85, 85, 85); font-family: \" microsoft=\"\" hiragino=\"\" sans=\"\" helvetica=\"\" wenquanyi=\"\" micro=\"\" font-size:=\"\" text-align:=\"\" background-color:=\"\">内容</span><span style=\"color: rgb(85, 85, 85); font-family: \" microsoft=\"\" hiragino=\"\" sans=\"\" helvetica=\"\" wenquanyi=\"\" micro=\"\" font-size:=\"\" text-align:=\"\" background-color:=\"\">内容</span><span style=\"color: rgb(85, 85, 85); font-family: \" microsoft=\"\" hiragino=\"\" sans=\"\" helvetica=\"\" wenquanyi=\"\" micro=\"\" font-size:=\"\" text-align:=\"\" background-color:=\"\">内容</span><span style=\"color: rgb(85, 85, 85); font-family: \" microsoft=\"\" hiragino=\"\" sans=\"\" helvetica=\"\" wenquanyi=\"\" micro=\"\" font-size:=\"\" text-align:=\"\" background-color:=\"\">内容</span><span style=\"color: rgb(85, 85, 85); font-family: \" microsoft=\"\" hiragino=\"\" sans=\"\" helvetica=\"\" wenquanyi=\"\" micro=\"\" font-size:=\"\" text-align:=\"\" background-color:=\"\">内容</span><span style=\"color: rgb(85, 85, 85); font-family: \" microsoft=\"\" hiragino=\"\" sans=\"\" helvetica=\"\" wenquanyi=\"\" micro=\"\" font-size:=\"\" text-align:=\"\" background-color:=\"\">内容</span><span style=\"color: rgb(85, 85, 85); font-family: \" microsoft=\"\" hiragino=\"\" sans=\"\" helvetica=\"\" wenquanyi=\"\" micro=\"\" font-size:=\"\" text-align:=\"\" background-color:=\"\">内容</span><span style=\"background-color: rgb(255, 255, 255); color: rgb(85, 85, 85); font-family: \" microsoft=\"\" hiragino=\"\" sans=\"\" helvetica=\"\" wenquanyi=\"\" micro=\"\" font-size:=\"\" text-align:=\"\">内容</span><span style=\"color: rgb(85, 85, 85); font-family: \" microsoft=\"\" hiragino=\"\" sans=\"\" helvetica=\"\" wenquanyi=\"\" micro=\"\" font-size:=\"\" text-align:=\"\" background-color:=\"\">内容</span><span style=\"color: rgb(85, 85, 85); font-family: \" microsoft=\"\" hiragino=\"\" sans=\"\" helvetica=\"\" wenquanyi=\"\" micro=\"\" font-size:=\"\" text-align:=\"\" background-color:=\"\">内容</span><span style=\"color: rgb(85, 85, 85); font-family: \" microsoft=\"\" hiragino=\"\" sans=\"\" helvetica=\"\" wenquanyi=\"\" micro=\"\" font-size:=\"\" text-align:=\"\" background-color:=\"\">内容</span><span style=\"color: rgb(85, 85, 85); font-family: \" microsoft=\"\" hiragino=\"\" sans=\"\" helvetica=\"\" wenquanyi=\"\" micro=\"\" font-size:=\"\" text-align:=\"\" background-color:=\"\">内容</span><span style=\"color: rgb(85, 85, 85); font-family: \" microsoft=\"\" hiragino=\"\" sans=\"\" helvetica=\"\" wenquanyi=\"\" micro=\"\" font-size:=\"\" text-align:=\"\" background-color:=\"\">内容</span><span style=\"color: rgb(85, 85, 85); font-family: \" microsoft=\"\" hiragino=\"\" sans=\"\" helvetica=\"\" wenquanyi=\"\" micro=\"\" font-size:=\"\" text-align:=\"\" background-color:=\"\">内容</span><span style=\"color: rgb(85, 85, 85); font-family: \" microsoft=\"\" hiragino=\"\" sans=\"\" helvetica=\"\" wenquanyi=\"\" micro=\"\" font-size:=\"\" text-align:=\"\" background-color:=\"\">内容</span><span style=\"color: rgb(85, 85, 85); font-family: \" microsoft=\"\" hiragino=\"\" sans=\"\" helvetica=\"\" wenquanyi=\"\" micro=\"\" font-size:=\"\" text-align:=\"\" background-color:=\"\">内容</span><span style=\"color: rgb(85, 85, 85); font-family: \" microsoft=\"\" hiragino=\"\" sans=\"\" helvetica=\"\" wenquanyi=\"\" micro=\"\" font-size:=\"\" text-align:=\"\" background-color:=\"\">内容</span><span style=\"color: rgb(85, 85, 85); font-family: \" microsoft=\"\" hiragino=\"\" sans=\"\" helvetica=\"\" wenquanyi=\"\" micro=\"\" font-size:=\"\" text-align:=\"\" background-color:=\"\">内容</span><span style=\"background-color: rgb(255, 255, 255); color: rgb(85, 85, 85); font-family: \" microsoft=\"\" hiragino=\"\" sans=\"\" helvetica=\"\" wenquanyi=\"\" micro=\"\" font-size:=\"\" text-align:=\"\">内容</span><span style=\"color: rgb(85, 85, 85); font-family: \" microsoft=\"\" hiragino=\"\" sans=\"\" helvetica=\"\" wenquanyi=\"\" micro=\"\" font-size:=\"\" text-align:=\"\" background-color:=\"\">内容</span><span style=\"color: rgb(85, 85, 85); font-family: \" microsoft=\"\" hiragino=\"\" sans=\"\" helvetica=\"\" wenquanyi=\"\" micro=\"\" font-size:=\"\" text-align:=\"\" background-color:=\"\">内容</span><span style=\"color: rgb(85, 85, 85); font-family: \" microsoft=\"\" hiragino=\"\" sans=\"\" helvetica=\"\" wenquanyi=\"\" micro=\"\" font-size:=\"\" text-align:=\"\" background-color:=\"\">内容</span><span style=\"color: rgb(85, 85, 85); font-family: \" microsoft=\"\" hiragino=\"\" sans=\"\" helvetica=\"\" wenquanyi=\"\" micro=\"\" font-size:=\"\" text-align:=\"\" background-color:=\"\">内容11112222</span></p>', '10', '2019-05-05 15:32:07', '2019-05-05 15:32:07');

-- ----------------------------
-- Table structure for time_line
-- ----------------------------
DROP TABLE IF EXISTS `time_line`;
CREATE TABLE `time_line`  (
  `id` bigint(20) NOT NULL AUTO_INCREMENT,
  `title` varchar(255) CHARACTER SET utf8 COLLATE utf8_general_ci DEFAULT NULL,
  `content` text CHARACTER SET utf8 COLLATE utf8_general_ci,
  `time` datetime DEFAULT NULL,
  `is_show` tinyint(1) DEFAULT 1,
  `created_at` datetime DEFAULT NULL,
  `updated_at` datetime DEFAULT NULL,
  `year` bigint(20) DEFAULT NULL,
  PRIMARY KEY (`id`) USING BTREE
) ENGINE = InnoDB AUTO_INCREMENT = 5 CHARACTER SET = utf8 COLLATE = utf8_general_ci ROW_FORMAT = Compact;

-- ----------------------------
-- Records of time_line
-- ----------------------------
INSERT INTO `time_line` VALUES (1, '时光1', '<p>完成layer模板静态页面绑定</p>', '2019-05-17 20:59:09', 1, '2019-05-17 20:19:17', '2019-05-20 13:35:20', 2019);
INSERT INTO `time_line` VALUES (2, '时光2', '<p>完成后台博客管理《时光轴》模块</p>', '2019-05-18 13:36:08', 1, '2019-05-17 20:56:19', '2019-05-20 13:36:50', 2019);
INSERT INTO `time_line` VALUES (3, '时光3', '<p>绑定《点点滴滴》模块的动态数据Ajax请求填充数据...</p>', '2019-05-20 13:36:57', 1, '2019-05-17 21:00:46', '2019-05-20 13:37:44', 2019);
INSERT INTO `time_line` VALUES (4, '时光4', '<p>完成《关于本站》的数据静态数据页面，后台管理内容，并已填充动态数据...<br/></p>', '2019-05-20 19:13:27', 1, '2019-05-20 19:15:27', '2019-05-20 19:15:34', 2019);

-- ----------------------------
-- Table structure for user_qq_info
-- ----------------------------
DROP TABLE IF EXISTS `user_qq_info`;
CREATE TABLE `user_qq_info`  (
  `id` bigint(20) NOT NULL AUTO_INCREMENT,
  `user_id` bigint(20) NOT NULL,
  `nick_name` varchar(255) CHARACTER SET utf8 COLLATE utf8_general_ci NOT NULL,
  `openid` varchar(255) CHARACTER SET utf8 COLLATE utf8_general_ci NOT NULL,
  `gender` varchar(255) CHARACTER SET utf8 COLLATE utf8_general_ci NOT NULL,
  `image` varchar(255) CHARACTER SET utf8 COLLATE utf8_general_ci NOT NULL,
  `province` varchar(255) CHARACTER SET utf8 COLLATE utf8_general_ci DEFAULT NULL,
  `city` varchar(255) CHARACTER SET utf8 COLLATE utf8_general_ci DEFAULT NULL,
  `constellation` varchar(255) CHARACTER SET utf8 COLLATE utf8_general_ci DEFAULT NULL,
  `year` varchar(255) CHARACTER SET utf8 COLLATE utf8_general_ci DEFAULT NULL,
  `vip` varchar(2) CHARACTER SET utf8 COLLATE utf8_general_ci DEFAULT NULL,
  `created_at` datetime DEFAULT NULL,
  `updated_at` datetime DEFAULT NULL,
  PRIMARY KEY (`id`) USING BTREE
) ENGINE = InnoDB AUTO_INCREMENT = 6 CHARACTER SET = utf8 COLLATE = utf8_general_ci ROW_FORMAT = Compact;

-- ----------------------------
-- Records of user_qq_info
-- ----------------------------
INSERT INTO `user_qq_info` VALUES (3, 6, '湮灭', 'E384160BFDEBE68C0E36310456918B4E', '男', 'http://thirdqq.qlogo.cn/g?b=oidb&k=QkRLXHsX7s3LDpVQKDiaXbg&s=100', '广东', '深圳', '', '1998', '0', '2019-07-10 19:44:52', '2019-07-10 19:44:52');
INSERT INTO `user_qq_info` VALUES (5, 8, '幻灭', '85096FD1EE186099CF3B33EDEC5E2E80', '男', 'http://thirdqq.qlogo.cn/g?b=oidb&k=RpyibhxwDEP3ZlLgZCApuVQ&s=100', '', '', '', '0', '0', '2019-07-10 21:10:11', '2019-07-10 21:10:11');

-- ----------------------------
-- Table structure for users
-- ----------------------------
DROP TABLE IF EXISTS `users`;
CREATE TABLE `users`  (
  `id` bigint(20) NOT NULL AUTO_INCREMENT,
  `name` varchar(255) CHARACTER SET utf8 COLLATE utf8_general_ci NOT NULL,
  `sex` int(11) NOT NULL DEFAULT 1,
  `phone` varchar(255) CHARACTER SET utf8 COLLATE utf8_general_ci DEFAULT NULL,
  `email` varchar(255) CHARACTER SET utf8 COLLATE utf8_general_ci DEFAULT NULL,
  `city` varchar(255) CHARACTER SET utf8 COLLATE utf8_general_ci DEFAULT NULL,
  `head_img` varchar(255) CHARACTER SET utf8 COLLATE utf8_general_ci DEFAULT NULL,
  `password` varchar(255) CHARACTER SET utf8 COLLATE utf8_general_ci DEFAULT NULL,
  `is_lock` tinyint(1) DEFAULT 1,
  `login_count` int(11) NOT NULL DEFAULT 0,
  `last_login` datetime DEFAULT NULL,
  `created_at` datetime DEFAULT NULL,
  `updated_at` datetime DEFAULT NULL,
  `hot_count` int(11) NOT NULL DEFAULT 0,
  `level` int(11) NOT NULL DEFAULT 0,
  PRIMARY KEY (`id`) USING BTREE,
  UNIQUE INDEX `UQE_users_name`(`name`) USING BTREE
) ENGINE = InnoDB AUTO_INCREMENT = 9 CHARACTER SET = utf8 COLLATE = utf8_general_ci ROW_FORMAT = Compact;

-- ----------------------------
-- Records of users
-- ----------------------------
INSERT INTO `users` VALUES (1, 'tang', 1, '123456', 'admin@admin.com', '', '/uploads/images/2018/1205/4413a9d2-e269-45c3-892e-302f732560f0.jpg', '202cb962ac59075b964b07152d234b70', 0, 0, NULL, '2018-11-28 22:08:58', '2019-07-12 17:45:25', 0, 0);
INSERT INTO `users` VALUES (2, '张三', 1, '1234569999999', '456@qq.com', '北京', '/uploads/images/2018/1205/4413a9d2-e269-45c3-892e-302f732560f0.jpg', 'e10adc3949ba59abbe56e057f20f883e', 0, 0, NULL, '2018-12-07 14:51:30', '2019-07-12 17:45:25', 0, 0);
INSERT INTO `users` VALUES (3, '李四', 2, '456', '123@qq.com', '上海', '/uploads/images/2018/1205/4413a9d2-e269-45c3-892e-302f732560f0.jpg', 'e10adc3949ba59abbe56e057f20f883e', 0, 0, NULL, '2018-12-07 14:51:30', '2019-07-12 17:45:25', 0, 0);
INSERT INTO `users` VALUES (6, '湮灭', 1, '', '', '广东深圳', 'http://thirdqq.qlogo.cn/g?b=oidb&k=QkRLXHsX7s3LDpVQKDiaXbg&s=100', '', 0, 1, NULL, '2019-07-10 19:44:52', '2019-07-16 20:54:00', 10, 1);
INSERT INTO `users` VALUES (8, '幻灭', 1, '', '', '', 'http://thirdqq.qlogo.cn/g?b=oidb&k=RpyibhxwDEP3ZlLgZCApuVQ&s=100', '', 0, 1, NULL, '2019-07-10 21:10:11', '2019-07-12 17:45:25', 0, 0);

-- ----------------------------
-- Table structure for video
-- ----------------------------
DROP TABLE IF EXISTS `video`;
CREATE TABLE `video`  (
  `id` bigint(20) NOT NULL AUTO_INCREMENT,
  `title` varchar(255) CHARACTER SET utf8 COLLATE utf8_general_ci NOT NULL,
  `remark` varchar(255) CHARACTER SET utf8 COLLATE utf8_general_ci DEFAULT NULL,
  `url` varchar(255) CHARACTER SET utf8 COLLATE utf8_general_ci DEFAULT NULL,
  `img_url` varchar(255) CHARACTER SET utf8 COLLATE utf8_general_ci DEFAULT NULL,
  `created_at` datetime DEFAULT NULL,
  `updated_at` datetime DEFAULT NULL,
  PRIMARY KEY (`id`) USING BTREE
) ENGINE = InnoDB AUTO_INCREMENT = 3 CHARACTER SET = utf8 COLLATE = utf8_general_ci ROW_FORMAT = Compact;

-- ----------------------------
-- Records of video
-- ----------------------------
INSERT INTO `video` VALUES (2, '111', '5', '2', '3', '2018-10-11 21:54:39', '2019-04-30 15:27:31');

SET FOREIGN_KEY_CHECKS = 1;
